joãonaband; 3 
democraciasim; 2 
calabocaciro; 2 
forçabolsonaro; 2 
geraldo45; 1 
geraldopresidente; 1 
bemvindojair; 1 
obrigadosenhor; 1 
doriafalsiane; 1 
deusnocontrole; 1 
forarodinei; 1 
meubolsominionsecreto; 1 
fakenews; 1 
vamosrenovartudo; 1 
calabocagentilli; 1 
falamaisgentili; 1 
bolsonaronaoecorrupto; 1 
porconosandes; 1 
eleições2018; 1 
mariellefranco; 1 
elesnao; 1 
marcaaesquerda; 1 
b17; 1 
falamaisgentilli; 1 
lulainelegivel; 1 
bolsonaronaband; 1 
bolsonaropresidente17; 1 
rouanetnão; 1 
soudedireitaporque; 1 
bolsonaronarecord; 1 
votobolsonaro17; 1 
mulherescombolsonaro; 1 
mudabrasil; 1 
lulaépresidiario; 1 
direitaunida; 1 
lulainelegível; 1 
lulaépresidiário; 1 
mulherescontraofascismo; 1 
joãonaband; 3 
debateredetv; 2 
democraciasim; 2 
calabocaciro; 2 
forçabolsonaro; 2 
geraldo45; 1 
geraldopresidente; 1 
bemvindojair; 1 
obrigadosenhor; 1 
doriafalsiane; 1 
deusnocontrole; 1 
fakenews; 1 
vamosrenovartudo; 1 
calabocagentilli; 1 
falamaisgentili; 1 
bolsonaronaoecorrupto; 1 
qdeusabencoemais; 1 
mengodefé; 1 
eleições2018; 1 
mariellefranco; 1 
elesnao; 1 
marcaaesquerda; 1 
b17; 1 
falamaisgentilli; 1 
lulainelegivel; 1 
bolsonaronaband; 1 
bolsonaropresidente17; 1 
rouanetnão; 1 
soudedireitaporque; 1 
elesim; 1 
bolsonaronarecord; 1 
votobolsonaro17; 1 
mulherescombolsonaro; 1 
mudabrasil; 1 
lulaépresidiario; 1 
direitaunida; 1 
lulainelegível; 1 
lulaépresidiário; 1 
mulherescontraofascismo; 1
