elenão; 149 
elenunca; 83 
elenao; 83 
ahora; 23 
bolsonaronojornalnacional; 21 
eusoulula; 16 
ciro12; 16 
debateredetv; 16 
meubolsominionsecreto; 15 
haddadpresidente; 15 
lulalivre; 13 
mulherescontraobolsonaro; 12 
eleições2018; 12 
haddadélula; 11 
lulapresidente; 11 
haddadélulanojn; 11 
debateaparecida; 11 
sentagostosobozo; 10 
mulherescontrabolsonaro; 9 
elejamais; 9 
elasim; 9 
ciropresidente; 9 
manunojaburu; 9 
democraciasim; 7 
votofemenino; 7 
brasil; 7 
bolsonaro; 7 
calabocagentilli; 7 
ciraonosegundoturno; 7 
museunacional; 7 
bastadeajuste; 6 
cambiemos; 6 
euquerobolsonaro; 6 
afazenda; 6 
moreno; 6 
lulanasurnastse; 6 
reviravoltanaeleicao; 6 
mulherescontraofascismo; 5 
fakenews; 5 
pergunteaociro12; 5 
jornalnacional; 5 
lulalivrejá; 5 
mariellepresente; 5 
lula; 5 
apoiehaddadmanu; 5 
timelula; 5 
bolsonaro17; 5 
mulheresunidascontrabolsonaro; 4 
quemmandoumatarbolsonaro; 4 
economiaenpicada; 4 	
bolivia; 4 
peñaleaks; 4 
mostraonuglobo; 4 
sabadodetremurasdv; 4 
jairbolsonaro; 4 
votomarinapq; 4 
brasilcommarina; 4 
reclamoaquinotwitterpq; 4 
lulamanuhaddad; 4 
forcabolsonaro; 4 
vote13; 4 
obrasilfelizdenovo; 4 
uolnasurnas; 4 
mulherescombolsonaro; 4  
perú; 4 
trump; 3 
fantástico; 3 
diadeljubilado; 3 
guatemala; 3 
colombia; 3 
fantastico; 3 
bottledupoutnow; 3 
haddad13presidente; 3 
foratemer; 3 
jairmessiasbolsonaro; 3 
haddad13; 3 
elenaoelenunca; 3 
lulaécandidato; 3 
universidadpublicaporsiempre; 3 
jornaldaglobo; 3 
hugochávez; 3 
bolsonaropresidente17; 3 
lutomuseunacional; 3 
cironosegundoturno; 3 
eleicoes2018; 3 
mariellefranco; 3 
bolsonaronãoécorrupto; 3 
uruguay; 3 
venezolanos; 3 
cironojornalnacional; 3 
bolsonaronão; 3 
eibozonarovaitomarnocu; 3 
rouanetnão; 3 
brazil; 3 
votemarina18; 3 
marina18; 3 
chile; 3 
lulaéhaddad; 2 
ibope; 2 
elecciones; 2 
textaocientifico; 2 
córdoba; 2 
méxico; 2 
otrachanguitaparaarietto; 2 
cordoba; 2 
niunamenos; 2 
noalfmi; 2 
chequeenfuturock; 2 
retenciones; 2 
ladel68; 2 
instagram; 2 
belgrano; 2 
efemérides; 2 
goldelmes; 2 
caxiastacombinado; 2 
flaviodinovo; 2 
flaviodino65; 2 
conchavezvenceremos; 2 
sismo; 2 
sansalvador; 2 
elsalvador; 2 
nicaragua; 2 
haddadelulanojn; 2 
virgem; 2 
haddadelula; 2 
spfctv; 2 
bolsolixo; 2 
altadata; 2 
runtastic; 2 
bonderenault; 2 
masterchefprofissionais; 2 
rosario; 2 
fueraelfmi; 2 
universidadpública; 2 
santafe; 2 
fuerafmi; 2 
captainmarvel; 2 
filosofia; 2 
doglover; 2 
quintadetremurasdv; 2 
wrc; 2 
sharpobjects; 2 
desafiodapuberdade; 2 
music; 2 
lastfm; 2 
fsrádiobrasil; 2 
aupfoxsports; 2 
cruxfla; 2 
bbdebate; 2 
bomdiafoxsexta; 2 
flamengo; 2 
israel; 2 
lacosacomoes; 2 
fde; 2 
follow; 2 
domingodetremurasdv; 2 
spidermanps4; 2 
twitter; 2 
gêmeos; 2 
horadecierre; 2 
enelnombredelpueblo; 2 
yemen; 2 
ospingosnosis; 2 
leninchao; 2 
entrevista; 2 
mashifotochallenge; 2 
comodoro; 2 
víctorjara; 2 
problemaseuclipe; 2 
g1; 2 
superdrags; 2 
forçabolsonaro; 2 
pt; 2 
meubolsominonsecreto; 2 
marinanojornalnacional; 2 
facadafake; 2 
juntassomosmaisfortes; 2 
aoscurasmedarisa; 2 
encuesta; 2 
ursoo; 2 
hopeonthestreet; 2 
ciropresidente12; 2 
ciro2018; 2 
nadjaguerreira; 2 
eusouhaddad; 2 
debatenaredetv; 2 
brasileiraonosportv; 2 
pcas; 2 
nãoaguentogenteque; 2 
nojo; 2 
boulosnaredetv; 2 
onugarantelula; 2 
aquário; 2 
enterate; 2 
correa; 2 
conmebollibertadores; 2 
bocajuniors; 2 
michaeljacksonday; 2 
fomedeséries; 2 
voudeciroporque; 2 
lavajato; 2 
grêmio115anos; 2 
exclusivo; 2 
trabajo; 2 
felizlunes; 2 
gameover; 2 
vidalesresponsable; 2 
vidalreprime; 2 
astilleroríosantiago; 2 
justdoit; 2 
blanc7; 2 
kpop; 2 
annewithane; 2 
joãonaband; 2 
presupuestodelajuste; 2 
presupuesto2019; 2 
felizdomingo; 2 
11sep; 2 
fiscalía; 2 
ciencia; 2 
undíacomohoy; 2 
seguro; 2 
primos; 2 
paraiba; 2 
educacao; 2 
premierleagueredetv; 2 
boatardefox; 2 
libertadoresfoxsports; 2 
lavueltaeselestadio; 2 
otemponãopara; 2 
milhoescombolsonaro; 2 
nflnaespn; 2 
unmdp; 2 
nuncamas; 2 
syria; 2 
idlib; 2 
vempramassa; 2 
elesnunca; 2 
riodejaneiro; 2 
visibilidadebissexual; 2 
diadavisibilidadebissexual; 2 
repassem; 2 
debatebandrio; 2 
cristinanosetoca; 2 
investimentos; 2 
importante; 2 
13reasonswhy; 2 
nuevafotodeperfil; 2 
fuerzaargentina; 2 
juliolopez; 2 
operacionestratégicadefensiva; 2 
planvueltaalapatria; 2 
almagrorenunciamiserable; 2 
parouniversitario; 2 
rajneeshpuram; 2 
amizade; 2 
arte; 2 
elesporelas; 2 
política; 2 
bivisibilityday; 2 
chateada; 2 
happybirthdaydemi; 2 
tavira; 2 
cultura; 2 
algarve; 2 
democracia; 2 
mobilityweek; 2 
europa; 2 
câncer; 2 
elesim; 2 
timbreo; 2 
senado; 2 
asignacionesfamiliares; 2 
ti8br; 2 
sbt37anos; 2 
telaquente; 2 
haddad; 2 
diadeldetenidodesaparecido; 2 
tormenta; 2 
fichalimpa; 2 
pinkmoney; 2 
ruiva; 2 
amas; 2 
palcopopstar; 2 
sextadetremurasdv; 2 
ps4share; 2 
músicaboaaovivo; 2 
headabovewater; 2 
skoob; 2 
temer; 2 
cuba; 2 
telesurenáfrica; 2 
corremikimba; 2 
semlulaéciro; 2 
sineducacionnohayfuturo; 2 
uba; 2 
sorteo; 2 
diada2018; 2 
endesarrollo; 2 
fail; 2 
meetme; 2 
boatarde; 2 
mediopetroenzk; 2 
dolar; 2 
loshornos; 2 
astilleroriosantiago; 2 
medo; 2 
cironacnbb; 2 
bolsominionsecreto; 2 
engenharia; 2 
river; 2 
dead; 2 
bismarckhéroedelamor; 2 
onu; 2 
vueltanaespn; 2 
bolsonaronunca; 2 
bolsonaronãomerepresenta; 2 
inamehinforma; 2 
thevoicebradil; 1 
ivete; 1 
anitta; 1 
ivetesangalo; 1 
teamlulu; 1 
thevoice; 1 
priscila; 1 
lulahaddadmanu; 1 
cdmx; 1 
lomásvisto; 1 
danielgarza; 1 
amlo; 1 
villahermosa; 1 
tabasco; 1 
afp; 1 
ohleatica; 1 
semefo; 1 
enportada; 1 
naicm; 1 
taldiacomohoy; 1 
mul; 1 
bozonever; 1 
respectariana; 1 
rockinrio; 1 
facaumpedido; 1 
maquinadememes; 1 
tecmundo; 1 
retirement; 1 
quemmatoumarielle; 1 
lulainelegivel; 1 
ecommerce; 1 
bitcoin; 1 
objetivosdedesenvolvimentosustentável; 1 
baurusemdono; 1 
bauru; 1 
crypto; 1 
jovempannewsbauru; 1 
ethereum; 1 
cryptocurrency; 1 
battlefieldv; 1 
xrp; 1 
jackma; 1 
quemmandoumatarjb; 1 
litecoin; 1 
redmi6pro; 1 
boulosresponde; 1 
ancapistao; 1 
alibaba; 1 
japan; 1 
tictocnews; 1 
deputadaestadual; 1 
alessandravieira; 1 
r9iscomingparty; 1 
tiposdefics; 1 
moronacadeia; 1 
moroforadalei; 1 
moromatoupsdb; 1 
morotucano; 1 
fcbb04; 1 
fcbayern; 1 
gutebesserung; 1 
slbfcb; 1 
diemannschaft; 1 
laliga; 1 
esmuellert; 1 
athletic; 1 
s04fcb; 1 
realbetis; 1 
football; 1 
miasanmia; 1 
singaporegp; 1 
gefla; 1 
petkovic46; 1 
floridacup; 1 
ixpónuncaserá; 1 
lafabrica; 1 
santamarta; 1 
saudades; 1 
seguraessa; 1 
todoscontrasíndica; 1 
estabilidadeconomica; 1 
batalladoresdigitales; 1 
estebanecheverría; 1 
bastadeajusteeneducacion; 1 
paritarianacionaldocente; 1 
karinabarbara; 1 
bastadeamenazas; 1 
eduardopereyra; 1 
laentregadelpais; 1 
fonid; 1 
yoparo; 1 
paremoselajuste; 1 
lanochedeloslápices; 1 
andersonpresente; 1 
inverno; 1 
fimdoexpediente; 1 
desbspolly; 1 
opovo; 1 
todeferias; 1 
vcnobemestar; 1 
lunacreciente; 1 
aries; 1 
escorpio; 1 
jupiter; 1 
pasapaladra; 1 
lespuedohacerdaño; 1 
joselopez; 1 
cambiodeepoca; 1 
maestrosque; 1 
infografíaundav; 1 
deremate; 1 
planprimavera; 1 
viernesintratable; 1 
mifotodemauricio; 1 
espantoso; 1 
noteacostumbres; 1 
corinadebonis; 1 
masomenosasi; 1 
buensabado; 1 
braziliannavy; 1 
orgulhoepaixao; 1 
peladinho; 1 
modelo; 1 
yorkshire; 1 
falandodeyoutubers; 1 
uefaawards; 1 
wegotlove; 1 
naosenganem; 1 
saoluis406anos; 1 
womensequalityday; 1 
somostodosminions; 1 
icicestparis; 1 
psgsco; 1 
maicon; 1 
jamaisnoscalarao; 1 
globo; 1 
aovivo; 1 
3refeicoes; 1 
resistencia165dias; 1 
ciro; 1 
clasepolítica; 1 
raidernation; 1 
juzgueusted; 1 
lmfs; 1 
mlbxfox; 1 
gana; 1 
friends; 1 
votojovencarlospaz; 1 
mujerindigena; 1 
justiciaporbertacaceres; 1 
votojovenencarlospaz; 1 
votojoven; 1 
macripremiado; 1 
gobiernodelaciudad; 1 
justiciaporismael; 1 
seráley; 1 
ismaelramirez; 1 
laculturanoseachica; 1 
justiciaporsantiago; 1 
maldonado; 1 
puentepueyrredon; 1 
paronacional; 1 
agrotóxicos; 1 
justiciaporfacundo; 1 
madresdeplazademayo; 1 
fuerzascristina; 1 
digamos; 1 
voto; 1 
día2; 1 
4000abrasil; 1 
memoria; 1 
programación; 1 
poliamor; 1 
cinesocial; 1 
taller; 1 
tomate; 1 
gritodosexcluídos; 1 
bastadeenvenenarnos; 1 
edpaís; 1 
yodefiendolaeducaciónpûblica; 1 
ladróndemicerebro; 1 
diadelmaestro; 1 
chaucha; 1 
socialmedia; 1 
laeducacionnosevendesedefiende; 1 
lapasiónmásgrandedecórdoba; 1 
historia; 1 
luchemos; 1 
aguanterossi910; 1 
ventanas; 1 
capacitación; 1 
invicines; 1 
tranquilon; 1 
uiacontraeltarifazo; 1 
seviene; 1 
kiwi; 1 
cine; 1 
ofertas; 1 
ganaleamenta; 1 
proyección; 1 
mst; 1 
caxiastácombinado; 1 
avante; 1 
ideiasquemovempessoas; 1 
tácombinado; 1 
caxias; 1 
governodetodos; 1 
todospelomaranhão; 1 
maranhãpodetodos; 1 
fláviodinovo; 1 
thewalkingdead; 1 
formationworldtour; 1 
amorgay; 1 
otrii; 1 
ofensivaeconomica; 1 
17ago; 1 
chavismoalacalleporlapaz; 1 
amériquecentrale; 1 
fuerzavenezuela; 1 
uniónaduanera; 1 
el; 1 
fuerzacolombia; 1 
rio; 1 
sahel; 1 
americacentral; 1 
canalampliado; 1 
abousimbel; 1 
bogotá; 1 
costarica; 1 
integracionsica; 1 
ameriquecentrale; 1 
solidaridad; 1 
unañofrance24; 1 
lechiquiermondial; 1 
guatémala; 1 
panama; 1 
esa; 1 
fuerzabogota; 1 
honduras; 1 
solidarité; 1 
admiration; 1 
sacatepeque; 1 
admiracion; 1 
sahara; 1 
santuarioeuapoio; 1 
allurebestofbeauty; 1 
theboldtype; 1 
enpauta; 1 
amazonas1; 1 
conciliação; 1 
debateeleicoes2018; 1 
omarazzi; 1 
band; 1 
governodoamazonas; 1 
alfredonascimento; 1 
empauta; 1 
altashoras; 1 
altas; 1 
1millóndeafiliados; 1 
unmillóndegracias; 1 
mnav; 1 
180añosmuseosuy; 1 
construyendocultura; 1 
mpn18; 1 
redacaosportv; 1 
aquecimentoglobal; 1 
observatóriodoclima; 1 
vemsexta; 1 
sardinha; 1 
lançamento; 1 
perigo; 1 
descaso; 1 
saci; 1 
foraneto; 1 
recadodolula; 1 
queridinhodotite; 1 
saopaulo; 1 
palmeirasfreguesmatamata; 1 
rt; 1 
saopaulofc; 1 
vitxcam; 1 
jurailson_moraes; 1 
missionario_jurailson_original; 1 
missionario_jurailson; 1 
chamaomeirelles; 1 
gemidãodozaprn; 1 
equipehm; 1 
justiçaparalemongrabe; 1 
android; 1 
agostoacabandoeeu; 1 
hastasiemprechicha; 1 
nuncamás; 1 
bastadeajustes; 1 
concejo; 1 
donamédula; 1 
ollaspopulares; 1 
pilar; 1 
enmarcha; 1 
fcpolit; 1 
lavamosaencontrar; 1 
reformaconstitucional; 1 
unr; 1 
abortolegalseguroygratuito; 1 
villaeloisa; 1 
vidas; 1 
emergenciaalimentaria; 1 
diamundialdeldonantedemedulaosea; 1 
ahorremosjuntos; 1 
congresodemocracia2018; 1 
emergenciasocial; 1 
37campamentosanitario; 1 
boçalnaro; 1 
happybirthdayjorge; 1 
amodemais; 1 
eleições2018br; 1 
lovebooks; 1 
feminismo; 1 
homemade; 1 
hsh; 1 
domingando; 1 
dante; 1 
foucault; 1 
historiadasmulheres; 1 
mydoglovesun; 1 
café; 1 
vidademestranda; 1 
wrcturkey; 1 
adacrallye; 1 
acp; 1 
fcporto; 1 
rallygermany; 1 
ipdj; 1 
adacrallyedeutschland; 1 
militão; 1 
fcpmfc; 1 
cfbfcp; 1 
souotipodepessoaq; 1 
musicanaband; 1 
sofazinhonoyoutube; 1 
itamarapinga; 1 
mulherescontraocoiso; 1 
blablablametro; 1 
timbeta; 1 
coffee; 1 
f1driveroftheday; 1 
psychology; 1 
writing; 1 
psicologia; 1 
desk; 1 
italiangp; 1 
outworkyesterday; 1 
chivsgb; 1 
neonparty; 1 
books; 1 
tarcisio50; 1 
lulaépresidiário; 1 
same; 1 
juventudlanús; 1 
jprolanús; 1 
puenteolimpicoriberasur; 1 
juventudlanus; 1 
haciendoloquehayquehacer; 1 
selecaosportv; 1 
trocadepasses; 1 
joganogoogle; 1 
neymar; 1 
bdebate; 1 
pelé; 1 
expedientefutebol; 1 
centralfox; 1 
recibo; 1 
afcxfla; 1 
flaxcsc; 1 
sportscenter; 1 
garotosdoninho; 1 
tenso; 1 
segundafeira; 1 
luizianne1313; 1 
gdp; 1 
fake; 1 
us; 1 
goop; 1 
tradewars; 1 
bandodepaumandado; 1 
mariapress; 1 
camxcap; 1 
libertadores; 1 
galo; 1 
ripjornalismo; 1 
myfirsttweet; 1 
rohingya; 1 
palestine; 1 
google; 1 
palestinian; 1 
judaism; 1 
fredhampton; 1 
blackpanther; 1 
jewish; 1 
jews; 1 
israeli; 1 
socialistsunday; 1 
envídeo; 1 
31minutos; 1 
600familias; 1 
losdejaronenlacalle; 1 
cartasmarcadas; 1 
fiscales; 1 
pabloross; 1 
diariolibre; 1 
elgobiernodelamañana; 1 
ods14; 1 
listasmarcadas; 1 
cdn; 1 
envivocdn; 1 
para2030; 1 
objetivosmundiales; 1 
nextgenundp; 1 
agenda2030rd; 1 
raeconsultas; 1 
concursofiscales; 1 
diademarina18; 1 
anap; 1 
bozonauro2018; 1 
sinpalabras; 1 
jaehfinaldeagostoeu; 1 
tudoseriamelhorse; 1 
khloeterae; 1 
eledejeitonenhumnão; 1 
itsmylife; 1 
brasilfelizdenovo; 1 
jackkirby; 1 
wce; 1 
haddadpresidente13; 1 
haddatpresidente13; 1 
vamosvirarfogo; 1 
falamaisgentili; 1 
vaipegarfogo; 1 
queremosobi; 1 
fato; 1 
tattoo; 1 
universidadpublica; 1 
racing; 1 
vidasracinguistas; 1 
universidadpublicasiempre; 1 
crisisargentina; 1 
azureday; 1 
compol; 1 
emirkusturica; 1 
biennalecinema2018; 1 
10años; 1 
win; 1 
unga; 1 
napolitans; 1 
conferenzastampa; 1 
effie10anos; 1 
venicefilmfestival; 1 
venezia75; 1 
kusturica; 1 
effie; 1 
avantpremiere; 1 
marketingpolítico; 1 
elpepeunavidasuprema; 1 
socialbi; 1 
nossasenhoraaparecida; 1 
finalspace; 1 
morfitelefegenio; 1 
euacredito; 1 
cuomo; 1 
bardigang; 1 
teamcynthia; 1 
hurricaneflorence2018; 1 
nationalprisonstrike; 1 
theresistance; 1 
nygov; 1 
obstructionofjustice; 1 
cynthianixongang; 1 
whyididntreport; 1 
primaryday; 1 
tiempovenezuela14sep2018; 1 
reconversiónmonetaria; 1 
bolívarsoberano; 1 
nuevoordeneconómico; 1 
irán; 1 
ahorroenoro; 1 
1sept; 1 
10sep; 1 
hastacuando; 1 
plandeahorro; 1 
píritu; 1 
venezuelaindestructible; 1 
tiempoclima; 1 
másprotecciónalpueblo; 1 
nuevoordeneconomico; 1 
pendientes; 1 
naguanagua; 1 
asilodijo; 1 
24ago; 1 
florence; 1 
vosllevaslaesperanza; 1 
astrologia; 1 
lisasimpson; 1 
escorpião; 1 
bakerstreet; 1 
zodiaco; 1 
bolívar; 1 
damnificadosdeapure; 1 
pzo; 1 
bilingual; 1 
fuzileironaval; 1 
lunes; 1 
emelexista; 1 
hartademencia; 1 
admisiones2018; 1 
telégrafo; 1 
guayaco; 1 
increible; 1 
juanavallejo; 1 
ucsg; 1 
cuencaecuador; 1 
detumboentumbo; 1 
vemprofut; 1 
cfk; 1 
noamchomsky; 1 
telamsedefiende; 1 
soloperiodismo; 1 
nutrientes; 1 
pierresané; 1 
timedoador; 1 
lamosca; 1 
frenterenovador; 1 
americanhorrorstory; 1 
problemaseu; 1 
howtogetawaywithmurder; 1 
save1h; 1 
ceuliquido; 1 
fantasticbeasts; 1 
g1minas; 1 
wizardingwednesdays; 1 
globolixo; 1 
presodentelula; 1 
forcaanitta; 1 
distracaomidiatica; 1 
tirogomes; 1 
esquerdaescoriadomundo; 1 
euvotobolsonaro; 1 
mensalinhodotwiter; 1 
bolsonaro17no1oturno; 1 
esquerdafascista; 1 
juizdefora; 1 
globonews; 1 
diastoffoli; 1 
bolsonaropresidente; 1 
istoédesespero; 1 
humanrights; 1 
anittadiganãoaofascismo; 1 
falamesmogentili; 1 
lulaepresidiario; 1 
lulaépresidiario; 1 
facada; 1 
esquerdaassasina; 1 
chinelagemcontrabolsobaro; 1 
bolsonaro17eleito1oturno; 1 
bolsonaroeleito1ºlugar; 1 
direitaunida; 1 
bolsonaro17no1ºturno; 1 
cirofilhodaputa; 1 
bolsonaropresidente2018; 1 
rj; 1 
rj2; 1 
debateband; 1 
42d; 1 
42a; 1 
42c; 1 
rodandoando; 1 
goodvibes; 1 
ja; 1 
mejoractor; 1 
dondelosmundoscolapsan; 1 
ridefree; 1 
bikerslife; 1 
betty; 1 
talentoemti; 1 
tambienaplicanomames; 1 
sueñaengrande; 1 
cuidatedelacamara; 1 
solosiente; 1 
silvianavarro; 1 
sisepuede; 1 
salinasteam; 1 
deleallichallenge2; 1 
óscareyes; 1 
mederrito; 1 
st; 1 
paulinagoto; 1 
fuegoenlasangre; 1 
oscar; 1 
antonio; 1 
fernando; 1 
vivehoy; 1 
deleallichallenge; 1 
ana; 1 
fabiola; 1 
guerra; 1 
jorgesalinas; 1 
calordelocos; 1 
familialascuray; 1 
mcet; 1 
friday; 1 
jorgeortiz; 1 
soplapitos; 1 
yasuni; 1 
30s; 1 
américalatina; 1 
impuestoaltrabajo; 1 
aquilesrigail; 1 
glas; 1 
asesoresfantasma; 1 
cj; 1 
renunciavagotraidorincapaz; 1 
nfid19; 1 
auxiliofralda; 1 
witmonth; 1 
vemferias; 1 
ficacuellar; 1 
realmadrid; 1 
últimahora; 1 
cuentameherminia; 1 
psoe; 1 
answerin7days; 1 
theansweriscoming; 1 
answerishere; 1 
theanswerishere; 1 
armyselcaday; 1 
iheartfestival; 1 
1sep; 1 
noticia; 1 
venceremos; 1 
cirogomes; 1 
querociropresidente; 1 
cirogomes2018; 1 
ciropresidente2018; 1 
ciro12no2turno; 1 
ressegdistribuidora; 1 
queropazquerociro; 1 
fangirlpls; 1 
précarité; 1 
liberalismonobrasil; 1 
ele; 1 
romariona93fm; 1 
maiortorcidadomundo; 1 
flaxcor; 1 
nagaveta; 1 
reformapolítica; 1 
boletimmatutino; 1 
detestoquandofalam; 1 
corinthiansgrande; 1 
respeitaasminas; 1 
teamemilly; 1 
paz; 1 
bluearmy; 1 
lollabr; 1 
lollapalooza2019; 1 
opinião; 1 
mulheresunidascontraobolsonaro; 1 
dragonballsuper; 1 
marcha4s; 1 
dbsbroly; 1 
mulherescontraofacismo; 1 
assédioéhabitonoelite; 1 
vermelhopornós; 1 
paramoreartfriends; 1 
assedioehabitonoelite; 1 
pimentel13; 1 
vitóriadaconquista; 1 
haddad13manu; 1 
kristenbell; 1 
sqn; 1 
therevivalshow; 1 
htgawm; 1 
drewbarrymore; 1 
everwood; 1 
arresteddevelopment; 1 
thecomedytvstar; 1 
eusim; 1 
doctorwho; 1 
sevira; 1 
circuitão; 1 
citeumatretaesaia; 1 
vem3kdeestórias; 1 
inovacaoeducativa; 1 
manuaovivo; 1 
memes; 1 
guiadovoto; 1 
eleicoes; 1 
colocoloa4tos; 1 
casobalda; 1 
noalajusticiapolitizada; 1 
chicaiza; 1 
lawfareecuador; 1 
stoplawfare; 1 
balda; 1 
estado; 1 
hadad_fernando; 1 
cruzeiro; 1 
emmys2018; 1 
tatiastemer; 1 
asksu; 1 
oceans8; 1 
theactionmovie; 1 
braxeua; 1 
fandomseguefandoms; 1 
crazyrichasians; 1 
happybirthdayliam; 1 
lpfirsttime; 1 
taylorcaniffnobrasil; 1 
weloveliambecause; 1 
1dcomeback2020; 1 
xfactor; 1 
eliana; 1 
eleiçoes2018; 1 
comenzardenuevo; 1 
naminhatvtcl; 1 
euqueroumuno; 1 
bottledup; 1 
divadepressão; 1 
bottedupoutnow; 1 
boulos; 1 
catboxmonday; 1 
lulalivresp; 1 
lgbtqtwitter; 1 
partiutoca3; 1 
brasilcomciro; 1 
vote12; 1 
abreobicoadelio; 1 
b17; 1 
puntademata; 1 
fanb; 1 
gasolinaconbiopa; 1 
correoorinoconacionales; 1 
24sep; 1 
periscope; 1 
enestemomento; 1 
frentepreventivomunicipioezequielzamora; 1 
esperança; 1 
dimensão22; 1 
voodavida; 1 
pgr; 1 
transplante; 1 
vida; 1 
sempe; 1 
mdic; 1 
semináriodecomércioeletrônicotransfronteiriço2018; 1 
donosdaamérica; 1 
cheidifome; 1 
diadegrêmio; 1 
vamostricolor; 1 
libertadores2018; 1 
grexprc; 1 
esquinasdeformaciónpopular; 1 
librelibro2018; 1 
nombres; 1 
pensemoscolectivamente; 1 
13s; 1 
gabrielacruz; 1 
felizmartes; 1 
6mesesderk; 1 
lavozdelaresistencia; 1 
impostor; 1 
kolectivozenmarcha; 1 
manonegrademoreno; 1 
leytrole3; 1 
viernes; 1 
revoluciónciudadana; 1 
asambleaterritorial; 1 
resistencia; 1 
distrito2guayas; 1 
durán; 1 
lenínchao; 1 
leyanticorrupción; 1 
labatalladelasideas; 1 
bolsonaronao; 1 
renaultseguerenault; 1 
xuxanoporchat; 1 
lulainelegível; 1 
vidalmiente; 1 
dolardesconfianza; 1 
miercolesintratable; 1 
21apresente; 1 
astillerosriosantiago; 1 
ukulele; 1 
koreanmusic; 1 
hot100; 1 
blanc7comeback; 1 
koreanpop; 1 
블랑세븐; 1 
drama; 1 
jackpotentertainment; 1 
드라마; 1 
oatirador; 1 
chavesnomultishowep82; 1 
arrow; 1 
partsunknown; 1 
happybirthdayhermionegranger; 1 
fallontonight; 1 
benfica; 1 
undiacomohoy; 1 
gk; 1 
goalkeeper; 1 
sidevolley; 1 
gktraining; 1 
50km; 1 
gkdistribution; 1 
peñarol; 1 
themoderndaygk; 1 
slowmo; 1 
wakeupandwatchanne; 1 
renovada; 1 
foi; 1 
afreirafilme; 1 
bpn; 1 
alaerte13513; 1 
lugardemulhereondeelaquiser; 1 
alaertemartins13513; 1 
josete1363; 1 
loira; 1 
formacaodejovens; 1 
hairstyle; 1 
soosdaquebrada; 1 
malvinas; 1 
laeducacionpublicasedefiende; 1 
hayotrocamino; 1 
desorientados; 1 
romaña; 1 
somoselantídoto; 1 
últimasnoticias; 1 
mepasoalafm; 1 
renunciecarrasquilla; 1 
alkaseltzerchallenge; 1 
puroveneno; 1 
galaxias; 1 
lanuevabogotá; 1 
hidroituango; 1 
enlosterritorios; 1 
volveraganar; 1 
rutapotxbogota; 1 
sosuniversidadespúblicas; 1 
congresonoaplacehidroituango; 1 
rutapotxbogotá; 1 
calarcá; 1 
díainternacionaldelapaz; 1 
confidenciales; 1 
mindefensaenemigodelaprotesta; 1 
lapazeselcamino; 1 
niunamás; 1 
yavienelacolombiahumana; 1 
seguros; 1 
pymes; 1 
trámites; 1 
tenisxespn; 1 
teamworld; 1 
cauêcésis; 1 
théocésis; 1 
papãodacuruzu; 1 
pscxcri; 1 
30diasdeequilibrioeconomico; 1 
deporte; 1 
pastormaldonado; 1 
19agos; 1 
hacialahuelgageneral; 1 
smanic21; 1 
aunqueteduela; 1 
diadeflu; 1 
promilitaresaovivo; 1 
vaicorinthians; 1 
casamentodrewelinda; 1 
conceicaoverdade; 1 
tvovale; 1 
policia; 1 
conceicao; 1 
escolas; 1 
arsenal; 1 
falaciro12; 1 
futsaldas18; 1 
sãoluís; 1 
somostodoscampeões; 1 
competindo; 1 
futgloboradio; 1 
seleçãosportv; 1 
litorâneabeach; 1 
batebola; 1 
bomdiafoxquinta; 1 
futsalnosportv; 1 
casadachampions; 1 
sabedequem; 1 
úrsulasenadora500; 1 
flaviseu; 1 
embaixadaflaviseu; 1 
pactospace; 1 
chelsea; 1 
samu_fc; 1 
sulamericanafoxsports; 1 
bbnaveia; 1 
futsal2018; 1 
xamarinforms; 1 
micdropremix; 1 
btsarmy; 1 
mamaaoki; 1 
djmagtop100; 1 
sanlorenzo; 1 
lacanchalabancalagente; 1 
queremosvolver; 1 
schoolgirlcrush; 1 
paythemhatersnomind; 1 
powerofjewhating; 1 
tellmesomethingidontknow; 1 
marr; 1 
trumpsfriends; 1 
iris; 1 
marianoseva; 1 
fazenda; 1 
zorra; 1 
ranço; 1 
cãominhada; 1 
mardelplata; 1 
leydeeducación; 1 
extensión; 1 
inclusión; 1 
medicina; 1 
plateia; 1 
germany; 1 
reeperbahn; 1 
linikereoscaramelows; 1 
show; 1 
public; 1 
reeperbahnfestival; 1 
german; 1 
todotrucho; 1 
quilmes; 1 
elgranajuste; 1 
elcongresoporlaeducación; 1 
3ercongresojpsuv; 1 
crecelabronca; 1 
pichetto; 1 
9sep; 1 
6sep; 1 
cirosim; 1 
trazmaisum; 1 
mulheresunidas; 1 
gogators; 1 
gatornation; 1 
gatorpride; 1 
fechocomciro; 1 
esquemagambá; 1 
fechadocomciro; 1 
cirãodamassa; 1 
brasilélula; 1 
somoslula; 1 
happybirthdayniall; 1 
smule; 1 
masterchef; 1 
teampaulo; 1 
teameurope2018; 1 
lavercup; 1 
brooklyn99; 1 
redenoticiando; 1 
diadavisibilidadelesbica; 1 
l3; 1 
metrôsp; 1 
tachovendohamburguer2; 1 
frouxo; 1 
bolsinho; 1 
elesnão; 1 
renzoreggiardo; 1 
eleccionesmunicipales2018; 1 
corrupción; 1 
reggiardo; 1 
18deabril; 1 
plagioacadémico; 1 
poderjudicial; 1 
pedrosuárezvértiz; 1 
danielortega; 1 
sanmarcos; 1 
candidatos; 1 
discurso; 1 
bamdnews; 1 
op9; 1 
debate; 1 
estrategia; 1 
papocabeca; 1 
tvmanaira; 1 
buenmartes; 1 
mmvas; 1 
ffsinglehavana; 1 
porenganomeuovo; 1 
museunacionalvive; 1 
insubstituiveltm; 1 
cblol; 1 
leão; 1 
jenpex; 1 
souunaguerreira; 1 
nãoestacionenafonte; 1 
tricolor; 1 
vadeuber; 1 
naoestacionenaarena; 1 
bahiamaiordomundo; 1 
naoestacionanafonte; 1 
santacruz; 1 
gol; 1 
queremospreçojusto; 1 
coralnet; 1 
golaço; 1 
afontenovaénossa; 1 
foconocliente; 1 
naoestacionenaitaipavaarenafontenova; 1 
vademetro; 1 
esquadrão; 1 
marchadelsilencio; 1 
19s; 1 
aiuda; 1 
fondalamatria2018; 1 
extra; 1 
mareaverde; 1 
ruruzinhaemestudio; 1 
boicotehavan; 1 
oamorvencera; 1 
mãespeladiversidade; 1 
foiela; 1 
posteiehsaicorrendo; 1 
falabrasil; 1 
agoraénopaca; 1 
sanxind; 1 
santosotimedavirada; 1 
teamday; 1 
nbanosportv; 1 
reagesantos; 1 
gabi2gols; 1 
parxsan; 1 
asiangames; 1 
fifa19; 1 
teamfrio; 1 
condenastf; 1 
mulhervotaemmulher; 1 
burro; 1 
néstorkirchner; 1 
concristinanosejode; 1 
salariosdignos; 1 
festivaldeguitarra; 1 
cronicaanunciada; 1 
loqueestápasando; 1 
escuelasseguras; 1 
aprendizagem; 1 
mmn; 1 
vidaclass; 1 
médicos; 1 
empreendedor; 1 
festmicro2018; 1 
profissional; 1 
bonificações; 1 
desafiounidasnasruas; 1 
teotfw; 1 
comuna14; 1 
diadeljublilade; 1 
lápices; 1 
lossaqueadoresestanenlacity; 1 
soydelaciudad; 1 
reuniónconvecinxs; 1 
leandrosantoro; 1 
ruidazo; 1 
macriesmuerte; 1 
comedorpopular; 1 
lanochedeloslapices; 1 
lapascana; 1 
juntadaciudadana; 1 
comuna11; 1 
cildáñez; 1 
discepolín; 1 
sonlopeor; 1 
conuna14; 1 
lossaqueadoresestánenlacity; 1 
constitución; 1 
ripmacmiller; 1 
nomassicariatocampesino; 1 
12sep; 1 
niunamenoschallenge; 1 
soychavistayvoypalante; 1 
lima; 1 
kenderadriángarcíamarques; 1 
13sep; 1 
elahorroesoro; 1 
colombiana; 1 
feriasescolares; 1 
elpaís; 1 
entérate; 1 
mástemprano; 1 
correoorinocomultipolaridad; 1 
operacionestrategicadefensiva; 1 
venezolano; 1 
14sep; 1 
buquesdepaz; 1 
noestamostodasfaltamayell; 1 
vueltaalapatria; 1 
condominioahorcado; 1 
pepemujica; 1 
lechuguinos; 1 
prediomontecarlo; 1 
miercoleseconomico; 1 
22sep; 1 
asílodijo; 1 
recordando; 1 
felizsábado; 1 
insólito; 1 
dolara40; 1 
siemprenoticias; 1 
usopenxespn; 1 
27a; 1 
cacerolazo; 1 
fuerza; 1 
redessociales; 1 
avrilscomeback; 1 
leitura; 1 
desarme; 1 
sexual; 1 
zmot; 1 
thursdaymotivation; 1 
ideologiadegenero; 1 
militância; 1 
humanidade; 1 
fridayfeeling; 1 
cartão; 1 
fucksociety; 1 
musica; 1 
lutarsópelapaz; 1 
quoteoftheday; 1 
fridaymotivation; 1 
orientacao; 1 
bestpeople; 1 
introvertproblems; 1 
protesto; 1 
pwa; 1 
votoconscienteéaúnicasolução; 1 
uptowhat; 1 
mitologia; 1 
prohibition; 1 
documentário; 1 
factcheck; 1 
introvert; 1 
whitepeopleproblem; 1 
voluntariado; 1 
epidemias; 1 
thursdaythoughts; 1 
sartre; 1 
wednesdaywisdow; 1 
madmen; 1 
wednesdaywisdom; 1 
uptosomething; 1 
capitalism; 1 
madness; 1 
diversidade; 1 
rajneesh; 1 
messi; 1 
forçabarça; 1 
haddadmanu; 1 
carolbiazin400k; 1 
daynotvz; 1 
catarsecarolbiazin; 1 
dayecarolnomusicaboa; 1 
tvz; 1 
biazinasbicho; 1 
inovarparamim; 1 
lay; 1 
rapnacional; 1 
espnbomdia; 1 
lans; 1 
ahs8; 1 
bolsonaropredidente17; 1 
temerthemonio; 1 
forabolsonaro; 1 
pramudarobr; 1 
vamossemmedo; 1 
eutocomboulosesonia; 1 
seempoderamulher; 1 
boulosesonia50; 1 
eutôcomboulos; 1 
boulosesonia; 1 
psol2018; 1 
boulosesônia2018; 1 
vamoscomboulosesonia; 1 
friendsday; 1 
bonadio; 1 
boudouenlamak; 1 
avellaneda; 1 
mercadosantelmo; 1 
desatados; 1 
bastaderepresion; 1 
grabois; 1 
patrimoniopresidencial; 1 
ajudeamaribel; 1 
lanacope; 1 
buzsheep; 1 
defendamoslauniversidadpublica; 1 
existeajuda; 1 
alixinim; 1 
hazladepez; 1 
temperley; 1 
lulaço; 1 
6underground; 1 
serena; 1 
twitch; 1 
acessaolink; 1 
spyroreignitedtrilogy; 1 
crashbandicoot; 1 
pixelart; 1 
mulheres; 1 
campeãodentrodecampo; 1 
southamericamemes; 1 
éverdadeessebilete; 1 
campeãosemfax; 1 
cr7juve; 1 
leo; 1 
keepbreathinariana; 1 
pinkcarpet; 1 
confúcionarede; 1 
rondonia; 1 
partiu; 1 
teiadavida; 1 
natureza; 1 
vidaspreservadas; 1 
photography; 1 
europe; 1 
lattakia; 1 
エクセレント建築モデル; 1 
iran; 1 
roman; 1 
ysl18; 1 
openfuture; 1 
whitehelmets; 1 
ysl; 1 
pradaeditorials; 1 
ieda; 1 
archaeology; 1 
article13; 1 
pradalinearossa; 1 
lfw; 1 
ss19; 1 
dprk; 1 
nasrallah; 1 
ahedtamimi; 1 
miadoc; 1 
folklorethursday; 1 
voguejapan; 1 
mymutiny; 1 
yvessaintlaurent; 1 
onthisday; 1 
saintlaurent; 1 
italy; 1 
isis; 1 
nowfashion; 1 
bubbline; 1 
klancemonth2018; 1 
vascodagama; 1 
gratidão; 1 
trensrj; 1 
trensurbanosrj; 1 
centraldobrasil; 1 
lusofonias; 1 
euinmyregion; 1 
sba; 1 
justiça; 1 
lagos; 1 
rentree2018; 1 
politics; 1 
boasideias; 1 
gastronomy; 1 
bomdomingo; 1 
faro; 1 
comboios; 1 
veluxehfcl; 1 
dietamediterranica; 1 
diogopiçarra; 1 
diadesporting; 1 
brexit; 1 
ferrovia; 1 
europaleague; 1 
vinho; 1 
monchique; 1 
boanoite; 1 
sportingtv; 1 
igualdade; 1 
sabores; 1 
u2; 1 
portugalmelhor; 1 
musicaportuguesa; 1 
lagoa; 1 
comida; 1 
futsal; 1 
sportingcp; 1 
gastronomia; 1 
vinhosdoalgarve; 1 
portugal2020; 1 
alcoutim; 1 
futebol; 1 
policies; 1 
u2live; 1 
nobrexit; 1 
ligaeuropa; 1 
portugal; 1 
descentralização; 1 
andebol; 1 
algarve2020; 1 
qualifica; 1 
sporting; 1 
pluralsightiq; 1 
angular; 1 
tunja; 1 
7vecessicontralacorrupcion; 1 
mocoa; 1 
rent; 1 
bahai; 1 
checkin; 1 
want; 1 
pluscodes; 1 
nationaleprotestantentest; 1 
plustags; 1 
youcanusethemrightnow; 1 
ondalaranja; 1 
oitnb6; 1 
oitnbseason6; 1 
lovetwitter; 1 
natashapresidente; 1 
elesim17; 1 
forca; 1 
dalenobts; 1 
dsr; 1 
andersongomes; 1 
medodenofuturo; 1 
aquaman; 1 
hammertime; 1 
teamlh; 1 
seb5; 1 
jets; 1 
laziogenoa; 1 
esportv; 1 
dhmtl2018; 1 
faceitmajor; 1 
somosmibr; 1 
csgo; 1 
juntospelotetra; 1 
vamosbelgrano; 1 
smfl; 1 
superligadecamisetas; 1 
jugadordelmes; 1 
elmasgrandedelinterior; 1 
deforestación; 1 
superligaquilmesclasica; 1 
alobelgrano; 1 
hoyjuegabelgrano; 1 
delasota; 1 
tntsports; 1 
ab; 1 
talleres; 1 
fechakappa; 1 
otravezlagrieta; 1 
goldelafecha; 1 
dtdelafecha; 1 
jugadormotomel; 1 
educaciónpública; 1 
superligaquilmesclásica; 1 
tntgol; 1 
meupiminhasregras; 1 
lazio; 1 
juve; 1 
indireta; 1 
oladotretadaforca; 1 
juvelazio; 1 
descubra; 1 
nãoéporqueeusouengenheiroque; 1 
otoño; 1 
porsinoloviste; 1 
león; 1 
clasicoregio; 1 
libertadores2010; 1 
cholo; 1 
scinternacionalcampeão; 1 
taçalibertadores; 1 
bipride; 1 
dólarcristina; 1 
garcamarl; 1 
stornelliconfantino; 1 
uommorón; 1 
macrigato; 1 
saludenpeligro; 1 
babyescachibache; 1 
enqueselagastan; 1 
ineptos; 1 
nopeganuna; 1 
inflación; 1 
evita; 1 
terranotícias; 1 
diainternacionaldasolidariedade; 1 
valorizeavida; 1 
vamosacordarparaarealidade; 1 
prevencaoaosuicidio; 1 
vemfresh; 1 
elenever; 1 
elejamás; 1 
ctera; 1 
conyugue; 1 
dolarcristina; 1 
carlosfuentealba; 1 
buenlunes; 1 
ctadelxstrabajadorxs; 1 
supermercado; 1 
superdevaluados; 1 
anmat; 1 
allanamientos; 1 
mesadeunidadsindical; 1 
legislatura; 1 
homoturisticus; 1 
saqueo; 1 
wegoup_mv_8_25pm; 1 
we_go_up; 1 
해찬; 1 
wegoup_오늘뮤뱅컴백; 1 
smtown; 1 
nctdream; 1 
exo; 1 
로꼬; 1 
nctdream_go_up; 1 
young; 1 
nctdream_wegoup; 1 
renjun; 1 
nct_dream; 1 
wegoup; 1 
런쥔; 1 
nct; 1 
haechan; 1 
exoplanet; 1 
stationx0; 1 
소리바다_공정성_공론화; 1 
백현; 1 
twilight; 1 
baekhyun; 1 
loco; 1 
musicbank; 1 
go_up; 1 
minecraftdegraça; 1 
blastcraft; 1 
p9; 1 
lot; 1 
ghvip6; 1 
peledodota; 1 
ti8; 1 
annewithaneseason3; 1 
felizdíadelmaestro; 1 
stopfatphobia; 1 
hueca; 1 
duggansalidelclosetloca; 1 
lm5; 1 
porchatestamuitobom; 1 
porchat; 1 
bigmouth; 1 
saoxcha; 1 
saoxcea; 1 
anittanothevoicebrasil; 1 
thegooddoctor; 1 
vaibrasil; 1 
braxesa; 1 
deputadafederalrj; 1 
bolinhadepapel; 1 
spdaviolência; 1 
favela; 1 
caradepau; 1 
violênciageraviolência; 1 
unicamp; 1 
bozo; 1 
golpe2016; 1 
carolinadejesus; 1 
incendionomuseu; 1 
educação; 1 
quintadaboavista; 1 
quartodedespejo; 1 
simonesaturninobraga; 1 
golpe; 1 
programadegoverno; 1 
ufrgs2018; 1 
midiafake; 1 
ufrgs2019; 1 
bozonaro; 1 
literatura; 1 
vergonhaalheia; 1 
globomente; 1 
brunohenrique; 1 
povoburro; 1 
mais90; 1 
tnc; 1 
vinotinto; 1 
andreaparrella; 1 
tomemosconciencia; 1 
netanyahu; 1 
palestina; 1 
yonoolvido; 1 
pelamor; 1 
purabucha; 1 
sóganhavotopqélouco; 1 
somostodosburros; 1 
aba_cantv_reportesa; 1 
radios; 1 
andatemacri; 1 
cumbredeolivos; 1 
emergenciaeducativa; 1 
prochorros; 1 
mañanaimposible; 1 
mammatus; 1 
elorgullodesermaceta; 1 
holabuenosdías; 1 
duda; 1 
soupatrício12190; 1 
soupatricio; 1 
patrício12190; 1 
coragemecompromisso; 1 
soupatricio12190; 1 
combateàcorrupção; 1 
patricio12190; 1 
notopinkmoney; 1 
elenemfodendo; 1 
sardas; 1 
redhead; 1 
filho; 1 
redhair; 1 
ruivasdobrasil; 1 
mylove; 1 
lindo; 1 
diadoruivo; 1 
ruivosdobrasil; 1 
passeio; 1 
ruivos; 1 
bebes; 1 
parque; 1 
brigadeiro; 1 
gingerhair; 1 
runkeeper; 1 
teamluablanco; 1 
bonner; 1 
haddadnojornalnacional; 1 
estadao; 1 
harrypotter; 1 
hogwartstnt; 1 
proofreader; 1 
translator; 1 
arabic; 1 
eficienciaenergetica; 1 
english; 1 
bolsonaronajovempan; 1 
dia7é17; 1 
areiabranca; 1 
manuvice; 1 
festivaldegramado; 1 
tmj; 1 
globocensura; 1 
sabedoriasempre; 1 
ficaadica; 1 
sabedoriadodia; 1 
endefensadelaeducaciónpública; 1 
defensordelniñoya; 1 
nnapes; 1 
domingão; 1 
antifa; 1 
happybirthdaybeyonce; 1 
beyday; 1 
happybirthdaybeyoncé; 1 
meditate; 1 
spreaker; 1 
rocksteady; 1 
folego; 1 
45rpm; 1 
kenboothe; 1 
itunes; 1 
jamboree; 1 
ital; 1 
reggae; 1 
tiradochicobento; 1 
sótocatop; 1 
geraldonojn; 1 
eueocigarro; 1 
teatro; 1 
novodia; 1 
loopingbahiaoverdub; 1 
fitbh2018; 1 
aberturafestival; 1 
sp1; 1 
intxfla; 1 
viena; 1 
cadenasdevalor; 1 
quitocolapsó; 1 
forodelasociedadcivil; 1 
explotaciónsexual; 1 
díadelaslenguasdeseñas; 1 
desafionodal; 1 
comisióndemedioambiente; 1 
izquierda; 1 
contralatrata; 1 
josémujica; 1 
med2020; 1 
letícian15; 1 
bigbangtheory; 1 
takitaki; 1 
salvador; 1 
núcleoluisanselmo; 1 
capoarte; 1 
lulapreso; 1 
acústhico; 1 
estilols; 1 
leosantana; 1 
fidelcastro; 1 
entrevistaexclusiva; 1 
diazcanelentelesur; 1 
interviewsfromquito; 1 
guillaumelong; 1 
storm; 1 
cumandá; 1 
globalsouth; 1 
africa; 1 
southafrica; 1 
malema; 1 
now; 1 
breaking; 1 
president; 1 
telesur; 1 
alert; 1 
earthquake; 1 
fromthesouth; 1 
issac; 1 
quito; 1 
diazcanel; 1 
cuban; 1 
justice; 1 
mandela; 1 
live; 1 
díazcanelentelesur; 1 
casochevron; 1 
7desetembro; 1 
lgbtq; 1 
baitaamigos; 1 
marvel; 1 
meuaniversáriodotwitter; 1 
gofla; 1 
f1nogp; 1 
ateofimdoanoeu; 1 
setembroamarelotweetsdobem; 1 
ラブライブ三昧; 1 
segundadetremurasdv; 1 
lulalive; 1 
socorrodeus; 1 
ganancias; 1 
educacionpublicasiempre; 1 
defendamoslaeducaciónpública; 1 
laúltimacena; 1 
conicet; 1 
paritariasdocentes; 1 
cnba; 1 
laultimacena; 1 
rightnow; 1 
losalumnosenlasaulas; 1 
paísxusto; 1 
ribeiroencomún; 1 
19agosto; 1 
bierzo; 1 
francelos; 1 
sada; 1 
còmplices; 1 
festadaistoria; 1 
contradiciónpermanente; 1 
17a; 1 
catalunya; 1 
arrincadeira; 1 
losfranco; 1 
nuncamáis; 1 
festaistoria2018; 1 
pablocasado; 1 
pp; 1 
sargadelos; 1 
crtvg; 1 
ourense; 1 
hemeroteca; 1 
susanaluaña; 1 
nonpasarán; 1 
anxelcasal; 1 
30festadaistoria; 1 
tvg; 1 
frentepopular; 1 
diazpardo; 1 
ribeirodoavia; 1 
ribadavia; 1 
alexandrebóveda; 1 
sanabria; 1 
marisquiño; 1 
vendima2018; 1 
currosenríquez; 1 
servizopúblico; 1 
méndezferrín; 1 
ninunhamenos; 1 
allendevive; 1 
nonésócataluñaéademocracia; 1 
unidadepopular; 1 
ribeiro; 1 
venresnegro; 1 
30anosfestaistoriaribadavia; 1 
elintermedio; 1 
invernadoiro; 1 
stopfascismo; 1 
leopaim; 1 
abortolegal; 1 
dolarimparable; 1 
ministerios; 1 
nonoscallamosmas; 1 
confianzatotal; 1 
represion; 1 
diadelaradio; 1 
represión; 1 
queremospreguntar; 1 
unsam; 1 
yodefiendolasaludpública; 1 
total; 1 
rosenkrantz; 1 
munro; 1 
alaltarconjosemaria; 1 
india; 1 
yonofui; 1 
despidos; 1 
bastaderepresión; 1 
enm33; 1 
macri; 1 
sanmiguel; 1 
ministeriodecultura; 1 
cortesuprema; 1 
ministeriodesalud; 1 
marchanacionauniversitaria; 1 
kirchnerotrotskista; 1 
basta; 1 
vicentelopez; 1 
iletuderecho; 1 
dujovne; 1 
boletinoficial; 1 
lsu; 1 
geauxtigers; 1 
tropicalstormgordon; 1 
coytada; 1 
vocal; 1 
drummer; 1 
bloodypeppers; 1 
f1nosportv; 1 
rehearsal; 1 
guitar; 1 
bass; 1 
redhotchilipeppers; 1 
monza; 1 
bssm; 1 
gig; 1 
tuitutil; 1 
boulosnagazeta; 1 
maistradicional; 1 
estranhonovamente; 1 
algodeerradonaoestacerto; 1 
ufa; 1 
help; 1 
streamproblemaseu; 1 
starwars; 1 
realmadridatleti; 1 
dep; 1 
díamundialdelafotografía; 1 
kofiannan; 1 
taldíacomohoy; 1 
supercopadeeuropa; 1 
supercup; 1 
aúpaatleti; 1 
carabobo; 1 
epsd; 1 
frasesdechávez; 1 
operaciónestratégicadefensiva; 1 
congresodelascomunas; 1 
gmbnbt; 1 
planvueltaaclasesencomunidad; 1 
pegasos; 1 
paraninfa2306; 1 
injustiça; 1 
btsloveyourselftour; 1 
renatavasconcellos; 1 
elipa; 1 
asaventurasdepoliana093; 1 
felicidadesempre; 1 
shipdoano; 1 
luceloforever; 1 
livestream; 1 
prf; 1 
stream; 1 
pf; 1 
mnml; 1 
jornaldacultura; 1 
app; 1 
banhoperdido; 1 
gneleicoes2018; 1 
edicao10; 1 
themeetgroup; 1 
newyork; 1 
cincytennis; 1 
nadal; 1 
beseenbeheard; 1 
vamosrafa; 1 
ajudalucisno; 1 
rafadetails; 1 
rassemblement; 1 
hulot; 1 
communiqué; 1 
donthecon; 1 
pesticides; 1 
pollution; 1 
zemmour; 1 
orgulhogaúcho; 1 
conversacombial; 1 
emirates; 1 
rmucl; 1 
globalchallenge; 1 
museudoamanha; 1 
governador; 1 
lulapresidiário; 1 
rjtv; 1 
vergonha; 1 
melhoras; 1 
ledzeppelin; 1 
ps2; 1 
death; 1 
spotify; 1 
sanandreas; 1 
destaquesdasemana; 1 
cat; 1 
gta; 1 
tombraider; 1 
godofwar; 1 
lara; 1 
hangar; 1 
war; 1 
cyberpunk2077; 1 
darksiders3; 1 
laracroft; 1 
animal; 1 
cosplay; 1 
pizza; 1 
fury; 1 
pulpfiction; 1 
uptheirons; 1 
pet; 1 
coloniaurquiza; 1 
díadelestudiante; 1 
díadelaprimavera; 1 
fmi; 1 
ahota; 1 
díadelempleadodecomercio; 1 
educación; 1 
desocupación; 1 
concejodeliberante; 1 
hcd; 1 
sesiones; 1 
polémica; 1 
abandono; 1 
patrimoniomaltratado; 1 
fondosojero; 1 
felizdiadelaprimavera; 1 
superclasico; 1 
inconcebible; 1 
amofini; 1 
saibaq; 1 
21a; 1 
lagarcía; 1 
ajustepro; 1 
bsas; 1 
noalcierredemincyt; 1 
incertidumbre; 1 
lulapresidiario; 1 
cirodaputa; 1 
svpol; 1 
dinröst; 1 
mintalman; 1 
6timmarsarbetsdag; 1 
utrpol; 1 
val2018; 1 
v2018; 1 
josepborrell; 1 
spain; 1 
utfrågningen; 1 
gustavorabay; 1 
startups; 1 
tecnologiasdisruptivas; 1 
quartarevolucaoindustrial; 1 
ufpb; 1 
singularityuniversity; 1 
objetivotorra; 1 
vitoriagasteiz; 1 
mecagoendios; 1 
iiff; 1 
nuevatemporadaser; 1 
orihuela; 1 
unboxing; 1 
amazon; 1 
ciudadanos; 1 
mequeer; 1 
decretofrancoarv; 1 
incendiosforestales; 1 
foreveralone; 1 
elisabethmoss; 1 
emmyawards2018; 1 
thehandmaidstale; 1 
voudemarina18; 1 
deprimida; 1 
construyendopaís; 1 
diadaarvore; 1 
vamociro; 1 
querociro12; 1 
queropaz; 1 
debatecnbb; 1 
falaciro; 1 
falaciro12denovo; 1 
cirosimpostenão; 1 
naovotoemcorrupto; 1 
cirosimpostenao; 1 
ciroquemconhecevota; 1 
cironojornaldaglobo; 1 
euquerociro; 1 
marinacomciro; 1 
cironaredetv; 1 
ciraodamassa; 1 
éciro12; 1 
postenaomamae; 1 
listanegra; 1 
marianagodoyentrevista; 1 
sandraoh; 1 
killingeve; 1 
merlin; 1 
olheosmuros; 1 
pixo; 1 
artenosmuros; 1 
curitiba; 1 
poesia; 1 
arteurbana; 1 
poesianosmuros; 1 
vamoocupar; 1 
streetart; 1 
pr; 1 
rapbr; 1 
desejo; 1 
glnarua; 1 
mg; 1 
barbacena; 1 
cartolafc; 1 
mimos; 1 
dicasengenharia; 1 
tercadetremurasdv; 1 
engenhariamecanica; 1 
haddadelulanatv; 1 
frases; 1 
engemharia; 1 
calabocagentili; 1 
marquitos; 1 
carlitos; 1 
clublujan; 1 
platazo; 1 
noterminamas; 1 
edlp; 1 
pongamosunafotodecfk; 1 
cristina2019; 1 
bonadioesmacri; 1 
jefedegabinete; 1 
lamarcha21alpedo; 1 
tarifazo; 1 
marcospeña; 1 
noalosdespidos; 1 
cristinakirchner; 1 
sinuniversidadnohayfuturo; 1 
maradona; 1 
nomearrepiento; 1 
libertadamilagro; 1 
tevez; 1 
diego; 1 
eljugadordelpueblo; 1 
sicantassalis; 1 
elamoresnuestro; 1 
amenazados; 1 
recoleta; 1 
afa; 1 
orgullodepueblo; 1 
riverplate; 1 
creadoconadidas; 1 
copalibertadores; 1 
almirantebrown; 1 
chichamariani; 1 
claraanahí; 1 
boca; 1 
primerabentycsports; 1 
heretocreate; 1 
conmebol; 1 
sacachispas; 1 
117añosdehistoria; 1 
gallardo; 1 
primerab; 1 
labruna; 1 
desarquivandobr; 1 
alckminétemer; 1 
superlidas; 1 
picoftheday; 1 
doglovers; 1 
nofilter; 1 
pitbull; 1 
bemvindojair; 1 
bancadaindígena; 1 
bancadaruralista; 1 
trcoluna; 1 
diadosexo; 1 
direitosvalemmais; 1 
ináciodacatingueira; 1 
abraçodogordo; 1 
boasemana; 1 
beijododaan; 1 
lgbtscontrabolsonaro; 1 
catraeterno; 1 
catravive; 1 
meurougetavivo; 1 
amores; 1 
ripcatra; 1 
eleiçõesopovo; 1 
eduardojorgenaveja; 1 
diademarina; 1 
salariomínimo; 1 
vendedordebusesviejos; 1 
colombiamagnífica; 1 
modelia; 1 
tumaco; 1 
otanaro; 1 
mulheresunidascombolsonaro; 1 
bolsonada; 1 
rainhasamadas; 1 
dancingqueen; 1 
fact; 1 
dragrace; 1 
anittadiganaoaofascismo; 1 
pokemongo; 1 
haddadnojn; 1 
nãosomosdesajustados; 1 
democraziaè; 1 
democracy; 1 
dictatorship; 1 
mufehd; 1 
maccosmetics; 1 
fiestaspatrias; 1 
frenteamplio; 1 
45añosdelgolpe; 1 
verdadyjusticia; 1 
quintero; 1 
andatealactm; 1 
bismarckheroedelamor; 1 
camilonicaragua; 1 
mejillones; 1 
laacusaciónva; 1 
elinformantetvn; 1 
nicaraguaquierepaz; 1 
modernizaciontributaria; 1 
petorca; 1 
grupodelima; 1 
7deseptiembre; 1 
fslnheroesdelamorsiempre; 1 
contaminación; 1 
pamelajiles; 1 
11deseptiembre; 1 
21f; 1 
bastadeperseguir; 1 
nomasbloqueo; 1 
animalessueltos; 1 
corrientes; 1 
elalto; 1 
escrache; 1 
miercolesintrtatable; 1 
madryn; 1 
carx; 1 
patagonicos; 1 
rallycross; 1 
trabajadores; 1 
novaresio910; 1 
sagitario; 1 
trelew; 1 
pracimadelescoelho; 1 
mimimi; 1 
coelhão; 1 
ciumeira; 1 
livelmovel00h; 1 
shawnmendes; 1 
tapetevermelhoe; 1 
otemponaopara; 1 
luandigital; 1 
cantacomigo; 1 
segundo; 1 
equipemolon4040; 1 
paraísoperdido; 1 
insatiable; 1 
segundagarfield; 1 
stevenuniverse; 1 
nofapsetember; 1 
flaxcam; 1 
premierxespn; 1 
8sep; 1 
eldato; 1 
23ago; 1 
newmusicfriday; 1 
felizcumpleponcho; 1 
fightlyme; 1 
naturezacaos; 1 
chegadeprivilegios; 1 
céu; 1 
luz; 1 
posivitidade; 1 
ceuazul; 1 
nikesportpack; 1 
nikesportswear; 1 
300rt; 1 
tchaunoronha; 1 
prettylittleliars; 1 
fofocalizandonosbt; 1 
tiktok; 1 
tarzan; 1 
atenção; 1 
tireimadonna; 1 
malhacaovidasbrasileiras; 1 
videoshowaovivo; 1 
anapaularenault; 1 
leostronda; 1 
fazenda10; 1 
net; 1 
forliviaandrade; 1 
supercine; 1 
restream; 1 
sessãodatarde; 1 
lixo; 1 
ummomentomudatudo; 1 
olhaelanafazenda; 1 
impossível; 1 
maramaravilha; 1 
porchatespecial; 1 
welcomeba; 1 
baby; 1 
vca; 1 
byesp; 1 
sister; 1 
mtb; 1 
xcm; 1 
ciclismobrasil; 1 
spsucksforcycling; 1 
fixedgearsaopaulo; 1 
cyclingshots; 1 
artwork; 1 
bikeart; 1 
moleskineart; 1 
daemoncycling; 1 
cycling; 1 
foreverbuttphotos; 1 
specializeddays; 1 
ciclismo; 1 
fugacc; 1 
illustration; 1 
sketchbook; 1 
aglobovetaeuvoto; 1 
segundosolsucks; 1 
segundosolémuitoruim; 1 
globogolpista; 1 
globonãofazjornalismo; 1 
transitions; 1 
proteção; 1 
coleção; 1 
lentes; 1 
óculos; 1 
nova; 1 
deixaopovodecidir; 1 
obdulio; 1 
nostalgia; 1 
peru; 1 
juliocortázar; 1 
18sep; 1 
23sep; 1 
keikoaprision; 1 
increibles; 1 
rusia; 1 
ucrania; 1 
17sep; 1 
patriagrande; 1 
pendiente; 1 
proteccionalpensionado; 1 
kennygarciaortega; 1 
educacióndecalidad; 1 
washington; 1 
coordinador; 1 
facebooklive; 1 
pronóstico; 1 
bdvenlínea; 1 
tuseguridadeslaclave; 1 
19ago; 1 
pagoclave; 1 
25ago; 1 
01sep; 1 
constituyentistaalavista; 1 
hojetembolsonaro; 1 
livingwagenow; 1 
barrages; 1 
privatisations; 1 
climat; 1 
réfugiés; 1 
turnaroundhm; 1 
belgique; 1 
fechadocombolsonaro; 1 
submissaaolula; 1 
manuéjaburu; 1 
semcarne; 1 
nofapseptember; 1 
ibov; 1 
richdad; 1 
bolsomito; 1 
fjta4; 1 
cle; 1 
corinthians108anos; 1 
goixfor; 1 
dianacionaldacachaça; 1 
getthestrap; 1 
ripmrcatra; 1 
pracima; 1 
sérieb2018; 1 
walterlivre; 1 
elenão; 149 
elenunca; 83 
elenao; 83 
newprofilepic; 26 
ahora; 23 
bolsonaronojornalnacional; 21 
anittaisoverparty; 20 
urgente; 20 
masterchefbr; 17 
eusoulula; 16 
ciro12; 16 
afazenda10; 16 
debateredetv; 16 
meubolsominionsecreto; 15 
haddadpresidente; 15 
segundosol; 14 
thevoicebrasil; 13 
lulalivre; 13 
venezuela; 13 
mulherescontraobolsonaro; 12 
eleições2018; 12 
haddadélula; 11 
lulapresidente; 11 
haddadélulanojn; 11 
debateaparecida; 11 
sentagostosobozo; 10 
mpn; 10 
mulherescontrabolsonaro; 9 
omemedaminhavida; 9 
elejamais; 9 
elasim; 9 
ciropresidente; 9 
argentina; 9 
manunojaburu; 9 
thevoicebr; 9 
jn; 8 
tbt; 8 
vmas; 8 
setembroamarelo; 8 
hoy; 7 
democraciasim; 7 
votofemenino; 7 
eurolat; 7 
fuerzacristina; 7 
brasil; 7 
bolsonaro; 7 
calabocagentilli; 7 
ecuador; 7 
ciraonosegundoturno; 7 
museunacional; 7 
appleevent; 6 
bastadeajuste; 6 
cambiemos; 6 
euquerobolsonaro; 6 
afazenda; 6 
moreno; 6 
lulanasurnastse; 6 
atención; 6 
bomdia; 6 
reviravoltanaeleicao; 6 
eeuu; 6 
repost; 6 
mulherescontraofascismo; 5 
fakenews; 5 
pergunteaociro12; 5 
jornalnacional; 5 
novafotodoperfil; 5 
lulalivrejá; 5 
mariellepresente; 5 
emmys; 5 
lula; 5 
nothim; 5 
apoiehaddadmanu; 5 
dólar; 5 
salvemasbaleias; 5 
biweek; 5 
bastamacri; 5 
timelula; 5 
maisanicholas; 5 
fsradiobrasil; 5 
video; 5 
chevron; 5 
envivo; 5 
bolsonaro17; 5 
nowplaying; 5 
popstar; 5 
devastatedday; 4 
mulheresunidascontrabolsonaro; 4 
quemmandoumatarbolsonaro; 4 
sofazinho; 4 
luanetes; 4 
luansantanatv; 4 
luansantana; 4 
economiaenpicada; 4 
buenjueves; 4 
parogeneral; 4 
buenmiercoles; 4 
proyanqui; 4 
pas; 4 
orgulhoepaixão; 4 
dançadosfamosos; 4 
lawfare; 4 
marchanacionaluniversitaria; 4 
bolivia; 4 
peñaleaks; 4 
mostraonuglobo; 4 
afazendaaovivo; 4 
sabadodetremurasdv; 4 
maisasilvaig; 4 
maisasilva; 4 
twibbon; 4 
jairbolsonaro; 4 
vamosflamengo; 4 
verguenzaconmebol; 4 
votomarinapq; 4 
brasilcommarina; 4 
reclamoaquinotwitterpq; 4 
lulamanuhaddad; 4 
forcabolsonaro; 4 
debatebandsp; 4 
soundcloud; 4 
np; 4 
vote13; 4 
obrasilfelizdenovo; 4 
uolnasurnas; 4 
mulherescombolsonaro; 4 
marta; 4 
perú; 4 
vamointer; 4 
laplata; 4 
mucbvive; 3 
mensalinhodotwitter; 3 
livemovel00h; 3 
livemovel; 3 
sagitário; 3 
f1; 3 
crf; 3 
hospitalposadas; 3 
trump; 3 
fantástico; 3 
eldestaperadio; 3 
felizprimavera; 3 
stopetchecopar; 3 
fifafootballawards; 3 
thebest; 3 
denuncia; 3 
buscamosamilagros; 3 
hablamacri; 3 
argentinasinestadodederecho; 3 
marchanacionaleducativa; 3 
diadeljubilado; 3 
envideo; 3 
guatemala; 3 
colombia; 3 
fantastico; 3 
bottledupoutnow; 3 
haddad13presidente; 3 
spfc; 3 
sextou; 3 
horadeaventura; 3 
educacionpublica; 3 
universidadesenpeligro; 3 
sotocatop; 3 
foratemer; 3 
jairmessiasbolsonaro; 3 
haddad13; 3 
elenaoelenunca; 3 
lulaécandidato; 3 
pranamorarcmgtemq; 3 
universidadpublicaporsiempre; 3 
acusada; 3 
hurricaneflorence; 3 
anuncio; 3 
enfotos; 3 
jornaldaglobo; 3 
todossomoscorrea; 3 
marchacontramoreno; 3 
temblor; 3 
morenoespaquetazo; 3 
lamanosuciademoreno; 3 
chubut; 3 
nuevoéxododecientíficos; 3 
hugochávez; 3 
ahsapocalypse; 3 
bolsonaropresidente17; 3 
lutomuseunacional; 3 
backtohogwarts; 3 
idol; 3 
idolchallenge; 3 
cironosegundoturno; 3 
eleicoes2018; 3 
corinthians; 3 
graciasmanu; 3 
mariellefranco; 3 
designativista; 3 
bakeoffbrasil; 3 
correaesinocente; 3 
diadoprogramador; 3 
façaumpedido; 3 
bolsonaronãoécorrupto; 3 
brasileirão2018; 3 
hay2019; 3 
uruguay; 3 
usopen; 3 
lodijo; 3 
politica; 3 
aumentatodo; 3 
macrisis; 3 
salvadorallende; 3 
venezolanos; 3 
últimominuto; 3 
juevesintratable; 3 
buendomingo; 3 
cironojornalnacional; 3 
bolsonaronão; 3 
eibozonarovaitomarnocu; 3 
rouanetnão; 3 
maisasilvatv; 3 
gazetaestadaojp; 3 
rastafari; 3 
brazil; 3 
agroindustria; 3 
votemarina18; 3 
marina18; 3 
chile; 3 
riverdale; 2 
tvtime; 2 
felizjueves; 2 
livemovelnofantastico; 2 
ucl; 2 
halamadrid; 2 
nossofutebol; 2 
podemoshablar; 2 
emmytnt; 2 
libra; 2 
premierleaguenaespn; 2 
paronacionaldocente; 2 
buenviernes; 2 
argentinamovilizada; 2 
fuetortura; 2 
desocupados; 2 
viernesverde; 2 
felizdiadelmaestro; 2 
allezparis; 2 
horadafofoca; 2 
ucldraw; 2 
palmeiras; 2 
lulaéhaddad; 2 
grêmio; 2 
ibope; 2 
elecciones; 2 
textaocientifico; 2 
córdoba; 2 
méxico; 2 
otrachanguitaparaarietto; 2 
cordoba; 2 
niunamenos; 2 
noalfmi; 2 
chequeenfuturock; 2 
retenciones; 2 
ladel68; 2 
instagram; 2 
belgrano; 2 
efemérides; 2 
goldelmes; 2 
caxiastacombinado; 2 
flaviodinovo; 2 
flaviodino65; 2 
conchavezvenceremos; 2 
sismo; 2 
sansalvador; 2 
elsalvador; 2 
nicaragua; 2 
haddadelulanojn; 2 
virgem; 2 
haddadelula; 2 
spfctv; 2 
bolsolixo; 2 
altadata; 2 
runtastic; 2 
bonderenault; 2 
masterchefprofissionais; 2 
rosario; 2 
fueraelfmi; 2 
universidadpública; 2 
santafe; 2 
fuerafmi; 2 
captainmarvel; 2 
filosofia; 2 
doglover; 2 
quintadetremurasdv; 2 
wrc; 2 
sharpobjects; 2 
desafiodapuberdade; 2 
music; 2 
lastfm; 2 
fsrádiobrasil; 2 
aupfoxsports; 2 
cruxfla; 2 
bbdebate; 2 
bomdiafoxsexta; 2 
flamengo; 2 
israel; 2 
lacosacomoes; 2 
fde; 2 
follow; 2 
domingodetremurasdv; 2 
spidermanps4; 2 
twitter; 2 
gêmeos; 2 
horadecierre; 2 
enelnombredelpueblo; 2 
yemen; 2 
ospingosnosis; 2 
leninchao; 2 
entrevista; 2 
mashifotochallenge; 2 
comodoro; 2 
víctorjara; 2 
problemaseuclipe; 2 
g1; 2 
superdrags; 2 
forçabolsonaro; 2 
pt; 2 
meubolsominonsecreto; 2 
marinanojornalnacional; 2 
facadafake; 2 
juntassomosmaisfortes; 2 
aoscurasmedarisa; 2 
encuesta; 2 
ursoo; 2 
hopeonthestreet; 2 
ciropresidente12; 2 
ciro2018; 2 
nadjaguerreira; 2 
eusouhaddad; 2 
debatenaredetv; 2 
brasileiraonosportv; 2 
pcas; 2 
nãoaguentogenteque; 2 
nojo; 2 
boulosnaredetv; 2 
onugarantelula; 2 
aquário; 2 
enterate; 2 
correa; 2 
conmebollibertadores; 2 
bocajuniors; 2 
michaeljacksonday; 2 
fomedeséries; 2 
voudeciroporque; 2 
lavajato; 2 
grêmio115anos; 2 
exclusivo; 2 
trabajo; 2 
felizlunes; 2 
gameover; 2 
vidalesresponsable; 2 
vidalreprime; 2 
astilleroríosantiago; 2 
justdoit; 2 
blanc7; 2 
kpop; 2 
annewithane; 2 
joãonaband; 2 
presupuestodelajuste; 2 
presupuesto2019; 2 
felizdomingo; 2 
11sep; 2 
fiscalía; 2 
ciencia; 2 
undíacomohoy; 2 
seguro; 2 
primos; 2 
paraiba; 2 
educacao; 2 
premierleagueredetv; 2 
boatardefox; 2 
libertadoresfoxsports; 2 
lavueltaeselestadio; 2 
otemponãopara; 2 
milhoescombolsonaro; 2 
nflnaespn; 2 
unmdp; 2 
nuncamas; 2 
syria; 2 
idlib; 2 
vempramassa; 2 
elesnunca; 2 
riodejaneiro; 2 
visibilidadebissexual; 2 
diadavisibilidadebissexual; 2 
repassem; 2 
debatebandrio; 2 
cristinanosetoca; 2 
investimentos; 2 
importante; 2 
13reasonswhy; 2 
nuevafotodeperfil; 2 
fuerzaargentina; 2 
juliolopez; 2 
operacionestratégicadefensiva; 2 
planvueltaalapatria; 2 
almagrorenunciamiserable; 2 
parouniversitario; 2 
rajneeshpuram; 2 
amizade; 2 
arte; 2 
elesporelas; 2 
política; 2 
bivisibilityday; 2 
chateada; 2 
happybirthdaydemi; 2 
tavira; 2 
cultura; 2 
algarve; 2 
democracia; 2 
mobilityweek; 2 
europa; 2 
câncer; 2 
elesim; 2 
timbreo; 2 
senado; 2 
asignacionesfamiliares; 2 
ti8br; 2 
sbt37anos; 2 
telaquente; 2 
haddad; 2 
diadeldetenidodesaparecido; 2 
tormenta; 2 
fichalimpa; 2 
pinkmoney; 2 
ruiva; 2 
amas; 2 
palcopopstar; 2 
sextadetremurasdv; 2 
ps4share; 2 
músicaboaaovivo; 2 
headabovewater; 2 
skoob; 2 
temer; 2 
cuba; 2 
telesurenáfrica; 2 
corremikimba; 2 
semlulaéciro; 2 
sineducacionnohayfuturo; 2 
uba; 2 
sorteo; 2 
diada2018; 2 
endesarrollo; 2 
fail; 2 
meetme; 2 
boatarde; 2 
mediopetroenzk; 2 
dolar; 2 
loshornos; 2 
astilleroriosantiago; 2 
medo; 2 
cironacnbb; 2 
bolsominionsecreto; 2 
engenharia; 2 
river; 2 
dead; 2 
bismarckhéroedelamor; 2 
onu; 2 
vueltanaespn; 2 
bolsonaronunca; 2 
bolsonaronãomerepresenta; 2 
inamehinforma; 2 
thevoicebradil; 1 
ivete; 1 
anitta; 1 
ivetesangalo; 1 
teamlulu; 1 
thevoice; 1 
priscila; 1 
lulahaddadmanu; 1 
cdmx; 1 
lomásvisto; 1 
danielgarza; 1 
amlo; 1 
villahermosa; 1 
tabasco; 1 
afp; 1 
ohleatica; 1 
semefo; 1 
enportada; 1 
naicm; 1 
taldiacomohoy; 1 
mul; 1 
bozonever; 1 
respectariana; 1 
rockinrio; 1 
facaumpedido; 1 
maquinadememes; 1 
tecmundo; 1 
retirement; 1 
quemmatoumarielle; 1 
lulainelegivel; 1 
ecommerce; 1 
bitcoin; 1 
objetivosdedesenvolvimentosustentável; 1 
baurusemdono; 1 
bauru; 1 
crypto; 1 
jovempannewsbauru; 1 
ethereum; 1 
cryptocurrency; 1 
battlefieldv; 1 
xrp; 1 
jackma; 1 
quemmandoumatarjb; 1 
litecoin; 1 
redmi6pro; 1 
boulosresponde; 1 
ancapistao; 1 
alibaba; 1 
japan; 1 
tictocnews; 1 
deputadaestadual; 1 
alessandravieira; 1 
r9iscomingparty; 1 
tiposdefics; 1 
moronacadeia; 1 
moroforadalei; 1 
moromatoupsdb; 1 
morotucano; 1 
fcbb04; 1 
fcbayern; 1 
gutebesserung; 1 
slbfcb; 1 
diemannschaft; 1 
laliga; 1 
esmuellert; 1 
athletic; 1 
s04fcb; 1 
realbetis; 1 
football; 1 
miasanmia; 1 
singaporegp; 1 
gefla; 1 
petkovic46; 1 
floridacup; 1 
ixpónuncaserá; 1 
lafabrica; 1 
santamarta; 1 
saudades; 1 
seguraessa; 1 
todoscontrasíndica; 1 
estabilidadeconomica; 1 
batalladoresdigitales; 1 
estebanecheverría; 1 
bastadeajusteeneducacion; 1 
paritarianacionaldocente; 1 
karinabarbara; 1 
bastadeamenazas; 1 
eduardopereyra; 1 
laentregadelpais; 1 
fonid; 1 
yoparo; 1 
paremoselajuste; 1 
lanochedeloslápices; 1 
andersonpresente; 1 
inverno; 1 
fimdoexpediente; 1 
desbspolly; 1 
opovo; 1 
todeferias; 1 
vcnobemestar; 1 
lunacreciente; 1 
aries; 1 
escorpio; 1 
jupiter; 1 
pasapaladra; 1 
lespuedohacerdaño; 1 
joselopez; 1 
cambiodeepoca; 1 
maestrosque; 1 
infografíaundav; 1 
deremate; 1 
planprimavera; 1 
viernesintratable; 1 
mifotodemauricio; 1 
espantoso; 1 
noteacostumbres; 1 
corinadebonis; 1 
masomenosasi; 1 
buensabado; 1 
braziliannavy; 1 
orgulhoepaixao; 1 
peladinho; 1 
modelo; 1 
yorkshire; 1 
falandodeyoutubers; 1 
uefaawards; 1 
wegotlove; 1 
naosenganem; 1 
saoluis406anos; 1 
womensequalityday; 1 
somostodosminions; 1 
icicestparis; 1 
psgsco; 1 
maicon; 1 
jamaisnoscalarao; 1 
globo; 1 
aovivo; 1 
3refeicoes; 1 
resistencia165dias; 1 
ciro; 1 
clasepolítica; 1 
raidernation; 1 
juzgueusted; 1 
lmfs; 1 
mlbxfox; 1 
gana; 1 
friends; 1 
votojovencarlospaz; 1 
mujerindigena; 1 
justiciaporbertacaceres; 1 
votojovenencarlospaz; 1 
votojoven; 1 
macripremiado; 1 
gobiernodelaciudad; 1 
justiciaporismael; 1 
seráley; 1 
ismaelramirez; 1 
laculturanoseachica; 1 
justiciaporsantiago; 1 
maldonado; 1 
puentepueyrredon; 1 
paronacional; 1 
agrotóxicos; 1 
justiciaporfacundo; 1 
madresdeplazademayo; 1 
fuerzascristina; 1 
digamos; 1 
voto; 1 
día2; 1 
4000abrasil; 1 
memoria; 1 
programación; 1 
poliamor; 1 
cinesocial; 1 
taller; 1 
tomate; 1 
gritodosexcluídos; 1 
bastadeenvenenarnos; 1 
edpaís; 1 
yodefiendolaeducaciónpûblica; 1 
ladróndemicerebro; 1 
diadelmaestro; 1 
chaucha; 1 
socialmedia; 1 
laeducacionnosevendesedefiende; 1 
lapasiónmásgrandedecórdoba; 1 
historia; 1 
luchemos; 1 
aguanterossi910; 1 
ventanas; 1 
capacitación; 1 
invicines; 1 
tranquilon; 1 
uiacontraeltarifazo; 1 
seviene; 1 
kiwi; 1 
cine; 1 
ofertas; 1 
ganaleamenta; 1 
proyección; 1 
mst; 1 
caxiastácombinado; 1 
avante; 1 
ideiasquemovempessoas; 1 
tácombinado; 1 
caxias; 1 
governodetodos; 1 
todospelomaranhão; 1 
maranhãpodetodos; 1 
fláviodinovo; 1 
thewalkingdead; 1 
formationworldtour; 1 
amorgay; 1 
otrii; 1 
ofensivaeconomica; 1 
17ago; 1 
chavismoalacalleporlapaz; 1 
amériquecentrale; 1 
fuerzavenezuela; 1 
uniónaduanera; 1 
el; 1 
fuerzacolombia; 1 
rio; 1 
sahel; 1 
americacentral; 1 
canalampliado; 1 
abousimbel; 1 
bogotá; 1 
costarica; 1 
integracionsica; 1 
ameriquecentrale; 1 
solidaridad; 1 
unañofrance24; 1 
lechiquiermondial; 1 
guatémala; 1 
panama; 1 
esa; 1 
fuerzabogota; 1 
honduras; 1 
solidarité; 1 
admiration; 1 
sacatepeque; 1 
admiracion; 1 
sahara; 1 
santuarioeuapoio; 1 
allurebestofbeauty; 1 
theboldtype; 1 
enpauta; 1 
amazonas1; 1 
conciliação; 1 
debateeleicoes2018; 1 
omarazzi; 1 
band; 1 
governodoamazonas; 1 
alfredonascimento; 1 
empauta; 1 
altashoras; 1 
altas; 1 
1millóndeafiliados; 1 
unmillóndegracias; 1 
mnav; 1 
180añosmuseosuy; 1 
construyendocultura; 1 
mpn18; 1 
redacaosportv; 1 
aquecimentoglobal; 1 
observatóriodoclima; 1 
vemsexta; 1 
sardinha; 1 
lançamento; 1 
perigo; 1 
descaso; 1 
saci; 1 
foraneto; 1 
recadodolula; 1 
queridinhodotite; 1 
saopaulo; 1 
palmeirasfreguesmatamata; 1 
rt; 1 
saopaulofc; 1 
vitxcam; 1 
jurailson_moraes; 1 
missionario_jurailson_original; 1 
missionario_jurailson; 1 
chamaomeirelles; 1 
gemidãodozaprn; 1 
equipehm; 1 
justiçaparalemongrabe; 1 
android; 1 
agostoacabandoeeu; 1 
hastasiemprechicha; 1 
nuncamás; 1 
bastadeajustes; 1 
concejo; 1 
donamédula; 1 
ollaspopulares; 1 
pilar; 1 
enmarcha; 1 
fcpolit; 1 
lavamosaencontrar; 1 
reformaconstitucional; 1 
unr; 1 
abortolegalseguroygratuito; 1 
villaeloisa; 1 
vidas; 1 
emergenciaalimentaria; 1 
diamundialdeldonantedemedulaosea; 1 
ahorremosjuntos; 1 
congresodemocracia2018; 1 
emergenciasocial; 1 
37campamentosanitario; 1 
boçalnaro; 1 
happybirthdayjorge; 1 
amodemais; 1 
eleições2018br; 1 
lovebooks; 1 
feminismo; 1 
homemade; 1 
hsh; 1 
domingando; 1 
dante; 1 
foucault; 1 
historiadasmulheres; 1 
mydoglovesun; 1 
café; 1 
vidademestranda; 1 
wrcturkey; 1 
adacrallye; 1 
acp; 1 
fcporto; 1 
rallygermany; 1 
ipdj; 1 
adacrallyedeutschland; 1 
militão; 1 
fcpmfc; 1 
cfbfcp; 1 
souotipodepessoaq; 1 
musicanaband; 1 
sofazinhonoyoutube; 1 
itamarapinga; 1 
mulherescontraocoiso; 1 
blablablametro; 1 
timbeta; 1 
coffee; 1 
f1driveroftheday; 1 
psychology; 1 
writing; 1 
psicologia; 1 
desk; 1 
italiangp; 1 
outworkyesterday; 1 
chivsgb; 1 
neonparty; 1 
books; 1 
tarcisio50; 1 
lulaépresidiário; 1 
same; 1 
juventudlanús; 1 
jprolanús; 1 
puenteolimpicoriberasur; 1 
juventudlanus; 1 
haciendoloquehayquehacer; 1 
selecaosportv; 1 
trocadepasses; 1 
joganogoogle; 1 
neymar; 1 
bdebate; 1 
pelé; 1 
expedientefutebol; 1 
centralfox; 1 
recibo; 1 
afcxfla; 1 
flaxcsc; 1 
sportscenter; 1 
garotosdoninho; 1 
tenso; 1 
segundafeira; 1 
luizianne1313; 1 
gdp; 1 
fake; 1 
us; 1 
goop; 1 
tradewars; 1 
bandodepaumandado; 1 
mariapress; 1 
camxcap; 1 
libertadores; 1 
galo; 1 
ripjornalismo; 1 
myfirsttweet; 1 
rohingya; 1 
palestine; 1 
google; 1 
palestinian; 1 
judaism; 1 
fredhampton; 1 
blackpanther; 1 
jewish; 1 
jews; 1 
israeli; 1 
socialistsunday; 1 
envídeo; 1 
31minutos; 1 
600familias; 1 
losdejaronenlacalle; 1 
cartasmarcadas; 1 
fiscales; 1 
pabloross; 1 
diariolibre; 1 
elgobiernodelamañana; 1 
ods14; 1 
listasmarcadas; 1 
cdn; 1 
envivocdn; 1 
para2030; 1 
objetivosmundiales; 1 
nextgenundp; 1 
agenda2030rd; 1 
raeconsultas; 1 
concursofiscales; 1 
diademarina18; 1 
anap; 1 
bozonauro2018; 1 
sinpalabras; 1 
jaehfinaldeagostoeu; 1 
tudoseriamelhorse; 1 
khloeterae; 1 
eledejeitonenhumnão; 1 
itsmylife; 1 
brasilfelizdenovo; 1 
jackkirby; 1 
wce; 1 
haddadpresidente13; 1 
haddatpresidente13; 1 
vamosvirarfogo; 1 
falamaisgentili; 1 
vaipegarfogo; 1 
queremosobi; 1 
fato; 1 
tattoo; 1 
universidadpublica; 1 
racing; 1 
vidasracinguistas; 1 
universidadpublicasiempre; 1 
crisisargentina; 1 
azureday; 1 
compol; 1 
emirkusturica; 1 
biennalecinema2018; 1 
10años; 1 
win; 1 
unga; 1 
napolitans; 1 
conferenzastampa; 1 
effie10anos; 1 
venicefilmfestival; 1 
venezia75; 1 
kusturica; 1 
effie; 1 
avantpremiere; 1 
marketingpolítico; 1 
elpepeunavidasuprema; 1 
socialbi; 1 
nossasenhoraaparecida; 1 
finalspace; 1 
morfitelefegenio; 1 
euacredito; 1 
cuomo; 1 
bardigang; 1 
teamcynthia; 1 
hurricaneflorence2018; 1 
nationalprisonstrike; 1 
theresistance; 1 
nygov; 1 
obstructionofjustice; 1 
cynthianixongang; 1 
whyididntreport; 1 
primaryday; 1 
tiempovenezuela14sep2018; 1 
reconversiónmonetaria; 1 
bolívarsoberano; 1 
nuevoordeneconómico; 1 
irán; 1 
ahorroenoro; 1 
1sept; 1 
10sep; 1 
hastacuando; 1 
plandeahorro; 1 
píritu; 1 
venezuelaindestructible; 1 
tiempoclima; 1 
másprotecciónalpueblo; 1 
nuevoordeneconomico; 1 
pendientes; 1 
naguanagua; 1 
asilodijo; 1 
24ago; 1 
florence; 1 
vosllevaslaesperanza; 1 
astrologia; 1 
lisasimpson; 1 
escorpião; 1 
bakerstreet; 1 
zodiaco; 1 
bolívar; 1 
damnificadosdeapure; 1 
pzo; 1 
bilingual; 1 
fuzileironaval; 1 
lunes; 1 
emelexista; 1 
hartademencia; 1 
admisiones2018; 1 
telégrafo; 1 
guayaco; 1 
increible; 1 
juanavallejo; 1 
ucsg; 1 
cuencaecuador; 1 
detumboentumbo; 1 
vemprofut; 1 
cfk; 1 
noamchomsky; 1 
telamsedefiende; 1 
soloperiodismo; 1 
nutrientes; 1 
pierresané; 1 
timedoador; 1 
lamosca; 1 
frenterenovador; 1 
americanhorrorstory; 1 
problemaseu; 1 
howtogetawaywithmurder; 1 
save1h; 1 
ceuliquido; 1 
fantasticbeasts; 1 
g1minas; 1 
wizardingwednesdays; 1 
globolixo; 1 
presodentelula; 1 
forcaanitta; 1 
distracaomidiatica; 1 
tirogomes; 1 
esquerdaescoriadomundo; 1 
euvotobolsonaro; 1 
mensalinhodotwiter; 1 
bolsonaro17no1oturno; 1 
esquerdafascista; 1 
juizdefora; 1 
globonews; 1 
diastoffoli; 1 
bolsonaropresidente; 1 
istoédesespero; 1 
humanrights; 1 
anittadiganãoaofascismo; 1 
falamesmogentili; 1 
lulaepresidiario; 1 
lulaépresidiario; 1 
facada; 1 
esquerdaassasina; 1 
chinelagemcontrabolsobaro; 1 
bolsonaro17eleito1oturno; 1 
bolsonaroeleito1ºlugar; 1 
direitaunida; 1 
bolsonaro17no1ºturno; 1 
cirofilhodaputa; 1 
bolsonaropresidente2018; 1 
rj; 1 
rj2; 1 
debateband; 1 
42d; 1 
42a; 1 
42c; 1 
rodandoando; 1 
goodvibes; 1 
ja; 1 
mejoractor; 1 
dondelosmundoscolapsan; 1 
ridefree; 1 
bikerslife; 1 
betty; 1 
talentoemti; 1 
tambienaplicanomames; 1 
sueñaengrande; 1 
cuidatedelacamara; 1 
solosiente; 1 
silvianavarro; 1 
sisepuede; 1 
salinasteam; 1 
deleallichallenge2; 1 
óscareyes; 1 
mederrito; 1 
st; 1 
paulinagoto; 1 
fuegoenlasangre; 1 
oscar; 1 
antonio; 1 
fernando; 1 
vivehoy; 1 
deleallichallenge; 1 
ana; 1 
fabiola; 1 
guerra; 1 
jorgesalinas; 1 
calordelocos; 1 
familialascuray; 1 
mcet; 1 
friday; 1 
jorgeortiz; 1 
soplapitos; 1 
yasuni; 1 
30s; 1 
américalatina; 1 
impuestoaltrabajo; 1 
aquilesrigail; 1 
glas; 1 
asesoresfantasma; 1 
cj; 1 
renunciavagotraidorincapaz; 1 
nfid19; 1 
auxiliofralda; 1 
witmonth; 1 
vemferias; 1 
ficacuellar; 1 
realmadrid; 1 
últimahora; 1 
cuentameherminia; 1 
psoe; 1 
answerin7days; 1 
theansweriscoming; 1 
answerishere; 1 
theanswerishere; 1 
armyselcaday; 1 
iheartfestival; 1 
1sep; 1 
noticia; 1 
venceremos; 1 
cirogomes; 1 
querociropresidente; 1 
cirogomes2018; 1 
ciropresidente2018; 1 
ciro12no2turno; 1 
ressegdistribuidora; 1 
queropazquerociro; 1 
fangirlpls; 1 
précarité; 1 
liberalismonobrasil; 1 
ele; 1 
romariona93fm; 1 
maiortorcidadomundo; 1 
flaxcor; 1 
nagaveta; 1 
reformapolítica; 1 
boletimmatutino; 1 
detestoquandofalam; 1 
corinthiansgrande; 1 
respeitaasminas; 1 
teamemilly; 1 
paz; 1 
bluearmy; 1 
lollabr; 1 
lollapalooza2019; 1 
opinião; 1 
mulheresunidascontraobolsonaro; 1 
dragonballsuper; 1 
marcha4s; 1 
dbsbroly; 1 
mulherescontraofacismo; 1 
assédioéhabitonoelite; 1 
vermelhopornós; 1 
paramoreartfriends; 1 
assedioehabitonoelite; 1 
pimentel13; 1 
vitóriadaconquista; 1 
haddad13manu; 1 
kristenbell; 1 
sqn; 1 
therevivalshow; 1 
htgawm; 1 
drewbarrymore; 1 
everwood; 1 
arresteddevelopment; 1 
thecomedytvstar; 1 
eusim; 1 
doctorwho; 1 
sevira; 1 
circuitão; 1 
citeumatretaesaia; 1 
vem3kdeestórias; 1 
inovacaoeducativa; 1 
manuaovivo; 1 
memes; 1 
guiadovoto; 1 
eleicoes; 1 
colocoloa4tos; 1 
casobalda; 1 
noalajusticiapolitizada; 1 
chicaiza; 1 
lawfareecuador; 1 
stoplawfare; 1 
balda; 1 
estado; 1 
hadad_fernando; 1 
cruzeiro; 1 
emmys2018; 1 
tatiastemer; 1 
asksu; 1 
oceans8; 1 
theactionmovie; 1 
braxeua; 1 
fandomseguefandoms; 1 
crazyrichasians; 1 
happybirthdayliam; 1 
lpfirsttime; 1 
taylorcaniffnobrasil; 1 
weloveliambecause; 1 
1dcomeback2020; 1 
xfactor; 1 
eliana; 1 
eleiçoes2018; 1 
comenzardenuevo; 1 
naminhatvtcl; 1 
euqueroumuno; 1 
bottledup; 1 
divadepressão; 1 
bottedupoutnow; 1 
boulos; 1 
catboxmonday; 1 
lulalivresp; 1 
lgbtqtwitter; 1 
partiutoca3; 1 
brasilcomciro; 1 
vote12; 1 
abreobicoadelio; 1 
b17; 1 
puntademata; 1 
fanb; 1 
gasolinaconbiopa; 1 
correoorinoconacionales; 1 
24sep; 1 
periscope; 1 
enestemomento; 1 
frentepreventivomunicipioezequielzamora; 1 
esperança; 1 
dimensão22; 1 
voodavida; 1 
pgr; 1 
transplante; 1 
vida; 1 
sempe; 1 
mdic; 1 
semináriodecomércioeletrônicotransfronteiriço2018; 1 
donosdaamérica; 1 
cheidifome; 1 
diadegrêmio; 1 
vamostricolor; 1 
libertadores2018; 1 
grexprc; 1 
esquinasdeformaciónpopular; 1 
librelibro2018; 1 
nombres; 1 
pensemoscolectivamente; 1 
13s; 1 
gabrielacruz; 1 
felizmartes; 1 
6mesesderk; 1 
lavozdelaresistencia; 1 
impostor; 1 
kolectivozenmarcha; 1 
manonegrademoreno; 1 
leytrole3; 1 
viernes; 1 
revoluciónciudadana; 1 
asambleaterritorial; 1 
resistencia; 1 
distrito2guayas; 1 
durán; 1 
lenínchao; 1 
leyanticorrupción; 1 
labatalladelasideas; 1 
bolsonaronao; 1 
renaultseguerenault; 1 
xuxanoporchat; 1 
lulainelegível; 1 
vidalmiente; 1 
dolardesconfianza; 1 
miercolesintratable; 1 
21apresente; 1 
astillerosriosantiago; 1 
ukulele; 1 
koreanmusic; 1 
hot100; 1 
blanc7comeback; 1 
koreanpop; 1 
블랑세븐; 1 
drama; 1 
jackpotentertainment; 1 
드라마; 1 
oatirador; 1 
chavesnomultishowep82; 1 
arrow; 1 
partsunknown; 1 
happybirthdayhermionegranger; 1 
fallontonight; 1 
benfica; 1 
undiacomohoy; 1 
gk; 1 
goalkeeper; 1 
sidevolley; 1 
gktraining; 1 
50km; 1 
gkdistribution; 1 
peñarol; 1 
themoderndaygk; 1 
slowmo; 1 
wakeupandwatchanne; 1 
renovada; 1 
foi; 1 
afreirafilme; 1 
bpn; 1 
alaerte13513; 1 
lugardemulhereondeelaquiser; 1 
alaertemartins13513; 1 
josete1363; 1 
loira; 1 
formacaodejovens; 1 
hairstyle; 1 
soosdaquebrada; 1 
malvinas; 1 
laeducacionpublicasedefiende; 1 
hayotrocamino; 1 
desorientados; 1 
romaña; 1 
somoselantídoto; 1 
últimasnoticias; 1 
mepasoalafm; 1 
renunciecarrasquilla; 1 
alkaseltzerchallenge; 1 
puroveneno; 1 
galaxias; 1 
lanuevabogotá; 1 
hidroituango; 1 
enlosterritorios; 1 
volveraganar; 1 
rutapotxbogota; 1 
sosuniversidadespúblicas; 1 
congresonoaplacehidroituango; 1 
rutapotxbogotá; 1 
calarcá; 1 
díainternacionaldelapaz; 1 
confidenciales; 1 
mindefensaenemigodelaprotesta; 1 
lapazeselcamino; 1 
niunamás; 1 
yavienelacolombiahumana; 1 
seguros; 1 
pymes; 1 
trámites; 1 
tenisxespn; 1 
teamworld; 1 
cauêcésis; 1 
théocésis; 1 
papãodacuruzu; 1 
pscxcri; 1 
30diasdeequilibrioeconomico; 1 
deporte; 1 
pastormaldonado; 1 
19agos; 1 
hacialahuelgageneral; 1 
smanic21; 1 
aunqueteduela; 1 
diadeflu; 1 
promilitaresaovivo; 1 
vaicorinthians; 1 
casamentodrewelinda; 1 
conceicaoverdade; 1 
tvovale; 1 
policia; 1 
conceicao; 1 
escolas; 1 
arsenal; 1 
falaciro12; 1 
futsaldas18; 1 
sãoluís; 1 
somostodoscampeões; 1 
competindo; 1 
futgloboradio; 1 
seleçãosportv; 1 
litorâneabeach; 1 
batebola; 1 
bomdiafoxquinta; 1 
futsalnosportv; 1 
casadachampions; 1 
sabedequem; 1 
úrsulasenadora500; 1 
flaviseu; 1 
embaixadaflaviseu; 1 
pactospace; 1 
chelsea; 1 
samu_fc; 1 
sulamericanafoxsports; 1 
bbnaveia; 1 
futsal2018; 1 
xamarinforms; 1 
micdropremix; 1 
btsarmy; 1 
mamaaoki; 1 
djmagtop100; 1 
sanlorenzo; 1 
lacanchalabancalagente; 1 
queremosvolver; 1 
schoolgirlcrush; 1 
paythemhatersnomind; 1 
powerofjewhating; 1 
tellmesomethingidontknow; 1 
marr; 1 
trumpsfriends; 1 
iris; 1 
marianoseva; 1 
fazenda; 1 
zorra; 1 
ranço; 1 
cãominhada; 1 
mardelplata; 1 
leydeeducación; 1 
extensión; 1 
inclusión; 1 
medicina; 1 
plateia; 1 
germany; 1 
reeperbahn; 1 
linikereoscaramelows; 1 
show; 1 
public; 1 
reeperbahnfestival; 1 
german; 1 
todotrucho; 1 
quilmes; 1 
elgranajuste; 1 
elcongresoporlaeducación; 1 
3ercongresojpsuv; 1 
crecelabronca; 1 
pichetto; 1 
9sep; 1 
6sep; 1 
cirosim; 1 
trazmaisum; 1 
mulheresunidas; 1 
gogators; 1 
gatornation; 1 
gatorpride; 1 
fechocomciro; 1 
esquemagambá; 1 
fechadocomciro; 1 
cirãodamassa; 1 
brasilélula; 1 
somoslula; 1 
happybirthdayniall; 1 
smule; 1 
masterchef; 1 
teampaulo; 1 
teameurope2018; 1 
lavercup; 1 
brooklyn99; 1 
redenoticiando; 1 
diadavisibilidadelesbica; 1 
l3; 1 
metrôsp; 1 
tachovendohamburguer2; 1 
frouxo; 1 
bolsinho; 1 
elesnão; 1 
renzoreggiardo; 1 
eleccionesmunicipales2018; 1 
corrupción; 1 
reggiardo; 1 
18deabril; 1 
plagioacadémico; 1 
poderjudicial; 1 
pedrosuárezvértiz; 1 
danielortega; 1 
sanmarcos; 1 
candidatos; 1 
discurso; 1 
bamdnews; 1 
op9; 1 
debate; 1 
estrategia; 1 
papocabeca; 1 
tvmanaira; 1 
buenmartes; 1 
mmvas; 1 
ffsinglehavana; 1 
porenganomeuovo; 1 
museunacionalvive; 1 
insubstituiveltm; 1 
cblol; 1 
leão; 1 
jenpex; 1 
souunaguerreira; 1 
nãoestacionenafonte; 1 
tricolor; 1 
vadeuber; 1 
naoestacionenaarena; 1 
bahiamaiordomundo; 1 
naoestacionanafonte; 1 
santacruz; 1 
gol; 1 
queremospreçojusto; 1 
coralnet; 1 
golaço; 1 
afontenovaénossa; 1 
foconocliente; 1 
naoestacionenaitaipavaarenafontenova; 1 
vademetro; 1 
esquadrão; 1 
marchadelsilencio; 1 
19s; 1 
aiuda; 1 
fondalamatria2018; 1 
extra; 1 
mareaverde; 1 
ruruzinhaemestudio; 1 
boicotehavan; 1 
oamorvencera; 1 
mãespeladiversidade; 1 
foiela; 1 
posteiehsaicorrendo; 1 
falabrasil; 1 
agoraénopaca; 1 
sanxind; 1 
santosotimedavirada; 1 
teamday; 1 
nbanosportv; 1 
reagesantos; 1 
gabi2gols; 1 
parxsan; 1 
asiangames; 1 
fifa19; 1 
teamfrio; 1 
condenastf; 1 
mulhervotaemmulher; 1 
burro; 1 
néstorkirchner; 1 
concristinanosejode; 1 
salariosdignos; 1 
festivaldeguitarra; 1 
cronicaanunciada; 1 
loqueestápasando; 1 
escuelasseguras; 1 
aprendizagem; 1 
mmn; 1 
vidaclass; 1 
médicos; 1 
empreendedor; 1 
festmicro2018; 1 
profissional; 1 
bonificações; 1 
desafiounidasnasruas; 1 
teotfw; 1 
comuna14; 1 
diadeljublilade; 1 
lápices; 1 
lossaqueadoresestanenlacity; 1 
soydelaciudad; 1 
reuniónconvecinxs; 1 
leandrosantoro; 1 
ruidazo; 1 
macriesmuerte; 1 
comedorpopular; 1 
lanochedeloslapices; 1 
lapascana; 1 
juntadaciudadana; 1 
comuna11; 1 
cildáñez; 1 
discepolín; 1 
sonlopeor; 1 
conuna14; 1 
lossaqueadoresestánenlacity; 1 
constitución; 1 
ripmacmiller; 1 
nomassicariatocampesino; 1 
12sep; 1 
niunamenoschallenge; 1 
soychavistayvoypalante; 1 
lima; 1 
kenderadriángarcíamarques; 1 
13sep; 1 
elahorroesoro; 1 
colombiana; 1 
feriasescolares; 1 
elpaís; 1 
entérate; 1 
mástemprano; 1 
correoorinocomultipolaridad; 1 
operacionestrategicadefensiva; 1 
venezolano; 1 
14sep; 1 
buquesdepaz; 1 
noestamostodasfaltamayell; 1 
vueltaalapatria; 1 
condominioahorcado; 1 
pepemujica; 1 
lechuguinos; 1 
prediomontecarlo; 1 
miercoleseconomico; 1 
22sep; 1 
asílodijo; 1 
recordando; 1 
felizsábado; 1 
insólito; 1 
dolara40; 1 
siemprenoticias; 1 
usopenxespn; 1 
27a; 1 
cacerolazo; 1 
fuerza; 1 
redessociales; 1 
avrilscomeback; 1 
leitura; 1 
desarme; 1 
sexual; 1 
zmot; 1 
thursdaymotivation; 1 
ideologiadegenero; 1 
militância; 1 
humanidade; 1 
fridayfeeling; 1 
cartão; 1 
fucksociety; 1 
musica; 1 
lutarsópelapaz; 1 
quoteoftheday; 1 
fridaymotivation; 1 
orientacao; 1 
bestpeople; 1 
introvertproblems; 1 
protesto; 1 
pwa; 1 
votoconscienteéaúnicasolução; 1 
uptowhat; 1 
mitologia; 1 
prohibition; 1 
documentário; 1 
factcheck; 1 
introvert; 1 
whitepeopleproblem; 1 
voluntariado; 1 
epidemias; 1 
thursdaythoughts; 1 
sartre; 1 
wednesdaywisdow; 1 
madmen; 1 
wednesdaywisdom; 1 
uptosomething; 1 
capitalism; 1 
madness; 1 
diversidade; 1 
rajneesh; 1 
messi; 1 
forçabarça; 1 
haddadmanu; 1 
carolbiazin400k; 1 
daynotvz; 1 
catarsecarolbiazin; 1 
dayecarolnomusicaboa; 1 
tvz; 1 
biazinasbicho; 1 
inovarparamim; 1 
lay; 1 
rapnacional; 1 
espnbomdia; 1 
lans; 1 
ahs8; 1 
bolsonaropredidente17; 1 
temerthemonio; 1 
forabolsonaro; 1 
pramudarobr; 1 
vamossemmedo; 1 
eutocomboulosesonia; 1 
seempoderamulher; 1 
boulosesonia50; 1 
eutôcomboulos; 1 
boulosesonia; 1 
psol2018; 1 
boulosesônia2018; 1 
vamoscomboulosesonia; 1 
friendsday; 1 
bonadio; 1 
boudouenlamak; 1 
avellaneda; 1 
mercadosantelmo; 1 
desatados; 1 
bastaderepresion; 1 
grabois; 1 
patrimoniopresidencial; 1 
ajudeamaribel; 1 
lanacope; 1 
buzsheep; 1 
defendamoslauniversidadpublica; 1 
existeajuda; 1 
alixinim; 1 
hazladepez; 1 
temperley; 1 
lulaço; 1 
6underground; 1 
serena; 1 
twitch; 1 
acessaolink; 1 
spyroreignitedtrilogy; 1 
crashbandicoot; 1 
pixelart; 1 
mulheres; 1 
campeãodentrodecampo; 1 
southamericamemes; 1 
éverdadeessebilete; 1 
campeãosemfax; 1 
cr7juve; 1 
leo; 1 
keepbreathinariana; 1 
pinkcarpet; 1 
confúcionarede; 1 
rondonia; 1 
partiu; 1 
teiadavida; 1 
natureza; 1 
vidaspreservadas; 1 
photography; 1 
europe; 1 
lattakia; 1 
エクセレント建築モデル; 1 
iran; 1 
roman; 1 
ysl18; 1 
openfuture; 1 
whitehelmets; 1 
ysl; 1 
pradaeditorials; 1 
ieda; 1 
archaeology; 1 
article13; 1 
pradalinearossa; 1 
lfw; 1 
ss19; 1 
dprk; 1 
nasrallah; 1 
ahedtamimi; 1 
miadoc; 1 
folklorethursday; 1 
voguejapan; 1 
mymutiny; 1 
yvessaintlaurent; 1 
onthisday; 1 
saintlaurent; 1 
italy; 1 
isis; 1 
nowfashion; 1 
bubbline; 1 
klancemonth2018; 1 
vascodagama; 1 
gratidão; 1 
trensrj; 1 
trensurbanosrj; 1 
centraldobrasil; 1 
lusofonias; 1 
euinmyregion; 1 
sba; 1 
justiça; 1 
lagos; 1 
rentree2018; 1 
politics; 1 
boasideias; 1 
gastronomy; 1 
bomdomingo; 1 
faro; 1 
comboios; 1 
veluxehfcl; 1 
dietamediterranica; 1 
diogopiçarra; 1 
diadesporting; 1 
brexit; 1 
ferrovia; 1 
europaleague; 1 
vinho; 1 
monchique; 1 
boanoite; 1 
sportingtv; 1 
igualdade; 1 
sabores; 1 
u2; 1 
portugalmelhor; 1 
musicaportuguesa; 1 
lagoa; 1 
comida; 1 
futsal; 1 
sportingcp; 1 
gastronomia; 1 
vinhosdoalgarve; 1 
portugal2020; 1 
alcoutim; 1 
futebol; 1 
policies; 1 
u2live; 1 
nobrexit; 1 
ligaeuropa; 1 
portugal; 1 
descentralização; 1 
andebol; 1 
algarve2020; 1 
qualifica; 1 
sporting; 1 
pluralsightiq; 1 
angular; 1 
tunja; 1 
7vecessicontralacorrupcion; 1 
mocoa; 1 
rent; 1 
bahai; 1 
checkin; 1 
want; 1 
pluscodes; 1 
nationaleprotestantentest; 1 
plustags; 1 
youcanusethemrightnow; 1 
ondalaranja; 1 
oitnb6; 1 
oitnbseason6; 1 
lovetwitter; 1 
natashapresidente; 1 
elesim17; 1 
forca; 1 
dalenobts; 1 
dsr; 1 
andersongomes; 1 
medodenofuturo; 1 
aquaman; 1 
hammertime; 1 
teamlh; 1 
seb5; 1 
jets; 1 
laziogenoa; 1 
esportv; 1 
dhmtl2018; 1 
faceitmajor; 1 
somosmibr; 1 
csgo; 1 
juntospelotetra; 1 
vamosbelgrano; 1 
smfl; 1 
superligadecamisetas; 1 
jugadordelmes; 1 
elmasgrandedelinterior; 1 
deforestación; 1 
superligaquilmesclasica; 1 
alobelgrano; 1 
hoyjuegabelgrano; 1 
delasota; 1 
tntsports; 1 
ab; 1 
talleres; 1 
fechakappa; 1 
otravezlagrieta; 1 
goldelafecha; 1 
dtdelafecha; 1 
jugadormotomel; 1 
educaciónpública; 1 
superligaquilmesclásica; 1 
tntgol; 1 
meupiminhasregras; 1 
lazio; 1 
juve; 1 
indireta; 1 
oladotretadaforca; 1 
juvelazio; 1 
descubra; 1 
nãoéporqueeusouengenheiroque; 1 
otoño; 1 
porsinoloviste; 1 
león; 1 
clasicoregio; 1 
libertadores2010; 1 
cholo; 1 
scinternacionalcampeão; 1 
taçalibertadores; 1 
bipride; 1 
dólarcristina; 1 
garcamarl; 1 
stornelliconfantino; 1 
uommorón; 1 
macrigato; 1 
saludenpeligro; 1 
babyescachibache; 1 
enqueselagastan; 1 
ineptos; 1 
nopeganuna; 1 
inflación; 1 
evita; 1 
terranotícias; 1 
diainternacionaldasolidariedade; 1 
valorizeavida; 1 
vamosacordarparaarealidade; 1 
prevencaoaosuicidio; 1 
vemfresh; 1 
elenever; 1 
elejamás; 1 
ctera; 1 
conyugue; 1 
dolarcristina; 1 
carlosfuentealba; 1 
buenlunes; 1 
ctadelxstrabajadorxs; 1 
supermercado; 1 
superdevaluados; 1 
anmat; 1 
allanamientos; 1 
mesadeunidadsindical; 1 
legislatura; 1 
homoturisticus; 1 
saqueo; 1 
wegoup_mv_8_25pm; 1 
we_go_up; 1 
해찬; 1 
wegoup_오늘뮤뱅컴백; 1 
smtown; 1 
nctdream; 1 
exo; 1 
로꼬; 1 
nctdream_go_up; 1 
young; 1 
nctdream_wegoup; 1 
renjun; 1 
nct_dream; 1 
wegoup; 1 
런쥔; 1 
nct; 1 
haechan; 1 
exoplanet; 1 
stationx0; 1 
소리바다_공정성_공론화; 1 
백현; 1 
twilight; 1 
baekhyun; 1 
loco; 1 
musicbank; 1 
go_up; 1 
minecraftdegraça; 1 
blastcraft; 1 
p9; 1 
lot; 1 
ghvip6; 1 
peledodota; 1 
ti8; 1 
annewithaneseason3; 1 
felizdíadelmaestro; 1 
stopfatphobia; 1 
hueca; 1 
duggansalidelclosetloca; 1 
lm5; 1 
porchatestamuitobom; 1 
porchat; 1 
bigmouth; 1 
saoxcha; 1 
saoxcea; 1 
anittanothevoicebrasil; 1 
thegooddoctor; 1 
vaibrasil; 1 
braxesa; 1 
deputadafederalrj; 1 
bolinhadepapel; 1 
spdaviolência; 1 
favela; 1 
caradepau; 1 
violênciageraviolência; 1 
unicamp; 1 
bozo; 1 
golpe2016; 1 
carolinadejesus; 1 
incendionomuseu; 1 
educação; 1 
quintadaboavista; 1 
quartodedespejo; 1 
simonesaturninobraga; 1 
golpe; 1 
programadegoverno; 1 
ufrgs2018; 1 
midiafake; 1 
ufrgs2019; 1 
bozonaro; 1 
literatura; 1 
vergonhaalheia; 1 
globomente; 1 
brunohenrique; 1 
povoburro; 1 
mais90; 1 
tnc; 1 
vinotinto; 1 
andreaparrella; 1 
tomemosconciencia; 1 
netanyahu; 1 
palestina; 1 
yonoolvido; 1 
pelamor; 1 
purabucha; 1 
sóganhavotopqélouco; 1 
somostodosburros; 1 
aba_cantv_reportesa; 1 
radios; 1 
andatemacri; 1 
cumbredeolivos; 1 
emergenciaeducativa; 1 
prochorros; 1 
mañanaimposible; 1 
mammatus; 1 
elorgullodesermaceta; 1 
holabuenosdías; 1 
duda; 1 
soupatrício12190; 1 
soupatricio; 1 
patrício12190; 1 
coragemecompromisso; 1 
soupatricio12190; 1 
combateàcorrupção; 1 
patricio12190; 1 
notopinkmoney; 1 
elenemfodendo; 1 
sardas; 1 
redhead; 1 
filho; 1 
redhair; 1 
ruivasdobrasil; 1 
mylove; 1 
lindo; 1 
diadoruivo; 1 
ruivosdobrasil; 1 
passeio; 1 
ruivos; 1 
bebes; 1 
parque; 1 
brigadeiro; 1 
gingerhair; 1 
runkeeper; 1 
teamluablanco; 1 
bonner; 1 
haddadnojornalnacional; 1 
estadao; 1 
harrypotter; 1 
hogwartstnt; 1 
proofreader; 1 
translator; 1 
arabic; 1 
eficienciaenergetica; 1 
english; 1 
bolsonaronajovempan; 1 
dia7é17; 1 
areiabranca; 1 
manuvice; 1 
festivaldegramado; 1 
tmj; 1 
globocensura; 1 
sabedoriasempre; 1 
ficaadica; 1 
sabedoriadodia; 1 
endefensadelaeducaciónpública; 1 
defensordelniñoya; 1 
nnapes; 1 
domingão; 1 
antifa; 1 
happybirthdaybeyonce; 1 
beyday; 1 
happybirthdaybeyoncé; 1 
meditate; 1 
spreaker; 1 
rocksteady; 1 
folego; 1 
45rpm; 1 
kenboothe; 1 
itunes; 1 
jamboree; 1 
ital; 1 
reggae; 1 
tiradochicobento; 1 
sótocatop; 1 
geraldonojn; 1 
eueocigarro; 1 
teatro; 1 
novodia; 1 
loopingbahiaoverdub; 1 
fitbh2018; 1 
aberturafestival; 1 
sp1; 1 
intxfla; 1 
viena; 1 
cadenasdevalor; 1 
quitocolapsó; 1 
forodelasociedadcivil; 1 
explotaciónsexual; 1 
díadelaslenguasdeseñas; 1 
desafionodal; 1 
comisióndemedioambiente; 1 
izquierda; 1 
contralatrata; 1 
josémujica; 1 
med2020; 1 
letícian15; 1 
bigbangtheory; 1 
takitaki; 1 
salvador; 1 
núcleoluisanselmo; 1 
capoarte; 1 
lulapreso; 1 
acústhico; 1 
estilols; 1 
leosantana; 1 
fidelcastro; 1 
entrevistaexclusiva; 1 
diazcanelentelesur; 1 
interviewsfromquito; 1 
guillaumelong; 1 
storm; 1 
cumandá; 1 
globalsouth; 1 
africa; 1 
southafrica; 1 
malema; 1 
now; 1 
breaking; 1 
president; 1 
telesur; 1 
alert; 1 
earthquake; 1 
fromthesouth; 1 
issac; 1 
quito; 1 
diazcanel; 1 
cuban; 1 
justice; 1 
mandela; 1 
live; 1 
díazcanelentelesur; 1 
casochevron; 1 
7desetembro; 1 
lgbtq; 1 
baitaamigos; 1 
marvel; 1 
meuaniversáriodotwitter; 1 
gofla; 1 
f1nogp; 1 
ateofimdoanoeu; 1 
setembroamarelotweetsdobem; 1 
ラブライブ三昧; 1 
segundadetremurasdv; 1 
lulalive; 1 
socorrodeus; 1 
ganancias; 1 
educacionpublicasiempre; 1 
defendamoslaeducaciónpública; 1 
laúltimacena; 1 
conicet; 1 
paritariasdocentes; 1 
cnba; 1 
laultimacena; 1 
rightnow; 1 
losalumnosenlasaulas; 1 
paísxusto; 1 
ribeiroencomún; 1 
19agosto; 1 
bierzo; 1 
francelos; 1 
sada; 1 
còmplices; 1 
festadaistoria; 1 
contradiciónpermanente; 1 
17a; 1 
catalunya; 1 
arrincadeira; 1 
losfranco; 1 
nuncamáis; 1 
festaistoria2018; 1 
pablocasado; 1 
pp; 1 
sargadelos; 1 
crtvg; 1 
ourense; 1 
hemeroteca; 1 
susanaluaña; 1 
nonpasarán; 1 
anxelcasal; 1 
30festadaistoria; 1 
tvg; 1 
frentepopular; 1 
diazpardo; 1 
ribeirodoavia; 1 
ribadavia; 1 
alexandrebóveda; 1 
sanabria; 1 
marisquiño; 1 
vendima2018; 1 
currosenríquez; 1 
servizopúblico; 1 
méndezferrín; 1 
ninunhamenos; 1 
allendevive; 1 
nonésócataluñaéademocracia; 1 
unidadepopular; 1 
ribeiro; 1 
venresnegro; 1 
30anosfestaistoriaribadavia; 1 
elintermedio; 1 
invernadoiro; 1 
stopfascismo; 1 
leopaim; 1 
abortolegal; 1 
dolarimparable; 1 
ministerios; 1 
nonoscallamosmas; 1 
confianzatotal; 1 
represion; 1 
diadelaradio; 1 
represión; 1 
queremospreguntar; 1 
unsam; 1 
yodefiendolasaludpública; 1 
total; 1 
rosenkrantz; 1 
munro; 1 
alaltarconjosemaria; 1 
india; 1 
yonofui; 1 
despidos; 1 
bastaderepresión; 1 
enm33; 1 
macri; 1 
sanmiguel; 1 
ministeriodecultura; 1 
cortesuprema; 1 
ministeriodesalud; 1 
marchanacionauniversitaria; 1 
kirchnerotrotskista; 1 
basta; 1 
vicentelopez; 1 
iletuderecho; 1 
dujovne; 1 
boletinoficial; 1 
lsu; 1 
geauxtigers; 1 
tropicalstormgordon; 1 
coytada; 1 
vocal; 1 
drummer; 1 
bloodypeppers; 1 
f1nosportv; 1 
rehearsal; 1 
guitar; 1 
bass; 1 
redhotchilipeppers; 1 
monza; 1 
bssm; 1 
gig; 1 
tuitutil; 1 
boulosnagazeta; 1 
maistradicional; 1 
estranhonovamente; 1 
algodeerradonaoestacerto; 1 
ufa; 1 
help; 1 
streamproblemaseu; 1 
starwars; 1 
realmadridatleti; 1 
dep; 1 
díamundialdelafotografía; 1 
kofiannan; 1 
taldíacomohoy; 1 
supercopadeeuropa; 1 
supercup; 1 
aúpaatleti; 1 
carabobo; 1 
epsd; 1 
frasesdechávez; 1 
operaciónestratégicadefensiva; 1 
congresodelascomunas; 1 
gmbnbt; 1 
planvueltaaclasesencomunidad; 1 
pegasos; 1 
paraninfa2306; 1 
injustiça; 1 
btsloveyourselftour; 1 
renatavasconcellos; 1 
elipa; 1 
asaventurasdepoliana093; 1 
felicidadesempre; 1 
shipdoano; 1 
luceloforever; 1 
livestream; 1 
prf; 1 
stream; 1 
pf; 1 
mnml; 1 
jornaldacultura; 1 
app; 1 
banhoperdido; 1 
gneleicoes2018; 1 
edicao10; 1 
themeetgroup; 1 
newyork; 1 
cincytennis; 1 
nadal; 1 
beseenbeheard; 1 
vamosrafa; 1 
ajudalucisno; 1 
rafadetails; 1 
rassemblement; 1 
hulot; 1 
communiqué; 1 
donthecon; 1 
pesticides; 1 
pollution; 1 
zemmour; 1 
orgulhogaúcho; 1 
conversacombial; 1 
emirates; 1 
rmucl; 1 
globalchallenge; 1 
museudoamanha; 1 
governador; 1 
lulapresidiário; 1 
rjtv; 1 
vergonha; 1 
melhoras; 1 
ledzeppelin; 1 
ps2; 1 
death; 1 
spotify; 1 
sanandreas; 1 
destaquesdasemana; 1 
cat; 1 
gta; 1 
tombraider; 1 
godofwar; 1 
lara; 1 
hangar; 1 
war; 1 
cyberpunk2077; 1 
darksiders3; 1 
laracroft; 1 
animal; 1 
cosplay; 1 
pizza; 1 
fury; 1 
pulpfiction; 1 
uptheirons; 1 
pet; 1 
coloniaurquiza; 1 
díadelestudiante; 1 
díadelaprimavera; 1 
fmi; 1 
ahota; 1 
díadelempleadodecomercio; 1 
educación; 1 
desocupación; 1 
concejodeliberante; 1 
hcd; 1 
sesiones; 1 
polémica; 1 
abandono; 1 
patrimoniomaltratado; 1 
fondosojero; 1 
felizdiadelaprimavera; 1 
superclasico; 1 
inconcebible; 1 
amofini; 1 
saibaq; 1 
21a; 1 
lagarcía; 1 
ajustepro; 1 
bsas; 1 
noalcierredemincyt; 1 
incertidumbre; 1 
lulapresidiario; 1 
cirodaputa; 1 
svpol; 1 
dinröst; 1 
mintalman; 1 
6timmarsarbetsdag; 1 
utrpol; 1 
val2018; 1 
v2018; 1 
josepborrell; 1 
spain; 1 
utfrågningen; 1 
gustavorabay; 1 
startups; 1 
tecnologiasdisruptivas; 1 
quartarevolucaoindustrial; 1 
ufpb; 1 
singularityuniversity; 1 
objetivotorra; 1 
vitoriagasteiz; 1 
mecagoendios; 1 
iiff; 1 
nuevatemporadaser; 1 
orihuela; 1 
unboxing; 1 
amazon; 1 
ciudadanos; 1 
mequeer; 1 
decretofrancoarv; 1 
incendiosforestales; 1 
foreveralone; 1 
elisabethmoss; 1 
emmyawards2018; 1 
thehandmaidstale; 1 
voudemarina18; 1 
deprimida; 1 
construyendopaís; 1 
diadaarvore; 1 
vamociro; 1 
querociro12; 1 
queropaz; 1 
debatecnbb; 1 
falaciro; 1 
falaciro12denovo; 1 
cirosimpostenão; 1 
naovotoemcorrupto; 1 
cirosimpostenao; 1 
ciroquemconhecevota; 1 
cironojornaldaglobo; 1 
euquerociro; 1 
marinacomciro; 1 
cironaredetv; 1 
ciraodamassa; 1 
éciro12; 1 
postenaomamae; 1 
listanegra; 1 
marianagodoyentrevista; 1 
sandraoh; 1 
killingeve; 1 
merlin; 1 
olheosmuros; 1 
pixo; 1 
artenosmuros; 1 
curitiba; 1 
poesia; 1 
arteurbana; 1 
poesianosmuros; 1 
vamoocupar; 1 
streetart; 1 
pr; 1 
rapbr; 1 
desejo; 1 
glnarua; 1 
mg; 1 
barbacena; 1 
cartolafc; 1 
mimos; 1 
dicasengenharia; 1 
tercadetremurasdv; 1 
engenhariamecanica; 1 
haddadelulanatv; 1 
frases; 1 
engemharia; 1 
calabocagentili; 1 
marquitos; 1 
carlitos; 1 
clublujan; 1 
platazo; 1 
noterminamas; 1 
edlp; 1 
pongamosunafotodecfk; 1 
cristina2019; 1 
bonadioesmacri; 1 
jefedegabinete; 1 
lamarcha21alpedo; 1 
tarifazo; 1 
marcospeña; 1 
noalosdespidos; 1 
cristinakirchner; 1 
sinuniversidadnohayfuturo; 1 
maradona; 1 
nomearrepiento; 1 
libertadamilagro; 1 
tevez; 1 
diego; 1 
eljugadordelpueblo; 1 
sicantassalis; 1 
elamoresnuestro; 1 
amenazados; 1 
recoleta; 1 
afa; 1 
orgullodepueblo; 1 
riverplate; 1 
creadoconadidas; 1 
copalibertadores; 1 
almirantebrown; 1 
chichamariani; 1 
claraanahí; 1 
boca; 1 
primerabentycsports; 1 
heretocreate; 1 
conmebol; 1 
sacachispas; 1 
117añosdehistoria; 1 
gallardo; 1 
primerab; 1 
labruna; 1 
desarquivandobr; 1 
alckminétemer; 1 
superlidas; 1 
picoftheday; 1 
doglovers; 1 
nofilter; 1 
pitbull; 1 
bemvindojair; 1 
bancadaindígena; 1 
bancadaruralista; 1 
trcoluna; 1 
diadosexo; 1 
direitosvalemmais; 1 
ináciodacatingueira; 1 
abraçodogordo; 1 
boasemana; 1 
beijododaan; 1 
lgbtscontrabolsonaro; 1 
catraeterno; 1 
catravive; 1 
meurougetavivo; 1 
amores; 1 
ripcatra; 1 
eleiçõesopovo; 1 
eduardojorgenaveja; 1 
diademarina; 1 
salariomínimo; 1 
vendedordebusesviejos; 1 
colombiamagnífica; 1 
modelia; 1 
tumaco; 1 
otanaro; 1 
mulheresunidascombolsonaro; 1 
bolsonada; 1 
rainhasamadas; 1 
dancingqueen; 1 
fact; 1 
dragrace; 1 
anittadiganaoaofascismo; 1 
pokemongo; 1 
haddadnojn; 1 
nãosomosdesajustados; 1 
democraziaè; 1 
democracy; 1 
dictatorship; 1 
mufehd; 1 
maccosmetics; 1 
fiestaspatrias; 1 
frenteamplio; 1 
45añosdelgolpe; 1 
verdadyjusticia; 1 
quintero; 1 
andatealactm; 1 
bismarckheroedelamor; 1 
camilonicaragua; 1 
mejillones; 1 
laacusaciónva; 1 
elinformantetvn; 1 
nicaraguaquierepaz; 1 
modernizaciontributaria; 1 
petorca; 1 
grupodelima; 1 
7deseptiembre; 1 
fslnheroesdelamorsiempre; 1 
contaminación; 1 
pamelajiles; 1 
11deseptiembre; 1 
21f; 1 
bastadeperseguir; 1 
nomasbloqueo; 1 
animalessueltos; 1 
corrientes; 1 
elalto; 1 
escrache; 1 
miercolesintrtatable; 1 
madryn; 1 
carx; 1 
patagonicos; 1 
rallycross; 1 
trabajadores; 1 
novaresio910; 1 
sagitario; 1 
trelew; 1 
pracimadelescoelho; 1 
mimimi; 1 
coelhão; 1 
ciumeira; 1 
livelmovel00h; 1 
shawnmendes; 1 
tapetevermelhoe; 1 
otemponaopara; 1 
luandigital; 1 
cantacomigo; 1 
segundo; 1 
equipemolon4040; 1 
paraísoperdido; 1 
insatiable; 1 
segundagarfield; 1 
stevenuniverse; 1 
nofapsetember; 1 
flaxcam; 1 
premierxespn; 1 
8sep; 1 
eldato; 1 
23ago; 1 
newmusicfriday; 1 
felizcumpleponcho; 1 
fightlyme; 1 
naturezacaos; 1 
chegadeprivilegios; 1 
céu; 1 
luz; 1 
posivitidade; 1 
ceuazul; 1 
nikesportpack; 1 
nikesportswear; 1 
300rt; 1 
tchaunoronha; 1 
prettylittleliars; 1 
fofocalizandonosbt; 1 
tiktok; 1 
tarzan; 1 
atenção; 1 
tireimadonna; 1 
malhacaovidasbrasileiras; 1 
videoshowaovivo; 1 
anapaularenault; 1 
leostronda; 1 
fazenda10; 1 
net; 1 
forliviaandrade; 1 
supercine; 1 
restream; 1 
sessãodatarde; 1 
lixo; 1 
ummomentomudatudo; 1 
olhaelanafazenda; 1 
impossível; 1 
maramaravilha; 1 
porchatespecial; 1 
welcomeba; 1 
baby; 1 
vca; 1 
byesp; 1 
sister; 1 
mtb; 1 
xcm; 1 
ciclismobrasil; 1 
spsucksforcycling; 1 
fixedgearsaopaulo; 1 
cyclingshots; 1 
artwork; 1 
bikeart; 1 
moleskineart; 1 
daemoncycling; 1 
cycling; 1 
foreverbuttphotos; 1 
specializeddays; 1 
ciclismo; 1 
fugacc; 1 
illustration; 1 
sketchbook; 1 
aglobovetaeuvoto; 1 
segundosolsucks; 1 
segundosolémuitoruim; 1 
globogolpista; 1 
globonãofazjornalismo; 1 
transitions; 1 
proteção; 1 
coleção; 1 
lentes; 1 
óculos; 1 
nova; 1 
deixaopovodecidir; 1 
obdulio; 1 
nostalgia; 1 
peru; 1 
juliocortázar; 1 
18sep; 1 
23sep; 1 
keikoaprision; 1 
increibles; 1 
rusia; 1 
ucrania; 1 
17sep; 1 
patriagrande; 1 
pendiente; 1 
proteccionalpensionado; 1 
kennygarciaortega; 1 
educacióndecalidad; 1 
washington; 1 
coordinador; 1 
facebooklive; 1 
pronóstico; 1 
bdvenlínea; 1 
tuseguridadeslaclave; 1 
19ago; 1 
pagoclave; 1 
25ago; 1 
01sep; 1 
constituyentistaalavista; 1 
hojetembolsonaro; 1 
livingwagenow; 1 
barrages; 1 
privatisations; 1 
climat; 1 
réfugiés; 1 
turnaroundhm; 1 
belgique; 1 
fechadocombolsonaro; 1 
submissaaolula; 1 
manuéjaburu; 1 
semcarne; 1 
nofapseptember; 1 
ibov; 1 
richdad; 1 
bolsomito; 1 
fjta4; 1 
cle; 1 
corinthians108anos; 1 
goixfor; 1 
dianacionaldacachaça; 1 
getthestrap; 1 
ripmrcatra; 1 
pracima; 1 
sérieb2018; 1 
walterlivre; 1 
