elenão; 401 
elenao; 269 
elenunca; 245 
ciro12; 91 
meubolsominionsecreto; 89 
bolsonaronojornalnacional; 62 
debateredetv; 60 
mulherescontraobolsonaro; 49 
elasim; 46 
debateaparecida; 42 
eleições2018; 37 
brasilcommarina; 31 
elesim; 29 
eusoulula; 29 
sentagostosobozo; 25 
lulalivre; 25 
bolsonaro17; 25 
rouanetnão; 23 
marina18; 23 
lutomuseunacional; 23 
museunacional; 23 
ciropresidente; 22 
votomarinapq; 22 
eibozonarovaitomarnocu; 21 
reviravoltanaeleicao; 20 
eleicoes2018; 19 
bolsonaronãoécorrupto; 19 
elejamais; 19 
brasil; 18 
euquerobolsonaro; 16 
haddadélula; 15 
mulherescontraofascismo; 15 
cironojornalnacional; 15 
haddadpresidente; 15 
cirofilhodaputa; 15 
cironacnbb; 14 
mulheresunidascontrabolsonaro; 14 
salvemasbaleias; 13 
pergunteaociro12; 12 
manunojaburu; 12 
falamaisgentili; 12 
democraciasim; 12 
marinanojornalnacional; 12 
bolsonaropresidente17; 12 
ciraonosegundoturno; 12 
mulherescontrabolsonaro; 11 
ciropresidente12; 11 
obrasilfelizdenovo; 11 
bolsonaro; 11 
milhoescombolsonaro; 11 
quemmandoumatarbolsonaro; 11 
mariellepresente; 10
rouanetnao; 10 
falaciro12; 10 
haddadélulanojn; 10 
sabadodetremurasdv; 9 
trump; 9 
fakenews; 9 
desafiodapuberdade; 8 
cirosim; 8 
ciro; 8 
votemarina18; 8 
lulainelegivel; 8 
bolsonaro2018; 8 
sabeserbrasileiro; 8 
7desetembro; 8 
mulherescombolsonaro; 8 
lulapresidente; 7 
lulaépresidiário; 7 
bolsonaropresidente; 7 
calabocaciro; 7 
uolnasurnas; 7 
marinanojg; 7 
forçabolsonaro; 7 
joãonaband; 7 
calabocacirodenovo; 7 
mulherescontraofacismo; 7 
haddadnojn; 7 
marinasilvanopanico; 6 
elesnao; 6 
debatenaredetv; 6 
joãonojn; 6 
venezuela; 6 
elesnunca; 6 
lulamanuhaddad; 6 
bolsonaroeleito1ºlugar; 6 
cirogomes; 6 
soudedireitaporque; 6 
timelula; 6 
amoedonosdebates; 6 
bolsonaro17no1ºturno; 5 
lulapreso; 5 
meubolsominonsecreto; 5 
juntassomosmaisfortes; 5 
lulanasurnastse; 5 
lulainelegível; 5 
chamaomeirelles; 5 
geraldoalckmin; 5 
estoucombolsonaro; 5 
vote30; 5 
cironojornaldaglobo; 5 
cironaredetv; 5 
semlulaéciro; 5 
diademarina18; 5 
alckminnojornalnacional; 5 
geraldonojn; 5 
debatebandrio; 5  
mariellefranco; 4 
bolsonaronao; 4 
haddadélulanatv; 4 
lulaécandidato; 4 
otemponãopara; 4 
motivação; 4 
welcometobrazilnicki; 4 
partiu; 4 
ateofimdoanoeu; 4 
music; 4 
top; 4 
repost; 4 
jotafm; 4 
altashoras; 4 
ps4; 4 
astarisborn; 4 
agostoacabandoeeu; 4 
debatecnbb; 4 
livemovel; 4 
forçaanitta; 4 
imaginajuntas; 4 
theconcerttour; 4 
whyididntreport; 4 
lulaéhaddad; 4 
friends; 4 
htgawm; 4 
happybirthdaybeyoncé; 4 
emmy; 4 
anavitoria; 4 
queremosacopa; 4 
stockcarnosportv; 4 
joaoamoedo; 4 
onthisday; 4 
novo30; 4 
somostodosbolsonaro; 4 
lasvegas; 4 
suga; 4 
seesaw; 4 
ineedu; 4 
exo; 4 
bottledupoutnow; 4 
pauloguedesnaglobonews; 4 
bolsonaronajovempan; 4 
globolixo; 4 
porenganomeuovo; 4 
ibope; 4 
trcoluna; 4 
cironosegundoturno; 4 
brasileirão2018; 4 
jairbolsonaro; 4 
bolsominionsecreto; 4 
partidonovo; 4 
bbdebate; 4 
lulanacadeia; 4 
inter; 4 
ptnuncamais; 4 
libertadoresfoxsports; 4 
deus; 4 
quemtemmaistem9; 4 
worldsuicidepreventionday; 4 
cirãodamassa; 4 
educação; 4 
giveaway; 4 
westworld; 4 
jornaloglobo; 4 
fora; 4 
liberalismonobrasil; 4 
afreirafilme; 4 
premierleagueredetv; 4 
grêmio; 4 
promundomelhorarsófalta; 4 
barbiedreamsvideo; 4 
lutavio; 4 
haddad13; 4 
1000dayswithout1d; 4 
handmaidstale; 3 
estudioi; 3 
cadaufazobem; 3 
coizasqeuqueriater; 3 
sp; 3 
haddadédilma; 3 
citeumatretaesaia; 3 
quemmatoumarielle; 3 
mulheresunidascontraofascismo; 3 
mulheresunidascontraobolsonaro; 3 
tercadetremurasdv; 3 
flaxcha; 3 
pirula; 3 
deleallichallenge; 3 
paunocudaonu; 3 
eduardojorgenaveja; 3 
globo; 3 
direitaseguedireita; 3 
thebanditotourbrazil; 3 
googledoodle; 3 
riparethafranklin; 3 
forcabolsonaro; 3 
word; 3 
riodejaneiro; 3 
donadaminhavida; 3 
cyberpunk2077; 3 
wellingtondiasgate; 3 
help; 3 
écapacitismoquando; 3 
tocadaraposa3; 3 
capitãmarvel; 3 
pixelart; 3 
flaxcor; 3 
fechocomciro; 3 
cironagazeta; 3 
championsleague; 3 
criançaesperança; 3 
capxfla; 3 
ttdamassa; 3 
oremos; 3 
marinacomciro; 3 
gremio; 3 
lanadelrey; 3 
masterchefprofissionais; 3 
saudemental; 3 
machistasnãopassarão; 3 
maisasilva; 3 
asu2018; 3 
cbng1; 3 
np; 3 
business; 3 
joaonaband; 3 
redacaosportv; 3 
premierleaguenaespn; 3 
grêmio115anos; 3 
respectariana; 3 
keepbreathinariana; 3 
sdv; 3 
thegooddoctor; 3 
haddadelulanojn; 3 
ladygaga; 3 
falta3mesespradezembroeeu; 3 
protectbtsinfortworth; 3 
gameofthrones; 3 
thehateugive; 3 
toalltheboysivelovedbefore; 3 
detestoquandofalam; 3 
brazil; 3 
soundcloud; 3 
corinthians108anos; 3 
timão108; 3 
fiel; 3 
내마음; 3 
모니생일ᄎᄏ; 3 
오키나와; 3 
rm생일ㅊㅋ; 3 
pensamentododia; 3 
me; 3 
liberationtour; 3 
lgbtqtwitter; 3 
direitaunida; 3 
digaumavdd; 3 
fechadocombolsonaro; 3 
quemmandoumatarobolsonaro; 3 
voudeciroporque; 3 
programadoporchat; 3 
intrínsecanasestrelas; 3 
museunacionalvive; 3 
superman; 3 
lost; 3 
meuprimeirotweet; 3 
debatesbtrio; 3 
cat; 3 
오늘의방탄; 3 
꾹이생일ㅊㅋ; 3 
정국이는_9월의_첫번째_기적; 3 
홉필름; 3 
love_yourself; 3 
cirogomesnoestadao; 3 
associavasco; 3 
ahora; 3 
bomdiabrasil; 3 
cats; 3 
citepolemicas; 3 
happychenday; 3 
g1rio; 3 
artistafavoritocrossover; 3 
ciro12sim; 3 
mondaymotivation; 3 
apoiehaddadmanu; 3 
mulheresintrínseca; 3 
grenal; 3 
camilacabello; 3 
thevoice; 3 
anittanothevoicebrasil; 3 
calabocagentili; 3 
lulalivrejá; 3 
fikadika; 3 
futebolnaveia; 3 
touro; 3 
prouni; 3 
mmvas; 3 
thehandmaidstale; 3 
vergonha; 3 
mve; 3 
oneweek; 3 
joãonosdebates; 3 
lavajato; 3 
atenção; 3 
semcoração; 3 
gratidao; 3 
euquerociro; 3 
forçajuan; 3 
joãonatvgazeta; 3 
vamosrenovartudo; 3 
haddad; 3 
hurricaneflorence; 3 
agora; 3 
melembraprêmiomultishow; 3 
fifa19; 3 
anitta; 3 
videofavorito; 3 
sim; 3 
bolsonaro17no1oturno; 3 
elesimbolsonaro17; 3 
bivisibilityday; 3 
ciraodamassa; 3 
jornalnacional; 3 
spfc; 3 
desafiounidasnasruas; 3 
aquecimentoglobal; 3 
onugarantelula; 3 
reputationtour; 3 
braxeua; 3 
dia7é17; 3 
boanoite; 3 
suavidaimporta; 3 
músicaboaaovivo; 3 
frases; 3 
unidoscontraacorrupção; 3 
queenradio; 3 
politica; 3 
elesim17; 3 
redetv; 3 
thrillersintrínseca; 3 
feminismo; 3 
crf; 3 
diadegrêmio; 3 
pes2019; 3 
luansantana; 3 
porchatespecial; 2 
écomciroqueeuvou; 2 
godofwar; 2 
horarioeleitoral; 2 
ditadura; 2 
forabarbieri; 2 
inútil; 2 
globonews; 2 
andersonpresente; 2 
teamo; 2 
science; 2 
mulher; 2 
debateband; 2 
xboxone; 2 
argentinofoxsports; 2 
turmadamêmica; 2 
nofapsetember; 2 
csgo; 2 
habemussemifinal; 2 
somosmibr; 2 
gofla; 2 
oilpainting; 2 
esportv; 2 
overwatch; 2 
ucldraw; 2 
colanamao; 2 
querolulanosdebates; 2 
boulosnaredetv; 2 
surfranchpro; 2 
piauígate; 2 
boulosresponde; 2 
posteiehsaicorrendo; 2 
faith; 2 
doom; 2 
tmj; 2 
17paraobemdobrasil; 2 
tricolorpaulista; 2 
captainamerica; 2 
metoo; 2 
tiff18; 2 
food; 2 
meubolsominiosecreto; 2 
nationalvideogamesday; 2 
psblog; 2 
oscarwilde; 2 
musica; 2 
hexa; 2 
teatro; 2 
fabiomelhorgoleirodobrasil; 2 
debatebandminas; 2 
hoje; 2 
rouge; 2 
vemmarina; 2 
marinasilva; 2 
amassajogajunto; 2 
anthem; 2 
tgs2018; 2 
fanart; 2 
destiny2; 2 
xboxshare; 2 
maquinadememes; 2 
ajudeummoreira; 2 
20desetembro; 2 
branding; 2 
breaking; 2 
todosporbabiy; 2 
lixeiramemes; 2 
otwitternãoéfacebook; 2 
máfia3; 2 
google; 2 
rpg; 2 
encontro; 2 
neymar; 2 
gameofthroneslive; 2 
annewithane; 2 
raw; 2 
cartolafc; 2 
21_lessons; 2 
saveinbox; 2 
hacktoberfest; 2 
odrj; 2 
errejota; 2 
cristou; 2 
souotipodepessoaq; 2 
sororidade; 2 
vamociro; 2 
sanatóriogeral; 2 
vemcomjoão; 2 
shanianow; 2 
edawn; 2 
hyuna; 2 
pentagon; 2 
happy; 2 
soacho; 2 
amoedonopanico; 2 
botd; 2 
somostodostomzé; 2 
canallivre; 2 
tamojunto; 2 
bdmg; 2 
vergonhaalheia; 2 
selecaobrasileira; 2 
nfl; 2 
grexest; 2 
donosdaamérica; 2 
libertadores2018; 2 
motogp; 2 
mulherespodcasters; 2 
stockcar; 2 
burtreynolds; 2 
liberdadecombolsonaro; 2 
juntosporbolsonaro; 2 
capxflu; 2 
elenaoelenunca; 2 
btsinfortworth; 2 
btsonagt; 2 
g1minas; 2 
lulaepresidiario; 2 
euvou; 2 
spoxpal; 2 
gêmeos; 2 
sótocatop; 2 
bakeoffbrasil; 2 
tuitutil; 2 
dilmanão; 2 
publi; 2 
youpixcon; 2 
humor; 2 
superchef; 2 
coringão; 2 
happyrmday; 2 
모니생일ㅊㅋ; 2 
liltouch_oh_gg; 2 
leirouanetnao; 2 
liberdade; 2 
style; 2 
sweetenertonight; 2 
naosomosumafraquejada; 2 
occupymars; 2 
cirodamassa; 2 
cironeles; 2 
bolsonarosim; 2 
votobolsonaro17; 2 
brasilacimadaonu; 2 
vamoschape; 2 
famíliapalmeiras; 2 
dia07é17; 2 
uol; 2 
arena98; 2 
98esportes; 2 
astrothreadbr; 2 
sccpxcol; 2 
chaxsccp; 2 
brasileirão; 2 
ironia; 2 
cpidarouanet; 2 
embairrodepobretem; 2 
ocapitãovoltou; 2 
mensalinhodotwitter; 2 
mucb; 2 
jeongyeon; 2 
정연; 2 
soribada; 2 
dahyun; 2 
tt; 2 
트와이스; 2 
다현; 2 
티티; 2 
twice; 2 
vemcomjoão30; 2 
japan; 2 
vixx; 2 
mamamoonobrasil; 2 
jellyfish; 2 
우주소녀; 2 
henrycavill; 2 
agosto; 2 
instacat; 2 
dog; 2 
usopen; 2 
호비; 2 
ursoo; 2 
idolchallenge; 2 
rm; 2 
꾹아근데그거는알아야한다나는분명히거르고걸러괜찮은것만올리는거다우리사이에전쟁은없길바란다말했다; 2 
우리아미상받았네; 2 
hot100; 2 
micdropremix; 2 
vangogh; 2 
vasco120; 2 
noalajuste; 2 
díadelestudiante; 2 
santacruz; 2 
unju; 2 
mendoza; 2 
salta; 2 
noalfmi; 2 
corrientes; 2 
atypical; 2 
imaginedragons; 2 
trocadepasses; 2 
b17; 2 
jornalistas; 2 
emmynatnt; 2 
diamundialsemcarro; 2 
ficaadica; 2 
mbl; 2 
joaonosdebates; 2 
omaracaénosso; 2 
lanaiscoming; 2 
marinersapartamentcomplex; 2 
hurricaneflorerence; 2 
ai; 2 
saúdesemfakenews; 2 
happybirthdayniall; 2 
dtdto1billion; 2 
1yearofdusktilldawn; 2 
vasco; 2 
vascodagama; 2 
blender; 2 
superlidas; 2 
dudunaglobonews; 2 
acabalogo; 2 
nãosomosumafraquejada; 2 
anaamélia; 2 
cironothenoite; 2 
1yearwithoutteenwolf; 2 
soylunaporsiempre; 2 
falandodeafazenda; 2 
happykeyday; 2 
brooklyn99; 2 
neverhim; 2 
paulopreto; 2 
job; 2 
singaporegp; 2 
solidariedade; 2 
igualdade; 2 
happybirthdaybeyonce; 2 
leirouanet; 2 
cheers; 2 
porvocêportodos; 2 
7setembro; 2 
fofosintrínseca; 2 
bottedupoutnow; 2 
braziliannavy; 2 
nintendoswitch; 2 
finalfantasy; 2 
arábiasaudita; 2 
apoiamosocanadá; 2 
santuarioeuapoio; 2 
ufes; 2 
verdãodobrasil; 2 
ajudepabllopagaranitta; 2 
escorpião; 2 
vamosfogo; 2 
cariocadebasquete; 2 
vida; 2 
bolsonaronaoecorrupto; 2 
maisamor; 2 
fridayfeeling; 2 
futebol; 2 
arenaofvalor; 2 
aov; 2 
fluminense; 2 
cinema; 2 
suplicysenador; 2 
suplicy131; 2 
captainmarveltrailer; 2 
infinitywar; 2 
bettercallsaul; 2 
visiblewomen; 2 
killingeve; 2 
elasporelas; 2 
michaeljacksonday; 2 
merevoltoquando; 2 
hogwartstnt; 2 
shawnmendes; 2 
emmy2018; 2 
anos80; 2 
messi; 2 
maiorcampeãodobrasil; 2 
ptnão; 2 
vamosubirsanta; 2 
10yearsoflovestory; 2 
fandomseguefandoms; 2 
produce48; 2 
wynonnaearp; 2 
gossipgirl; 2 
segueolider; 2 
norway; 2 
fotografia; 2 
hilda; 2 
bojackhorseman; 2 
diadaárvore; 2 
tiff; 2 
libra; 2 
nãoaguentogenteque; 2 
medicareforall; 2 
façaumpedido; 2 
comics; 2 
warcraftrocks; 2 
lyon; 2 
goodmorning; 2 
bolsonaronaglobonews; 2 
queereye; 2 
argentina; 2 
cambiemos; 2 
entrevistas; 2 
witnessthefinale; 2 
katyperrykaaboodelmar; 2 
filme; 2 
arethafranklin; 2 
kazimpango; 2 
umrei; 2 
italia; 2 
forçapedro; 2 
소녀시대_oh_gg; 2 
artifact; 2 
cirogomespresidente; 2 
katianaglobonews; 2 
asminasciram; 2 
haddadnaglobonews; 2 
fazenda10; 2 
fato; 2 
halamadrid; 2 
flamengo; 2 
selecaosportv; 2 
facebook; 2 
joaoamoedonosdebates; 2 
dreamog; 2 
vote; 2 
cironouol; 2 
arquivoelpais; 2 
termoplex; 2 
fortnite; 2 
graciasmanu; 2 
baleias; 2 
marianagodoyentrevista; 2 
avante; 2 
quintadetremurasdv; 2 
globalcitizen; 2 
renata; 2 
aovivo; 2 
españa; 2 
senado; 2 
android; 2 
spiderman; 2 
empreendedorismo; 2 
fail; 2 
bottledup; 2 
wattpad; 2 
iheartradiommvas; 2 
뷔; 2 
v; 2 
yoongi; 2 
thegroup; 2 
happyjkday; 2 
thesong; 2 
dica; 2 
joaoamoedopresidente; 2 
pesquisa; 2 
deputadofederal; 2 
políticos; 2 
mulheresunidascontraofacismo; 2 
graçasadeus; 2 
startup; 2 
marketing; 2 
productlaunch; 2 
contentmarketing; 2 
elasnao; 2 
tchauqueridos; 2 
finalcantacomigo; 2 
cantacomigo; 2 
politicamenteincorreto2018; 2 
5diasaovivo; 2 
pet; 2 
votemeirelles15; 2 
endviolence; 2 
dingdong; 2 
decepcao; 2 
climatechange; 2 
climate; 2 
mufc; 2 
eugostoquando; 2 
renatavasconcelos; 2 
gorpg; 2 
ceará; 2 
peloamorderao; 2 
lovewins; 2 
orphanblack; 2 
photography; 2 
problemaseu; 2 
luanetes; 2 
startrek; 2 
3milhoesdd11; 2 
naovamosnoscalar; 2 
marinersapartmentcomplex; 2 
rougenothenoite; 2 
info; 2 
meirelles15; 2 
sotocatop; 2 
fofocalizandonosbt; 2 
masterachefbr; 2 
f1nosportv; 2 
fsradiobrasil; 2 
flaviobolsonarosenador177; 2 
dtd1billion; 2 
happybirthdayliam; 2 
lpfirsttime; 2 
harrystyles; 2 
directioners; 2 
cphpride; 2 
semmundial; 2 
esporteemdiscussao; 2 
ripjornalismo; 2 
diadevasco; 2 
folha; 2 
danilogentili; 2 
gentili; 2 
thenun; 2 
ynwa; 2 
mianiversariodetwitter; 2 
thesocialcelebrity; 2 
lay; 2 
gucci_kai; 2 
진호; 2 
batmanday; 2 
gum400; 2 
juntospelasula; 2 
diadeflu; 2 
madrid; 2 
frasedodia; 2 
fnaf; 2 
ahs8; 2 
souc2; 2 
haddadelula; 2 
saiajustanognt; 2 
horadeporcafé; 2 
fmsemassédio; 2 
setembroamarelotweetsdobem; 2 
lula; 2 
conmebollibertadores; 2 
lutávio; 2 
jairmessiasbolsonaro; 2 
venicebitch; 2 
luto; 2 
bomdiafoxsports; 2 
blackmirror; 2 
thefemaleartist; 2 
vemmeteoro; 2 
lgbtscontrabolsonaro; 2 
bbb18; 2 
likelaleyenda; 2 
like; 2 
calaabocagentilli; 2 
mulheres; 2 
proenemaovivo; 2 
haddad1️⃣3️⃣; 2 
campeãodaamérica; 2 
teamnicki; 2 
photo; 2 
fé; 2 
esquadraodamoda; 2 
novoclipeiza; 2 
wwe2k19; 2 
faceitmajor; 2 
anaamelia; 2 
cironão; 2 
melaniemartinez; 2 
gfriend; 2 
macapa; 2 
euestou; 2 
pugb; 2 
tarcisio50; 2 
egol; 2 
ripmacmiller; 2 
teamreporter; 2 
chaxpal; 2 
flaviavianareporterfazenda; 2 
ficoputoquando; 2 
metrosp; 2 
pubg; 2 
berlin; 2 
odontoufes; 2 
formavan; 2 
superclásico; 2 
indynaband; 2 
luansantanatv; 2 
livemovel00h; 2 
ciro12pdt; 2 
ruhrgebietstag; 2 
sozialchat; 2 
ospingonosis; 2 
seesawxineeduremix; 2 
btsinhamilton; 2 
observatóriodoclima; 2 
professor; 2 
lisboa; 2 
u2songsofexperience; 2 
diamundialdaprevençãodosuicídio; 2 
bodyguard; 2 
tiktok; 2 
domingãodoverdão; 2 
seungri; 2 
jinho; 2 
ozark; 1 
maniac; 1 
invejinha; 1 
emmystnt; 1 
mcdiafeliz; 1 
braziljs; 1 
pizzasparalola; 1 
braziljs2018; 1 
intz; 1 
lazer; 1 
estresse; 1 
meditation; 1 
betterme; 1 
portuguescomatia; 1 
factcheckingpolitz; 1 
disqueoração; 1 
trsantafe; 1 
interpag; 1 
condorinsider; 1 
mplu3; 1 
multibaggers; 1 
valueinvesting; 1 
cmig4; 1 
operaçãocondor; 1 
itu; 1 
archlovers; 1 
arquitectura; 1 
aquinao; 1 
cinedoc; 1 
fotografía; 1 
palestine; 1 
feriadou; 1 
delealli; 1 
theinnocents; 1 
deleallichalenge; 1 
delechallenge; 1 
ferrugem; 1 
nãoénormalufv; 1 
voltaandre; 1 
marinasilvanopânico; 1 
dragonballsuperbrolyofilme; 1 
crunchyrolltv; 1 
runrunrun; 1 
diadopalmeiras; 1 
raça; 1 
mouraonagnews; 1 
seomengaoseclassificar; 1 
henfil; 1 
estamospresentes; 1 
mulerescontraobolsonaro; 1 
freud; 1 
donacanô; 1 
elenāo; 1 
psicanalise; 1 
ilustrasil; 1 
reformatrabalhista; 1 
depoeeduardoleite; 1 
spfotos; 1 
hustle; 1 
afp; 1 
vaivendo; 1 
mais90; 1 
trazovaldiviatialeila; 1 
corisco; 1 
ocangaço; 1 
parabénspalmeiras; 1 
afreira; 1 
borala; 1 
magra; 1 
parabéns; 1 
whatsapp; 1 
academiatour; 1 
diadosprofessores; 1 
chile; 1 
gorda; 1 
hannibal; 1 
pipoca; 1 
brunohenrique; 1 
women; 1 
lebanon; 1 
scientist; 1 
baddog; 1 
sciotothedog; 1 
marypoppinsreturns; 1 
mizzou; 1 
neuroscience; 1 
disi; 1 
portodevitória; 1 
taipan; 1 
itaipavapremium; 1 
cityvhudds; 1 
comeoncity; 1 
mcfcportugues; 1 
wolvesvcity; 1 
c9win; 1 
somosmadeinbrazil; 1 
cityvol; 1 
asaguasvivasnãosabemdesi; 1 
seguelider; 1 
waterhouse; 1 
twitart; 1 
indecisão2018; 1 
desabafo; 1 
sanxspo; 1 
arsenala; 1 
zombies; 1 
haddadélulajn; 1 
lulacandidato; 1 
déciolima13; 1 
debatedacnbb; 1 
13pt; 1 
vemcomigo; 1 
surfranch; 1 
chape; 1 
pressaototal; 1 
vailotar; 1 
recorde; 1 
cristiano; 1 
americanvandal; 1 
got; 1 
agriculture; 1 
vaisernoprimeiroturno17; 1 
thediamondball; 1 
primeiravezsamurocas; 1 
11september2001; 1 
amoedo30; 1 
democraciaeserenidade; 1 
180diassemmarielle; 1 
raddad; 1 
lixo; 1 
h; 1 
não; 1 
mulheresnaapicultura; 1 
apucultura; 1 
otempoanaopara; 1 
apiariomaenatureza; 1 
beekeepers; 1 
beekeeping; 1 
abelhas; 1 
f2b; 1 
disclosure; 1 
ufo; 1 
media; 1 
kgra; 1 
bethesdadays; 1 
bolsonaro17eleito1ºturno; 1 
noprimeiroturno; 1 
brasilcombolsonaro; 1 
ritalee; 1 
forcachape; 1 
vamochape; 1 
maduro; 1 
lula17; 1 
nusr_et; 1 
jandreieselecao; 1 
deusdemilares; 1 
reagesantos; 1 
dançadosfamososnao; 1 
misterrogers; 1 
notallmen; 1 
canwekickit; 1 
keepit; 1 
jorgeamado; 1 
capitaesdaareia; 1 
fanatismo; 1 
bauru; 1 
gothamfan; 1 
bauruecomrosbife; 1 
peripéciasculinárias; 1 
pontochic; 1 
cometobrazil; 1 
timberbiel; 1 
justintimberlake; 1 
reciclei; 1 
voltadenancil; 1 
deusfamiliabolsonaro; 1 
vamosbrazil; 1 
manofmedan; 1 
ajudavizinho; 1 
candidato2018; 1 
calcinhapreta; 1 
onordesteébolsonaro; 1 
drummer; 1 
ator; 1 
emoção; 1 
pramim; 1 
maisqurumacançao; 1 
spiderbim; 1 
amigos; 1 
fabio; 1 
meia; 1 
diadoator; 1 
pimentel; 1 
eleiçoes; 1 
bateras; 1 
kkkkk; 1 
dia; 1 
ouviu; 1 
dudu; 1 
prefiroamari; 1 
descanso; 1 
single; 1 
banda; 1 
chupatafarel; 1 
drums; 1 
obgdidi; 1 
vmscruzeiro; 1 
mj; 1 
presente; 1 
fábio; 1 
isabelazico; 1 
barcos; 1 
tudo; 1 
chupatafarelseubosta; 1 
naraça; 1 
sobencomenda; 1 
gospel; 1 
sefaz; 1 
existencia; 1 
completeai; 1 
rener; 1 
egidio; 1 
duplasertaneja; 1 
pedreira; 1 
preta44; 1 
soundhound; 1 
aniversáriodapreta; 1 
queermuseu; 1 
parquelage; 1 
colagem; 1 
lapa; 1 
confeitariacolombo; 1 
circovoador; 1 
comidamexicana; 1 
vidanova; 1 
rumoaotetra; 1 
battlefieldv; 1 
rainingblood; 1 
turnup; 1 
getatme; 1 
g1santacatarina; 1 
maxlirasegurancaeletronica; 1 
tvrecord; 1 
marinasilva18; 1 
fama; 1 
credo; 1 
lawyerlife; 1 
infânciafeliz; 1 
nostagia; 1 
everythingislove; 1 
figxcsa; 1 
indiretasdiretas; 1 
eu; 1 
govk; 1 
tonystark; 1 
hellcife; 1 
raincife; 1 
decepcionada; 1 
pepperpotts; 1 
mauríciodesouza; 1 
ficouchato; 1 
eleição; 1 
academiabrasileiradeletras; 1 
snk; 1 
gearsofwar; 1 
liukang; 1 
samuraishodown; 1 
nomanssky; 1 
arpg; 1 
blackclover; 1 
teamvbrambz; 1 
ryu; 1 
megaman; 1 
xboxonex; 1 
crosscode; 1 
terrybogard; 1 
castlevania; 1 
assassinscreedorigins; 1 
capcom; 1 
monsterhunterworld; 1 
dói; 1 
unfollownaanitta; 1 
microconto; 1 
miniconto; 1 
fibawwc; 1 
usabwnt; 1 
diadavisibilidadelesbica; 1 
cidadealerta; 1 
daciolo51neles; 1 
momento_viagem_mental; 1 
vt; 1 
gnewspainel; 1 
emdois; 1 
famex; 1 
keepinmind; 1 
chadeautoestimagws; 1 
virgo; 1 
cbn; 1 
globalchallenge; 1 
waterdeep; 1 
homescreensaturdays; 1 
terminategerrymandering; 1 
gamer; 1 
vidademúsico; 1 
igcandeias; 1 
diablovive; 1 
fds; 1 
residentevil; 1 
amornatimeline; 1 
curso; 1 
lc5; 1 
aslendasdeandor; 1 
quero; 1 
crescacomogoogle; 1 
quintei; 1 
boardgame; 1 
deupraentender; 1 
libras; 1 
soundcheck; 1 
diablo3; 1 
préferiado; 1 
ninguémmerece; 1 
psn; 1 
overcooked; 1 
nexxuseventos; 1 
timao; 1 
timaodopovo; 1 
vaicurintia; 1 
bicampeaodomundo; 1 
hushhushmovie; 1 
wolfgangnovogratz; 1 
pergunteaogeraldo45; 1 
cirono2turno; 1 
dúvidastardias; 1 
psg; 1 
airneymar; 1 
apagapet; 1 
ufrj; 1 
pazbarbuda; 1 
guinness; 1 
oguiadomochileirodasgaláxias; 1 
avaí95anos; 1 
sdlive; 1 
investimentosustentável; 1 
hiac; 1 
avaxcrb; 1 
wwe; 1 
avaí; 1 
vamosjec; 1 
sonlivre; 1 
umbrobrasil; 1 
manofthematch; 1 
ciro2018; 1 
sertãocomciro12; 1 
freixo5050; 1 
freixofederal; 1 
china; 1 
onthervn; 1 
debugging; 1 
developers; 1 
developerjoke; 1 
bug; 1 
fixing; 1 
bailou; 1 
paulixta; 1 
instame; 1 
bloguei; 1 
we; 1 
upnightrun; 1 
praiou; 1 
nosostros; 1 
ludmilou; 1 
sampa; 1 
coisasdelud; 1 
bailemos; 1 
haamor; 1 
turistou; 1 
davida; 1 
centro; 1 
dojardim; 1 
migs; 1 
eagora; 1 
cariocandooo; 1 
turistins; 1 
dajanela; 1 
carioquemos; 1 
he; 1 
deumdiaaí; 1 
heaven; 1 
somosum; 1 
cariocou; 1 
instapic; 1 
ele; 1 
prismabrasil; 1 
sampacity; 1 
lovesrio; 1 
iasd; 1 
baila; 1 
eumesma; 1 
cariocas; 1 
father; 1 
meandyou; 1 
docastelo; 1 
christredentor; 1 
castelo; 1 
quenoite; 1 
sandyjr; 1 
devday2018; 1 
mulheresnati; 1 
naoexistealmoçogratis; 1 
unamenpaz; 1 
challenge; 1 
unam; 1 
packers; 1 
nuncamás; 1 
funkonycc; 1 
theactionmoviestar; 1 
danaigurira; 1 
scarlettjohansson; 1 
blackwidowmovie; 1 
thefemalemoviestar; 1 
chrishemsworth; 1 
sozinhomeuovo; 1 
atropelaosmalandro; 1 
theinternational2018; 1 
ti2018; 1 
theinternational; 1 
labourday; 1 
esquentagincanourolante; 1 
nowtour; 1 
ccmaawards; 1 
shaniatwain; 1 
fanschoiceshania; 1 
ccmas; 1 
newseasonforsense8; 1 
ksivlogan; 1 
ksivslogan; 1 
thescififantasyshow; 1 
quemnunca; 1 
boaquarta; 1 
pergunteaogetaldo45; 1 
nazismo; 1 
voleinosportv; 1 
takeaknee; 1 
maisvistosdasemana; 1 
ultimato; 1 
meucandidato; 1 
visiblewoman; 1 
watercolor; 1 
tchaupinkmoney; 1 
bolsonitta; 1 
blogdosócio; 1 
measles; 1 
lion; 1 
leonina; 1 
sexy; 1 
omecanismo; 1 
cube; 1 
tgifreddie; 1 
readabookday; 1 
mariadorosario1370; 1 
haddademanu13; 1 
smile; 1 
missãomadrinha; 1 
tksgod; 1 
vivendo; 1 
vemcasamento; 1 
sol; 1 
beach; 1 
projetoverão; 1 
sabatinaestadaofaap; 1 
ixpónuncaserá; 1 
noixcomx; 1 
xôcapeta; 1 
arrasta; 1 
criançasnegras; 1 
maislidos; 1 
racismo; 1 
depression; 1 
suicideprevention; 1 
pmoreart; 1 
alart; 1 
gokbm; 1 
iloveshihtzu; 1 
filhotes; 1 
shihtzulove; 1 
shihtzu; 1 
nationalwildlifeday; 1 
quirksofnature; 1 
elenunva; 1 
revolucionar; 1 
criatianismoverdadeiro; 1 
vagãofeminino; 1 
sójesus; 1 
maracanã; 1 
pt; 1 
bigbrotherbrasil; 1 
apoiehaddademanu; 1 
hp; 1 
maraca; 1 
harrypotter; 1 
fatossobremim; 1 
maluflivre; 1 
tuliparuiz; 1 
donnamissal; 1 
history; 1 
texting; 1 
search; 1 
interaction; 1 
crm; 1 
led; 1 
clean; 1 
bitcoin; 1 
smartbackpack; 1 
world; 1 
text; 1 
inventory; 1 
pixel; 1 
timer; 1 
cms; 1 
chatrooms; 1 
chat; 1 
connect; 1 
ethereum; 1 
bundil; 1 
customerdata; 1 
experience; 1 
erp; 1 
extending; 1 
customizing; 1 
ecommerce; 1 
simple; 1 
micro; 1 
technology; 1 
research; 1 
browsing; 1 
customer; 1 
accounting; 1 
pix; 1 
meet; 1 
round; 1 
coys; 1 
seusputo; 1 
thecrown; 1 
egot; 1 
mimimi; 1 
rivale; 1 
somostodosroger; 1 
bozorinthians; 1 
akirakurosawa; 1 
suspiria; 1 
fatos; 1 
prayforroger; 1 
toshiromifune; 1 
sanjiro; 1 
doesangue; 1 
nósvozeles; 1 
debatebandrn; 1 
rn1; 1 
lulahaddadmanu; 1 
edicao10; 1 
dancadosfamosos; 1 
querosertecnicodofla; 1 
podcastmatters; 1 
segundasemcarne; 1 
tpmnumtweet; 1 
drops; 1 
keyboard; 1 
uptownfunk; 1 
uptown; 1 
piano; 1 
haumlugar; 1 
studio; 1 
homestudio; 1 
fingerstyle; 1 
fingerstyleguitar; 1 
brasilnaotemjeito; 1 
curioso; 1 
nadacheff; 1 
lulanaolideranada; 1 
pubertychallenge; 1 
veranamadrugada; 1 
newyork; 1 
zonarojanfl; 1 
maratón; 1 
falhanossa; 1 
realmadridcastilla; 1 
atletieibar; 1 
metropolitano; 1 
laliga; 1 
informei; 1 
voacondor; 1 
raiders; 1 
laurna; 1 
atleti; 1 
balondor; 1 
cretinicefundamental; 1 
khalilmack; 1 
49ers; 1 
nevergiveup; 1 
quagliarella; 1 
fantasyfootball; 1 
chorei; 1 
doeu; 1 
absurdo; 1 
mandanudessemestresse; 1 
respectarianaandallwomen; 1 
allurebestofbeauty; 1 
bbb; 1 
miguelfallabela; 1 
everdadeessebilete; 1 
podcastfriday; 1 
smokeyandthebandit; 1 
ponitac; 1 
italiangp; 1 
glasurit; 1 
transam; 1 
cadeirantenão; 1 
vamovamointer; 1 
propaganda_de_a_a_z; 1 
kirchner; 1 
pateandojuntos; 1 
operativocandidata; 1 
cristina; 1 
ladygaganofantastico; 1 
fantástico; 1 
anittaeresmiorgullo; 1 
karolsevilla; 1 
kcaargentina; 1 
soyluna; 1 
deezer; 1 
gopackgo; 1 
chivsgb; 1 
nationaldogday; 1 
monic; 1 
sônica; 1 
saibadizernão; 1 
jovensvisionários; 1 
universalce; 1 
algoamais; 1 
algoa; 1 
sdn2018; 1 
fju; 1 
sdnceará; 1 
azureoutage; 1 
palcopopstar; 1 
crazyrichasians; 1 
magnuschase; 1 
emberquartet; 1 
valetudo30anos; 1 
aurieta; 1 
aloneinthecity; 1 
day6inbrazil; 1 
sagitário; 1 
insônia; 1 
foranatura; 1 
boicotenatura; 1 
オカメインコ; 1 
絹ちゃん; 1 
kibeaquinão; 1 
fakemotivacionais; 1 
jinglesqueconquistam; 1 
programaraulgil; 1 
100juizo; 1 
uniãodasorganizadas; 1 
aovivopracaramba; 1 
praquemduvidou; 1 
cbc2018; 1 
esccongress; 1 
timão108anos; 1 
foraloss; 1 
corinthianstvnoyoutube; 1 
thewanted; 1 
아침열시사십분임; 1 
여긴아직생일아님; 1 
김태형; 1 
onedirection; 1 
슈가형이다; 1 
abcdev2018; 1 
abcdevejoia; 1 
ux; 1 
womenwhocode; 1 
chatbots; 1 
chegademamarodinheirodopovo; 1 
profissaoreporter; 1 
rockinrio2016; 1 
papafracisco; 1 
audiênciageral; 1 
avanteoficina; 1 
catequese; 1 
hairstyle; 1 
young; 1 
hair; 1 
menosquirido; 1 
porumbrasilmenosviolento; 1 
schopenhauer; 1 
lgbtq; 1 
filosofia; 1 
niilismo; 1 
mude; 1 
cirogome; 1 
ciro12nodebateaparecida; 1 
lulanaurnatse; 1 
bolsonaronogab; 1 
meseguenogab; 1 
bolsonaronojn; 1 
lulaépresidiario; 1 
saúdemental; 1 
educaçãoholística; 1 
saúdeintegral; 1 
videoshowapp; 1 
sidãodolixo; 1 
varpaputaquepariu; 1 
foraconmebol; 1 
wildermind; 1 
hopeistheanthem; 1 
estudianteslp; 1 
copaargentina; 1 
chicosenador; 1 
chico500; 1 
euacreditonogordinho; 1 
tocomtarcisio50; 1 
linhadequarta; 1 
baitaamigos; 1 
saturday; 1 
selfie; 1 
mornning; 1 
privacidade; 1 
programming; 1 
php; 1 
desenvolvimento; 1 
conexaokinghost; 1 
programação; 1 
porchataovivo; 1 
minhasbebezonasfilhasbiastellaamooo; 1 
valentinameubebeeneguinhaamigasinseparevéis; 1 
forçaféfoco; 1 
gusttavolima; 1 
emergentecomoagente; 1 
festinhahoje; 1 
programadodoporchat; 1 
liberdadepratorcer; 1 
fluxsccp; 1 
sccpxspo; 1 
naobolsonaro; 1 
boletimmatutino; 1 
hlf18; 1 
somostodosmarluce; 1 
dammit; 1 
sucessoparavoces; 1 
happybirthdaymadonna; 1 
arianacarpool; 1 
rouanettparaquemprecisa; 1 
brasilacimadetudo; 1 
podcast; 1 
recordes; 1 
cast; 1 
portugal; 1 
bestpost; 1 
guinnessworldrecord; 1 
viveremportugal; 1 
vidaderoger; 1 
bodasdealgumcoisa; 1 
vaiterbeijosim; 1 
recebanospeito; 1 
happybirthday; 1 
cam4; 1 
happybeladay; 1 
momo; 1 
nayeon; 1 
bdz; 1 
sana; 1 
사나; 1 
나연; 1 
twicetagram; 1 
jihyo; 1 
シブヤノオト; 1 
mina; 1 
모모; 1 
쯔위; 1 
nayeon_com_franja; 1 
beanpole; 1 
미나; 1 
tzuyu; 1 
chaeyoung; 1 
채영; 1 
nayeon_tv; 1 
지효; 1 
momeeentosss; 1 
talisewelinton; 1 
aídesgramou; 1 
dormindonoestrado; 1 
gutsguts; 1 
daaovivoemgoiânia; 1 
éciradabino; 1 
ottrj; 1 
voltazico; 1 
citeumversículobíblico; 1 
jesusmeensina; 1 
jesusteama; 1 
nadúvidadanke; 1 
桜内梨子生誕祭2018; 1 
fridaythe13th; 1 
jasonvoorhees; 1 
公衆電話の日; 1 
random; 1 
nintendo; 1 
cholamais; 1 
élno; 1 
manupira; 1 
músicasaleatóriasdaminharádiomental; 1 
conceicaoevaristonaabl; 1 
músicaaleatóriadaminharádiomental; 1 
atitude18; 1 
congressoatitude2018; 1 
musical; 1 
용승; 1 
레오; 1 
reincarnation; 1 
위키미키; 1 
옷; 1 
superspecial; 1 
yongseung; 1 
동헌; 1 
양요섭; 1 
hoyoung; 1 
켄; 1 
kangmin; 1 
아이돌가사문학집; 1 
정택운; 1 
minchan; 1 
verivery; 1 
빅스; 1 
라비; 1 
n; 1 
강민; 1 
아육대; 1 
dongheon; 1 
gyehyon; 1 
땅을차지한자; 1 
용승이형; 1 
세상을얻을것이다; 1 
리얼로드무비; 1 
ken; 1 
본방사수_인증; 1 
계현; 1 
민찬생일케이크; 1 
sally; 1 
세븐틴; 1 
편집민찬; 1 
민찬생일비하인드; 1 
연호; 1 
leo; 1 
starlightselcaday; 1 
yeonho; 1 
canvas; 1 
명당; 1 
민찬; 1 
차학연; 1 
미미; 1 
막냉이; 1 
호영; 1 
mimi; 1 
샐리; 1 
빅스lr; 1 
gugudan; 1 
kisskicks; 1 
정미미; 1 
첸백시; 1 
wjsn; 1 
wekimeki; 1 
adorable; 1 
hoyeong; 1 
지금부터_베리베리해; 1 
늘오래가자; 1 
ravi; 1 
vixxfanart; 1 
vrvr; 1 
베리베리; 1 
gyehyeon; 1 
공룡아쉽; 1 
exo_cbx; 1 
seventeen; 1 
엔; 1 
구구단; 1 
이재환; 1 
newboygroup; 1 
weekendbrunch; 1 
vibe; 1 
musico; 1 
korgrk100s; 1 
pradoco; 1 
keytar; 1 
ruanmansur; 1 
sertajeno; 1 
prado; 1 
korg; 1 
happybirthdaymichaeljackson; 1 
myfirsttweet; 1 
justwhenwewerehigh; 1 
missstyles; 1 
chiuahua; 1 
caligraphy; 1 
ipanema; 1 
practice; 1 
goodvibes; 1 
caligrafia; 1 
smartfitipanema; 1 
choquito; 1 
cidadeimperial; 1 
haveaniceday; 1 
workout; 1 
caligraphyart; 1 
cathedralofpetropolis; 1 
smart; 1 
feliciasfeelings; 1 
practicing; 1 
goodvibesonly; 1 
smartfit; 1 
instashow; 1 
imperial; 1 
petrópolis; 1 
instagood; 1 
petropolis; 1 
gym; 1 
withhim; 1 
errejota021; 1 
instadog; 1 
shorthair; 1 
aesthetic; 1 
indieglass; 1 
sidemodel; 1 
validlgbtq; 1 
grunge; 1 
city; 1 
saopaulo; 1 
hippie; 1 
vintage; 1 
kirby101; 1 
jackkirby; 1 
tnt; 1 
monsta_x; 1 
굿나잇11시김남준; 1 
ly오클랜드; 1 
아렘형; 1 
hopeonthestreet; 1 
são_paulo; 1 
몬스타엑스월드투어; 1 
생일이라기쁜데엥; 1 
정국생일ㅊㅋ; 1 
tchau; 1 
브라질; 1 
상파울루; 1 
김남준아니면알엠; 1 
monstax; 1 
the_connect; 1 
냄쥰; 1 
제이케이; 1 
원호; 1 
꾹감독; 1 
오늘이진짜생일; 1 
campserrapilheira; 1 
linhadedomingo; 1 
cor0x1gre; 1 
unifor; 1 
vinho; 1 
portinari; 1 
casacor; 1 
pintura; 1 
temer; 1 
malvada; 1 
chowchow; 1 
wine; 1 
catioro; 1 
elesvivem; 1 
ahsapolcalypse; 1 
especulei; 1 
distritodoesporte; 1 
ovotoimporta; 1 
cerradobasquete; 1 
debatecorreio; 1 
klopp; 1 
raizéservasco; 1 
baseforte; 1 
romann1; 1 
coach; 1 
absichieldspiele; 1 
gigantenomaraca; 1 
feiradejogos; 1 
gamexp; 1 
muitacriatividade; 1 
outromundo; 1 
neuquen; 1 
docente; 1 
lomas; 1 
cgt; 1 
diecis1e7e; 1 
juventudjudicial; 1 
montegrande; 1 
chubut; 1 
bsas; 1 
sanluis; 1 
txs; 1 
neuquén; 1 
garcas; 1 
uncaus; 1 
jup; 1 
rosario; 1 
unl; 1 
jujuy; 1 
sanjuan; 1 
larioja; 1 
secgralfua; 1 
unq; 1 
marchanacionaluniversitaria; 1 
fuj; 1 
juventud; 1 
movilización; 1 
ceuncaus; 1 
funyp; 1 
ceunaj; 1 
marchanacionaleducativa; 1 
mejorquedecireshacer; 1 
prohibidoolvidar; 1 
juventudsindical; 1 
defendamoslauniversidad; 1 
defendamoslaeducaciónpública; 1 
diadelniño; 1 
fuses; 1 
congresodelanación; 1 
rectores; 1 
leydebecas; 1 
utn; 1 
sgodelestero; 1 
unpsjb; 1 
chaco; 1 
unqui; 1 
misiones; 1 
jurídicas; 1 
catamarca; 1 
fulz; 1 
stacruz; 1 
rionegro; 1 
100años; 1 
formosa; 1 
unlp; 1 
defendamoslauniversidadpublica; 1 
lapampa; 1 
azulalcentro; 1 
fantasmadelaalianza; 1 
noocente; 1 
lista10; 1 
chetosdelortooooo; 1 
leynacionaldebecas; 1 
launiversidadnosevende; 1 
sindicatos; 1 
moreno; 1 
marchafederaluniversitaria; 1 
unidosxlaunaj; 1 
entreríos; 1 
universidadpública; 1 
universidadesenpeligro; 1 
nacionalpopularfeminista; 1 
unse; 1 
uejn; 1 
podemoshablar; 1 
unca; 1 
domingueiracomeçando; 1 
booooataaardeh; 1 
thalíachallenge; 1 
malhaçãovivaadiferença; 1 
5stars; 1 
mvda; 1 
paratodososgarotosquejáamei; 1 
lacta; 1 
everybodyhateschris; 1 
histologiaeembriologia; 1 
figueirameuamor; 1 
fisioterapia; 1 
maiordesc; 1 
designthinking; 1 
helpdesk; 1 
soyperiodistanocriminal; 1 
guias; 1 
migração; 1 
digitallysafe_ifex; 1 
inovação; 1 
segurançadigital; 1 
orei; 1 
girlfriend; 1 
mobilephotography; 1 
astronomy; 1 
telescope; 1 
perigo; 1 
princess; 1 
astrophotography; 1 
moon; 1 
elenuca; 1 
fla1x0vit; 1 
books; 1 
iraq; 1 
a4; 1 
eleporranenhuma; 1 
geledes; 1 
eleeocaralho; 1 
humansoflatecapitalism; 1 
小坂菜緒; 1 
venezia75; 1 
descubra; 1 
lulanoinferno2018; 1 
cbm; 1 
aqueleabraço; 1 
manusofreumachismo; 1 
nemai; 1 
showdvida; 1 
torcidadeverdade; 1 
semnovidade; 1 
semprefoiassim; 1 
calamosatorcidamista; 1 
nadamudou; 1 
maiortorcidadobrasil; 1 
felizprimavera; 1 
spring; 1 
fila; 1 
desacelera; 1 
sp1; 1 
gda12anos; 1 
keimakengaral; 1 
serenatadeamor; 1 
flahistoria; 1 
lulanunca; 1 
lulanao; 1 
temakin; 1 
quemmatouodeteroitan; 1 
smartphone; 1 
partner; 1 
bigfoot; 1 
fintech; 1 
omarosa; 1 
artificialintelligence; 1 
insurtech; 1 
2018midterms; 1 
diabetes; 1 
catapora; 1 
égolsportv; 1 
bottleduptonight; 1 
allybrookeatfusion; 1 
streambottledup; 1 
jaguarsdvjaguar; 1 
nacaradogol; 1 
carlinhosmaianothenoite; 1 
facebookdown; 1 
novoalmirante; 1 
smashbrosultimate; 1 
bebalocal; 1 
blendermarket; 1 
maiko; 1 
giappone; 1 
painting; 1 
gamedev; 1 
animation; 1 
blender3d; 1 
wip; 1 
b3d; 1 
greasepencil; 1 
3d; 1 
krita; 1 
gallery; 1 
illustration; 1 
cmv; 1 
waltermatthau; 1 
kyoto; 1 
geisha; 1 
rafikisland; 1 
2d; 1 
b2d; 1 
gandalf; 1 
grlpwr; 1 
toddphillips1; 1 
nasa; 1 
superchow; 1 
plutão; 1 
homenagemtribute; 1 
oladotretadaforca; 1 
anilversário; 1 
tercaelitedosdv; 1 
tercamastersdv; 1 
sextaelitedosdv; 1 
horariopolitico; 1 
tercacomtsunamisdv; 1 
chádaclarice; 1 
padrinhos; 1 
matheuserogério; 1 
medáumestágio; 1 
badday; 1 
newtonpaiva; 1 
adm; 1 
tofornamdo; 1 
futuromelhoragora; 1 
cironodebateaparecida; 1 
brasilprafrenteciropresidente; 1 
vote12; 1 
hackearnãovainoscalar; 1 
anusdoxaime; 1 
freecodefridaycontest; 1 
soulunaparasempre; 1 
webtvbrasileira; 1 
season6; 1 
billygraham; 1 
serena; 1 
obrasilqueeuquero; 1 
respect; 1 
neverforget; 1 
mariavaicomasoutras; 1 
amedulapegou; 1 
14zadaaa; 1 
elenaomesmoqueadanielamercuryteobrigueaseposicionarpranaoacabarsuacarreira; 1 
elenemfodendo; 1 
usopensportv; 1 
library; 1 
normantonlibrary; 1 
lovelibraries; 1 
resistencia165dias; 1 
festivallulalivresp; 1 
prettyhurts; 1 
fantasticbeasts; 1 
ottobock; 1 
conversacombial; 1 
voteno30; 1 
confusa; 1 
zenapp; 1 
mensagensevangelicas; 1 
arswhu; 1 
maisque3; 1 
watchespn; 1 
mentiranaeducaçãonão; 1 
teamjess; 1 
badblood; 1 
prontofalei; 1 
falacapitao; 1 
forcamanu; 1 
okok; 1 
sanxgre; 1 
themeaningoflifein4words; 1 
fancyintellectual; 1 
uscdebt; 1 
g1sp; 1 
diadosoldado; 1 
profesp; 1 
açãosocial; 1 
saude; 1 
perseguicao; 1 
falundafa; 1 
intxgre; 1 
salvemoslafamilia; 1 
porlas2vidas; 1 
latinoamericaxlas2vidas; 1 
repúblicadominicana; 1 
chubutsialavida; 1 
guatexlas2vidas; 1 
dejalonacerrd; 1 
gloriagroove; 1 
fodasemoluscoebolsoneca; 1 
killthepoor; 1 
goingfor2; 1 
f1nogp; 1 
nascarfoxsports; 1 
f1naglobo; 1 
zenfone5; 1 
malhação; 1 
vivaadiferença; 1 
maisvocê; 1 
キングテレサ姫; 1 
セガtgs2018; 1 
森久保乃々; 1 
輿水幸子; 1 
龍が如く; 1 
龍オン; 1 
xenobladechronicles2; 1 
n3ds; 1 
bowserjr; 1 
splatoon2; 1 
nintendodirect; 1 
receba; 1 
breadpocalypse; 1 
criptosanca; 1 
uasf; 1 
no2x; 1 
quill; 1 
votoelectrónico; 1 
usppaga; 1 
vr; 1 
joguemlimposeuscovardes; 1 
supremosemcuragay; 1 
debochado; 1 
caradepau; 1 
73questions; 1 
377verdict; 1 
section377; 1 
meliberaufes; 1 
problematização; 1 
legalizabrasil; 1 
bastadeguerraaospobres; 1 
legalizaçãojá; 1 
thevociebrasil; 1 
dreamleagueonline; 1 
dreamleaguesoccer; 1 
vocenao; 1 
ehusguriday; 1 
vivabemufv; 1 
futebolnaglobo; 1 
foibeijodamorte; 1 
bolsonarojamais; 1 
lulanuncamais; 1 
treta; 1 
golpe64; 1 
cariocadevôlei; 1 
cariocadevolêi; 1 
noutrosesportestuafibraestápresente; 1 
aekfcineurope; 1 
uclplayoff; 1 
aekfc; 1 
aekfcseason2018_19; 1 
aekfamily; 1 
ucl; 1 
aekvid; 1 
estoucombolsonaro17; 1 
nossofutebol; 1 
brasileiraonosportv; 1 
bleach; 1 
emocionante; 1 
patadasdamiranda; 1 
assedioehabitonopensi; 1 
rov; 1 
aniverdaisa; 1 
pensaemfrio; 1 
multiplica; 1 
happniess; 1 
tricolor; 1 
todoamorporesselugar; 1 
christmas; 1 
g1para; 1 
riquezassãodiferentes; 1 
bolsonaropredidente17; 1 
meujeitinho; 1 
denovo; 1 
esseésolteiromesmo; 1 
valtonyc; 1 
bolsonaromente; 1 
tudoporportugal; 1 
porita; 1 
ditaduranuncamais; 1 
blackpanther; 1 
raidernation; 1 
mydogiscutest; 1 
papotorto; 1 
mymusicchallenge; 1 
fightlyme; 1 
girlstrip; 1 
poprockshot; 1 
spotify; 1 
oprotetor2; 1 
applemusic; 1 
laschicasdelcable; 1 
netflixlife; 1 
asociedadeliterária; 1 
review; 1 
objetoscortantes; 1 
godisawoman; 1 
literaturaemfoco; 1 
cinemaemfoco; 1 
thelastship; 1 
newmusicfriday; 1 
theresident; 1 
villaneve; 1 
bubbline; 1 
adventuretime; 1 
diadefolga; 1 
calaabocagentili; 1 
confidentgirl; 1 
unreached; 1 
aquário; 1 
talokotio; 1 
amei; 1 
guerrainfinita; 1 
scarletwitch; 1 
thanos; 1 
deadpool; 1 
xmen; 1 
reylo; 1 
cumberbabes; 1 
cumberfamily; 1 
versailles; 1 
hansenpresidente; 1 
debategazeta; 1 
ffsingleinmyblood; 1 
vasxacf; 1 
asaventurasdepoliana076; 1 
planetabizarro; 1 
blogdobispomacedo; 1 
opinião; 1 
horárioeleitoral; 1 
caos; 1 
brasildebate; 1 
guerra; 1 
aviso; 1 
santa; 1 
rioporinteiro; 1 
de; 1 
tinformafilha; 1 
thedramashow; 1 
odiosucitaodio; 1 
happybirthdaydemi; 1 
kdm; 1 
h4pbraziljs; 1 
girlh4p; 1 
jlo; 1 
dorotheatanning; 1 
avrillavigne; 1 
generalmourao; 1 
jessicabiel; 1 
masterminds11; 1 
dostoiévski; 1 
nightnight; 1 
ernst; 1 
perdeutiffany; 1 
catolicoorante; 1 
craquedoverdão; 1 
sfvae; 1 
rumoasérieb; 1 
brasilvelhodeguerra; 1 
vamossubirsanta; 1 
vamossubirsantacruz; 1 
50milnoarruda; 1 
유민영; 1 
light; 1 
cubeisoverparty; 1 
프듀48; 1 
day6; 1 
yuminyoung; 1 
minhanormatividadesecreta; 1 
hawking; 1 
bolsonaroétemer; 1 
tbtreze; 1 
haddadaovivo; 1 
eleiçõessjcc; 1 
nuncajamais; 1 
boatarde; 1 
constelacaosistemica; 1 
heitor; 1 
esseaitambemnao; 1 
puraloucura; 1 
verdadesocultas; 1 
versossimples; 1 
fotoemusica; 1 
skrik; 1 
relax; 1 
andreacaichjianclick; 1 
instacats; 1 
oslo; 1 
céuazul; 1 
lifestyle; 1 
inside; 1 
vemprimavera; 1 
oslove; 1 
pai; 1 
wakandaforever; 1 
bojackseason5; 1 
nailedit; 1 
meteoro; 1 
paradisepd; 1 
coldendfrozen; 1 
interishere; 1 
intertottenham; 1 
ninguémliga; 1 
primasyoga; 1 
voltabigode; 1 
bonita; 1 
profluciano; 1 
autoescolaaa; 1 
sextouuuu; 1 
morenaalindaa; 1 
maravilhosaaa; 1 
noarnacbn; 1 
oquemedeixafelizé; 1 
campeãmasterchef; 1 
gomamon; 1 
joãonosbt; 1 
digimon; 1 
aquinotwittereu; 1 
irmaodojorel; 1 
mentiroso; 1 
promundomelhorarsofalta; 1 
insonia; 1 
geraldonaredetv; 1 
geraldonagazeta; 1 
stephannymicaotour; 1 
ficonervosoquando; 1 
cobertorzinhoforever; 1 
othday; 1 
othfam; 1 
debaterjnoglobo; 1 
mantra; 1 
lastfm; 1 
mulherescombolsoanaro; 1 
gorng; 1 
debateestadaojp; 1 
eua; 1 
bonscott; 1 
acdc; 1 
impala; 1 
angusyoung; 1 
highwaytohell; 1 
malcolmyoung; 1 
ceta; 1 
assembléenationale; 1 
macrontraverselarue; 1 
huiledepalme; 1 
caluire; 1 
solidaire; 1 
écologique; 1 
vélo; 1 
planvélo; 1 
lier; 1 
mood; 1 
holidays; 1 
goprofusion; 1 
bullying; 1 
typhoonjebi; 1 
gettingstronger; 1 
gettingstrong; 1 
stupid; 1 
winter2018; 1 
winter; 1 
islamic; 1 
happydays; 1 
fellingstronger; 1 
toyforadults; 1 
newreleases; 1 
jetlag; 1 
gymmotivation; 1 
ridiculous; 1 
flyers; 1 
brexit; 1 
bully; 1 
motivation; 1 
wore; 1 
ek203; 1 
gymtime; 1 
disappointed; 1 
dubai; 1 
towerbridge; 1 
disgrace; 1 
digusting; 1 
greatservice; 1 
iphones; 1 
noforbullying; 1 
saturdaymotivation; 1 
typhoon21; 1 
newiphone; 1 
boarding; 1 
excited; 1 
mondayvibes; 1 
mondayfeeling; 1 
ukburkaban; 1 
gopro; 1 
libertadores2010; 1 
vamuinter; 1 
militei; 1 
atrasadosempre; 1 
afazendo10; 1 
correndotbm; 1 
capricórnio; 1 
saudadesfrio; 1 
quartademetrurasdv; 1 
izagrammylatino; 1 
machismonão; 1 
museunacionaldorj; 1 
genarowlands; 1 
missdandme; 1 
annebancroft; 1 
melbrooks; 1 
ingridbergman; 1 
bettedavis; 1 
johncassavetes; 1 
cabodaciolo51; 1 
healthfood; 1 
tomorta; 1 
forçatramontina; 1 
planeamientourbano; 1 
vivienda; 1 
promocionsocial; 1 
bbg; 1 
iomkipur; 1 
elorigen; 1 
roshashana; 1 
cabezonhdp; 1 
nsb; 1 
paguenganancias; 1 
lovisteentlfnoticias; 1 
puenteolímpicoriberasur; 1 
barrio31; 1 
golpistas; 1 
buendia; 1 
lanochedeloslapices; 1 
nvm; 1 
carlosbalbín; 1 
villa20; 1 
eforte; 1 
crucificar; 1 
amaré; 1 
cine; 1 
lügenpresse; 1 
chemnitz; 1 
brulee; 1 
beatrizsegall; 1 
profissionais; 1 
odeteroitman; 1 
projetouhtred; 1 
amazoniavaicantar; 1 
bebe; 1 
come; 1 
dorme; 1 
misakatoyasato; 1 
deenazemaondrive; 1 
alexnajalas; 1 
mileleconcertfriday; 1 
sokasantimaa; 1 
reggaezone; 1 
betalab; 1 
fofocalizando; 1 
batalab; 1 
beta; 1 
timbetalab; 1 
kamilly14umrei; 1 
betaajudabeta; 1 
falamaisgentilli; 1 
bolsonaroeleito1ºturno; 1 
vaitrabalhar; 1 
mentirosa; 1 
mulheresnaluta; 1 
qualquercoisamenosele; 1 
noch; 1 
bundesliga; 1 
soccer; 1 
polonia; 1 
bayern; 1 
münchen; 1 
einmal; 1 
italy; 1 
memória; 1 
hoffenheim; 1 
gioco; 1 
poland; 1 
fussball; 1 
football; 1 
danke; 1 
incêndio; 1 
bocajuniors; 1 
bocadefarofa; 1 
contaminada; 1 
liltouch; 1 
orbitselcaday; 1 
몰랐니; 1 
manualdocovarde; 1 
demodofifa19; 1 
vitxpal; 1 
ti9; 1 
nes; 1 
paxwest; 1 
asminaciram; 1 
cirãodaresenha; 1 
cirogomes12; 1 
cirogomesdebateredetv; 1 
gameofgomes; 1 
cirogomes2018; 1 
cirogomespresidentepdt; 1 
cironaglobonews; 1 
pdt; 1 
projetociro; 1 
cirogomespresidente12; 1 
cirogomespresidentepdt12; 1 
tuliogadelha1212; 1 
cironarederecordtv; 1 
pdt12; 1 
cironarecordtv; 1 
vamosvozão; 1 
programa5; 1 
bundesligaéno442; 1 
laligano442; 1 
whuche; 1 
leaderpool; 1 
melhorgoleirodobrasil; 1 
unity; 1 
udemy; 1 
tiradamagali; 1 
woodynomorning; 1 
openfuture; 1 
nãovoto; 1 
português; 1 
goiás; 1 
goiânia; 1 
780am; 1 
morfitelefe; 1 
gonzálezdaher; 1 
pensesobre; 1 
joaonagazeta; 1 
facebookparou; 1 
vamosmudartudo; 1 
amoedopresidente; 1 
amoedonagazeta; 1 
queromudartudo; 1 
trindade30; 1 
joaonosbt; 1 
votenovo; 1 
trintei; 1 
bh; 1 
airplants; 1 
greenhouse; 1 
mg; 1 
tillandsias; 1 
guerreirascombolsonaro; 1 
bolsomitoooo; 1 
gunreformnow; 1 
gab; 1 
humornegro; 1 
câncer; 1 
sextaflop; 1 
teamluablanco; 1 
안엑컴_365일_같이듣자_365; 1 
vinonatgeo; 1 
ptnao; 1 
seattle; 1 
fazenda; 1 
originpcfamily; 1 
intelgamerdays; 1 
queropazquerociro; 1 
trazmaisum; 1 
cirosimpostenao; 1 
pergunteaociro; 1 
enquete; 1 
ecomciroqueeuvou; 1 
tinyhands; 1 
aprimeiranoitedecrime; 1 
menospreconceito; 1 
rebeccadesaparecida; 1 
meubolsominionsecretoé; 1 
holywater; 1 
stevenkleinstudio; 1 
mdnaskin; 1 
chromeclaymask; 1 
precisoamar; 1 
passandofome; 1 
quemderaeu; 1 
conecta2018; 1 
soudeesquerdaporque; 1 
gaming; 1 
newprofilepica; 1 
nalata; 1 
voltaemo; 1 
devastadedday; 1 
printwayyéamor; 1 
dreamteam; 1 
iyaterra; 1 
32bpm; 1 
jornaldacurtura; 1 
mitoseleitorais; 1 
cirodaputa; 1 
reflitao; 1 
nãoconfioemgenteque; 1 
whitepeapleproblems; 1 
kyokushin; 1 
blablabla; 1 
oss; 1 
shinkyokushin; 1 
copa; 1 
karate; 1 
osu; 1 
luta; 1 
fight; 1 
skateboard; 1 
torneio; 1 
skate; 1 
oyama; 1 
somosmarina18; 1 
euvoto18; 1 
marinaculturadepaz; 1 
gazetaestadãojp; 1 
somosmarinapresidente; 1 
gneleicoes2018; 1 
euapoioalavajato; 1 
centraldaseleições; 1 
paulocésarbaruk; 1 
resenhaespn; 1 
snuc; 1 
mudançasclimáticas; 1 
mma; 1 
mapbiomas; 1 
somostodossofia; 1 
newsdigest; 1 
starwars; 1 
crimesemrespostasmeexplica; 1 
sigameetesigo; 1 
vozativa; 1 
tabla; 1 
musicade; 1 
semcensura; 1 
sitar; 1 
craviola; 1 
voz; 1 
dirleneesara50; 1 
bethegeneration; 1 
globalcitizens; 1 
anythingyoucanimagine; 1 
sdgs; 1 
endperiodpoverty; 1 
humanability; 1 
netherlands; 1 
vaxthenation; 1 
caracas; 1 
sismo; 1 
sanbernardino; 1 
ouvirradio; 1 
temblor; 1 
datamining; 1 
python; 1 
bigdata; 1 
machinelearning; 1 
datascience; 1 
tenereroraima; 1 
amajari; 1 
tenere; 1 
brasildoextremonorte; 1 
roraima; 1 
brasildoextronorte; 1 
tenererr; 1 
uphilltepequém; 1 
roraimadefato; 1 
tepequem; 1 
boavista; 1 
tepequemuphill; 1 
uphilltepequem; 1 
bailedacolombia; 1 
irmao; 1 
colombia; 1 
colômbiafesta; 1 
bailedacolômbia; 1 
13_outubro; 1 
colômbia; 1 
vegana; 1 
omilagredamanhã; 1 
facada; 1 
urnas; 1 
amador; 1 
pittyteconecta; 1 
gilmarmendes; 1 
somostodosvaleriasantos; 1 
masterchef; 1 
cruxflu; 1 
invictafc31; 1 
chato; 1 
perdendoamão; 1 
hoy; 1 
díadelpolitólogo; 1 
justicia; 1 
felizdiadelabogado; 1 
sesión; 1 
dólar; 1 
novuelvenmás; 1 
21a; 1 
santelmo; 1 
buenlunes; 1 
paronacional; 1 
fsoc; 1 
cienciapolítica; 1 
polémica; 1 
recuperarlorobado; 1 
paro; 1 
díadelniño; 1 
buenjueves; 1 
villa31; 1 
sanlorenzo; 1 
díadelchamamé; 1 
buenmiércoles; 1 
pintadebate; 1 
extincióndedominio; 1 
universidad; 1 
hablamacri; 1 
mbaipy; 1 
eagames; 1 
locomotion; 1 
mcdonalds; 1 
sebo; 1 
demo; 1 
geleiadepimenta; 1 
valhein; 1 
jelly; 1 
tecentgames; 1 
knightsabers; 1 
jellypepper; 1 
jason; 1 
mvp; 1 
geleia; 1 
sepalmeiras; 1 
batman; 1 
gourmet; 1 
bigmac; 1 
hamburguer; 1 
hamburger; 1 
orkut; 1 
mobilelegends; 1 
moba; 1 
mobile; 1 
aliexpress; 1 
easports; 1 
pimenta; 1 
androidmoba; 1 
bubblegumcrisis; 1 
tokyo2040; 1 
androidplay; 1 
cyberpunk; 1 
hq; 1 
vamoganhaporco; 1 
tecent; 1 
sadako; 1 
saber; 1 
50anos; 1 
cocacola; 1 
burger; 1 
googleplay; 1 
quemmandoumatarmarielle; 1 
blocksestúpidos; 1 
especialtheoc15anos; 1 
afiliadosbrasil; 1 
motivacao; 1 
motifs; 1 
motivaçãomilionaria; 1 
motivacaovaliosa; 1 
motivacional; 1 
moti; 1 
e; 1 
afiliadodigital; 1 
tirinhas; 1 
quadrinhos; 1 
melhorjairseacostumando; 1 
melhorjairsehaddadptando; 1 
equipehm; 1 
alckmimeparece; 1 
marcelorezende; 1 
saudadeseternas; 1 
marcelatais; 1 
sobrevivi; 1 
amoatéoinfinito; 1 
forçaanita; 1 
anitters; 1 
ffsinglehavana; 1 
clau; 1 
citação; 1 
ffartistcamila; 1 
medicina; 1 
anittagata; 1 
frase; 1 
passaro; 1 
poesia; 1 
fresno; 1 
texto; 1 
tempo; 1 
윤기; 1 
곧끝; 1 
taehyung; 1 
musicbank; 1 
방탄소년단의; 1 
btsloveyourselfinla; 1 
idolstreamingparty; 1 
1yearwithserendipity; 1 
barmysvote; 1 
슈가; 1 
btsfanart; 1 
btsfortworth_d2; 1 
imfine; 1 
태형; 1 
armybts; 1 
idol1stwin; 1 
projetobtsxbrazil; 1 
btsworldtour; 1 
ficababierola; 1 
s04fcp; 1 
embolo; 1 
geraçãocidadãdedados; 1 
devastedday; 1 
capitamarvel; 1 
gui; 1 
xodódepainho; 1 
olhaocaldo; 1 
avfc; 1 
jornaldacultura; 1 
forabozo; 1 
backtoyou; 1 
fcseguindofc; 1 
queremostroyesivan; 1 
bloomtour; 1 
lulalivresóem2030; 1 
onda; 1 
resuldado; 1 
exdeputada; 1 
curta; 1 
joãoamoedo; 1 
eleiçao2018; 1 
henriquemeirelles; 1 
é; 1 
ordemeprogresso; 1 
carlinhosalmeida; 1 
curtir; 1 
vice; 1 
joãoamoedo30; 1 
todoscandidatos; 1 
rodrigopaiva; 1 
guilhermeboulos; 1 
seguir; 1 
candidatos; 1 
micheltelo; 1 
vote300; 1 
exprefeito; 1 
verdade; 1 
voto; 1 
simulador; 1 
deputadoestadual; 1 
presidente30; 1 
professorchristian; 1 
segundoturno; 1 
bandeirantes; 1 
nesta; 1 
já; 1 
redegazeta; 1 
angelaguadagnin; 1 
compartilhe; 1 
joaoamoedo30; 1 
inconveniente; 1 
eleição2018; 1 
presidente; 1 
twitter; 1 
bolsominions; 1 
joãoamoêdo; 1 
sãojosédoscampos; 1 
odolareeu; 1 
mucbresiste; 1 
mucbmundial; 1 
elesnaopassarao; 1 
desistirjamais; 1 
forafascistas; 1 
rumoa1k; 1 
westillloveyoudemi; 1 
conversion; 1 
images; 1 
drupal; 1 
veganchat; 1 
seo; 1 
youtubetips; 1 
freelance; 1 
sustained; 1 
psychology; 1 
productivitytools; 1 
blogging; 1 
writers; 1 
growth; 1 
tools; 1 
ceo; 1 
casestudy; 1 
blog; 1 
social; 1 
entrepreneur; 1 
interview; 1 
office; 1 
copywriters; 1 
startups; 1 
yesitsvegan; 1 
quality; 1 
vegan; 1 
video; 1 
content; 1 
b2b; 1 
김립; 1 
츄; 1 
桜田通; 1 
elesimb17; 1 
elasnão; 1 
elasnaomerepresentam; 1 
aindomadanoviva; 1 
topissima; 1 
senador456; 1 
fimdapolíciamilitar; 1 
nãopassarão; 1 
cironao; 1 
criancaesperanca; 1 
lulalixo; 1 
amoedo; 1 
ptlixo; 1 
feliz; 1 
temergolpista; 1 
temerblogueira; 1 
bobõescombozonaro; 1 
bozoasno; 1 
tarotdiário; 1 
bumbumnoar; 1 
como; 1 
quemmandoumatarumapiada; 1 
coleurbmepatrocina; 1 
bandeiranaband; 1 
privatizações; 1 
mateusbandeira30; 1 
debatebandrs; 1 
emmyshermanpalladino; 1 
halo; 1 
nbc; 1 
videobomba; 1 
pokemongofriend; 1 
calcionatv; 1 
bbsim; 1 
acabandoos30dias; 1 
tomjobim; 1 
edinho; 1 
biro; 1 
benitodepaula; 1 
ohmeudeux; 1 
minhabolsominionsecreta; 1 
diamundialdafotografia; 1 
gatosdeinstagram; 1 
catsofinstagram; 1 
pb; 1 
gatos; 1 
pop; 1 
gato; 1 
catlover; 1 
catstagram; 1 
rutianoemichel; 1 
casamento; 1 
meow; 1 
foraalckimin; 1 
foradória; 1 
forapsdb; 1 
somoslimauniformelimaalfa; 1 
reformadaprevidência; 1 
éciro; 1 
unga; 1 
justice4lola; 1 
99vidas; 1 
getthestrap; 1 
chears; 1 
streetsofrage4; 1 
gogunners; 1 
deixemohomemtrabalhar; 1 
reguetonanticorrupción; 1 
mocoa; 1 
consultaanticorrupción; 1 
detroitbecomehuman; 1 
supergirl; 1 
pergunteamarina; 1 
agoraédomingo; 1 
arquivonacional; 1 
solparatodos; 1 
mcguimê; 1 
runtastic; 1 
pokemongo; 1 
unreal; 1 
heatwaves; 1 
parisagreement; 1 
biodiversidade; 1 
cidades; 1 
foodsecurity; 1 
cities; 1 
sustentabilidade; 1 
gcpc2018; 1 
unicamp; 1 
europe; 1 
climateaction; 1 
telecoupling; 1 
limitless; 1 
vamosbugre; 1 
amoêdonopânico; 1 
guaxjuv; 1 
museusnaluta; 1 
museusemluto; 1 
euacredito; 1 
care2; 1 
tomabolsonaro; 1 
merecidamente; 1 
sodisseverdade; 1 
naoénao; 1 
maisamorporfavor; 1 
giselelira; 1 
peterpan; 1 
brasileirao2018; 1 
loveit; 1 
gikabacci; 1 
legiãourbana; 1 
westlife; 1 
torcidateló; 1 
alicemerton; 1 
fargo; 1 
empathy; 1 
zaz; 1 
cork; 1 
tatianamaslany; 1 
ireland; 1 
doglovers; 1 
neruda; 1 
jacoblee; 1 
somostodosrenata; 1 
doctorwhonocinemark; 1 
dogsarethebest; 1 
longexposure; 1 
urbanlandscape; 1 
streetsgrammer; 1 
phonephotography; 1 
landscapephotography; 1 
nekocase; 1 
cityscape; 1 
colorphotography; 1 
streetphotography; 1 
hurricanceflorence; 1 
k9; 1 
urbanphotogallery; 1 
baddecisionsihavemade; 1 
drawthisinyourstyle; 1 
vsco; 1 
sapatao; 1 
tourarenacorinthians; 1 
4theplayers; 1 
casadopovo; 1 
f1driveroftheday; 1 
avidaéumjogo; 1 
lssc; 1 
toad; 1 
fbi; 1 
sevira; 1 
veda13; 1 
hottelmazzafera; 1 
euviumfusca; 1 
euamobibliotecas; 1 
sempneuzinhoevcsabebemmmm; 1 
áries; 1 
etecafhappydays; 1 
cmtn; 1 
doceseria; 1 
voyage; 1 
ds9; 1 
lullaby; 1 
foralomba; 1 
girl; 1 
recordaréviver; 1 
brazilian; 1 
debatebandpr; 1 
verguenzacomebol; 1 
timeline; 1 
forzainter; 1 
comigoninguemtoddy; 1 
finaldesemanaacabou; 1 
ursal; 1 
bolsonaronão; 1 
agorasouciro; 1 
forevereunb; 1 
ceilandia; 1 
oxitec; 1 
sanguenoolho; 1 
cultodosmilagres; 1 
liderança; 1 
diainternacionaldomosquito; 1 
mosquitoe; 1 
snt; 1 
chamado; 1 
celebracaobh; 1 
worldmosquitoday; 1 
coraçao; 1 
missão; 1 
reuniao144; 1 
celebracaosntoficial; 1 
palhocense; 1 
bandadabarra; 1 
pombanabalaia; 1 
pedeamorinha; 1 
amoras; 1 
sergipe; 1 
teamday; 1 
bestofnba; 1 
thelastdance; 1 
lehistory; 1 
kickoff2018; 1 
kobe40; 1 
nevsnyg; 1 
gopats; 1 
seelenaoquementao; 1 
vergonhaleia; 1 
btsloveyourselftourinla; 1 
loco; 1 
baekhyun; 1 
iridescence; 1 
swag; 1 
daredevil; 1 
vcsabequem; 1 
euvi; 1 
eusim; 1 
gladysquinterosepulveda; 1 
donantedesangre; 1 
teatrocauplicán; 1 
laságuilashumanas; 1 
eleiçōes2018; 1 
alison; 1 
worldsuicidepreventationday; 1 
rougenodatena; 1 
rougeday; 1 
motivationalmonday; 1 
rouge16anos; 1 
quemconheconfirma; 1 
lançamentoskingdom; 1 
devilishjoy; 1 
마마무; 1 
award; 1 
mamamoo; 1 
ulissesmaia; 1 
nãomearrasta; 1 
superstar; 1 
querodizerumacoiza; 1 
chateadaecomcalor; 1 
thefemaletvstar; 1 
chateada; 1 
lanaparrilla; 1 
bioinformatics; 1 
yoursiteisbroken; 1 
gameover; 1 
bodo; 1 
openindexprotocol; 1 
evolution; 1 
encryption; 1 
tor; 1 
arjenkamphuis; 1 
privacy; 1 
barçapsv; 1 
forçabarça; 1 
mulheresunidas; 1 
foconavitória; 1 
acimadetudorubronegro; 1 
intxfla; 1 
forabananademelo; 1 
issoaquiéflamengo; 1 
verificanatasha; 1 
lulaépresidário; 1 
fichalimpa; 1 
itimalia; 1 
mpn2018; 1 
instaboy; 1 
facetune; 1 
nf; 1 
model; 1 
tunblr; 1 
somostodosdesajustados; 1 
homeopatia; 1 
medicinacurativa; 1 
vempramassa; 1 
tocomciro; 1 
chupagremio; 1 
momentox; 1 
maiordorio; 1 
cbfsemmoral; 1 
obebê; 1 
filhacarinhosa; 1 
paiorgulhoso; 1 
maisalegria; 1 
maisharmonia; 1 
maisesperanca; 1 
doutorabrinquedos; 1 
menoscinza; 1 
sortudosoueu; 1 
agoravai; 1 
maisverde; 1 
maispaz; 1 
sodurmoquandoacabar; 1 
quebradinhaclipe; 1 
otrii; 1 
nbadraft; 1 
esporteinterativomorreu; 1 
arquivome; 1 
superarquivo; 1 
zegeraldo131; 1 
resistir; 1 
paulorocha13; 1 
oamorvencera; 1 
úrsula500; 1 
parei; 1 
chupa; 1 
dilmalinda; 1 
pormais10x1; 1 
foratemer; 1 
girlslikeyou; 1 
smwsp; 1 
firefestival; 1 
15dami; 1 
reptourminneapolis; 1 
taylorswiftnorockinrio; 1 
nyfw; 1 
touroftheyear; 1 
gpsingapur; 1 
mavencalore; 1 
allblue200k; 1 
nerdcast; 1 
queimandoalingua; 1 
flaunt20; 1 
r7; 1 
minhaesquerdistasecreta; 1 
bahxpal; 1 
bomdiafox; 1 
cruzeirocabuloso; 1 
rg; 1 
omitochegou; 1 
mitonaselfie; 1 
ocapitaotavoltando; 1 
stfvergonhanacional; 1 
bananakong; 1 
edutubers; 1 
gagamilano; 1 
greatness; 1 
whpcolorpalette; 1 
youtubeeducon; 1 
gagamilanofriend; 1 
partiudubai; 1 
odeiojenteq; 1 
unidossomosfortes; 1 
foraptcrimeeleitoral; 1 
ramza; 1 
finalfantasytactics; 1 
jairmessiasbolsonaro17; 1 
flaviobolsonaro177; 1 
euvotojb17; 1 
don; 1 
braxusa; 1 
flickerworldtourwestpalmbeach; 1 
xfactor; 1 
allalong; 1 
lp1firsttime; 1 
tudobom; 1 
ofilhodeletambémnão; 1 
caiuem90; 1 
timedopovo; 1 
semcopinha; 1 
jogaipornós; 1 
nuncafoifácil; 1 
eterno6a1; 1 
revoltadasbistecas; 1 
bilete; 1 
casadachampions; 1 
aniitta; 1 
houthis; 1 
iran; 1 
qatar; 1 
cacafaz5; 1 
águia; 1 
vemproalzirão; 1 
gshow; 1 
family; 1 
formula1; 1 
descanseempaz; 1 
ja1; 1 
domingoespetacular; 1 
dancingbrasil; 1 
singer; 1 
cierraramirez; 1 
nãovotepsolnunca; 1 
vasco120anos; 1 
rumoaos50mil; 1 
reencontro; 1 
7eac; 1 
makelove; 1 
afamiliacresceu; 1 
arquibancadaincendeia; 1 
falta2semanaaaaaaaaaas; 1 
vemeac; 1 
concurso; 1 
tj; 1 
superação; 1 
vermelhopornós; 1 
debategazetaestadaojp; 1 
haddadélula13; 1 
timeteló; 1 
tamanhofamília; 1 
triiiiii; 1 
nolan; 1 
hamster; 1 
8meses; 1 
piorbanco; 1 
comprova; 1 
rifadobem; 1 
todospeladeda; 1 
vitorkley; 1 
osol; 1 
meubolsomionsecreto; 1 
mineirao98fc; 1 
medaai98fc; 1 
esquenta98; 1 
puskas98fc; 1 
rodadaquente98fc; 1 
zeroazero98fc; 1 
aquecimento98fc; 1 
dagalo98fc; 1 
maiconno98fc; 1 
98fcnomineirao; 1 
leono98fc; 1 
sobisno98fc; 1 
emersonno98fc; 1 
98fcnoct; 1 
classicou98fc; 1 
artemilenar; 1 
resilienciahumana; 1 
ensinamento8; 1 
bonsai; 1 
professorenio; 1 
varandinha; 1 
rdrj; 1 
p9; 1 
datafraude; 1 
thenunmovie; 1 
fuerzasinalóa; 1 
lapajaritachallenge; 1 
thaliachallange; 1 
vivamexico; 1 
escudonacional; 1 
sararetweets; 1 
desencanto; 1 
disenchantment; 1 
programadores; 1 
web; 1 
visie; 1 
tecnologia; 1 
blogdasaúde; 1 
diamundialdeprevencaoaosuicidio; 1 
ajudeamaribel; 1 
falei; 1 
lixoresponde; 1 
roubo; 1 
pokemon; 1 
horizonzerodawn; 1 
gengar; 1 
atemperança; 1 
generationunlimited; 1 
포트워스2회차공연; 1 
namanana; 1 
bt21; 1 
종대야생일축하해; 1 
exo_musicbankinberlin; 1 
벌칙아님; 1 
autumn; 1 
callmebaby200m; 1 
btsxunitednations; 1 
방탄밤; 1 
종대야사랑해; 1 
happybirthdaychen; 1 
bridgeovertroubledwater; 1 
sailonsilvergirl; 1 
maisims; 1 
paulsimon; 1 
madisonsquaregarden; 1 
official; 1 
telltalememories; 1 
asvezesnosilenciodanoite; 1 
shameonyousaltbae; 1 
cuba; 1 
22agosto; 1 
cinevenezolano; 1 
ideas; 1 
frasesquesonnoticia; 1 
29ago; 1 
eeuu; 1 
23ago; 1 
atencion; 1 
resiliencia; 1 
achadosdasemana; 1 
hypersquardbalance; 1 
nightmarionne; 1 
discord; 1 
forçaboulos; 1 
bauhaus; 1 
chess; 1 
paulklee; 1 
impressions; 1 
tennis; 1 
parody; 1 
rafaelnadal; 1 
comedy; 1 
berlinmarahon; 1 
carente; 1 
witnessthetour; 1 
ahs8nofx; 1 
manuaovivo; 1 
keanureevespresidente2018; 1 
getyou50dol; 1 
seumelhorcaminho; 1 
novelajesus41; 1 
riverdale; 1 
porchat2anos; 1 
dragrace; 1 
allstars2; 1 
tuesdamotivation; 1 
mulheresunidasdecidem; 1 
rpgdemesa; 1 
arquivosparanormais; 1 
mução; 1 
19demeirás; 1 
mulheresunidasxontrabolsonaro; 1 
haddademanu; 1 
mulheresunidascontrabolsanaro; 1 
calabocagentille; 1 
somosmaisde2milhoes; 1 
armys; 1 
askluba; 1 
sorrybheart; 1 
dedeselecao; 1 
expedientefutebol; 1 
novoartigo; 1 
chegadeprivilegios; 1 
elevive; 1 
assedioéhabitonasescolas; 1 
obgdeus; 1 
porcopeiro; 1 
bbbanco; 1 
somos; 1 
bbtchau; 1 
trekkie; 1 
fan; 1 
resistanceisfutile; 1 
havanaliveisout; 1 
havanalive; 1 
factchecking; 1 
vem13; 1 
listanegra; 1 
primavera; 1 
diasdeluta; 1 
diasdegloria; 1 
setransbel; 1 
coisasdeabaete; 1 
ldsdevo; 1 
aovivoeacores; 1 
ldsfacetoface; 1 
tvz; 1 
ratinho20anos; 1 
programadoratinho; 1 
lifeisstrange2; 1 
テラスハウス; 1 
eulcs; 1 
kamikaze; 1 
gored; 1 
roadtomadrid; 1 
rui13; 1 
haddadnojornalnacional; 1 
redegloboéinvestigada; 1 
ruicorreria; 1 
justiçacega; 1 
poderabsoluto; 1 
timecorreria; 1 
debatebandba; 1 
lulaecandidato; 1 
govikings; 1 
ahs; 1 
lagoadobauzinho; 1 
coven; 1 
goias; 1 
diadelavisibilidadbisexual; 1 
díainternacionaldelavisibilidadbisexual; 1 
lgtb; 1 
noticias; 1 
gay; 1 
frasesinspiradoras; 1 
oabxxvii; 1 
moocaémooca; 1 
oab; 1 
bolo; 1 
frasescurtas; 1 
familia; 1 
meucurso; 1 
girlboss; 1 
tragediaanunciada; 1 
votedaciolo; 1 
empreendernobrasil; 1 
autonomousvehicles; 1 
nothing; 1 
elavotaemquemquiser; 1 
stunna; 1 
unveil; 1 
stunnaweek; 1 
donadecasa; 1 
youarenotalonedemi; 1 
ansiedad; 1 
birrll; 1 
foiela; 1 
ansiosooooo; 1 
resilience; 1 
anxiety; 1 
avantitricolor; 1 
vamossaopaulo; 1 
amanhãtemterçojovem; 1 
natashapresidente; 1 
lulapresidentehaddadvice; 1 
nickiday; 1 
queenofrap; 1 
barbiedream; 1 
lgbtqtwiter; 1 
demilovato; 1 
meuex; 1 
favoritesocialartist; 1 
mileycyrus; 1 
iheartfestival; 1 
bolsonaronoprimeiroturno; 1 
bolsonarojn; 1 
dinheiro; 1 
feministas; 1 
jairbolsonaro17; 1 
ninguém; 1 
alckminpresidente; 1 
polemica; 1 
caixa2; 1 
ufgmilgrau; 1 
attackontitan; 1 
sidaonospotify; 1 
emicidainaciodacatingueira; 1 
tricolornospotify; 1 
rapemquadrinhos; 1 
wakanda; 1 
myheroacademia; 1 
ladonegro; 1 
opec; 1 
basra; 1 
happybirthdayhoneymoon; 1 
macstreamingparty; 1 
g1ms; 1 
happynayeonday; 1 
roubartilhei; 1 
roma; 1 
şahsiyet; 1 
festejabh; 1 
turkishinspirations; 1 
iconicexperiences; 1 
gracaaraujo; 1 
pantenealtinkelebek; 1 
homeof; 1 
raninitv; 1 
vaticano; 1 
cansudere; 1 
mustsee; 1 
senanlatkaradeniz; 1 
vrates; 1 
nazarbeads; 1 
sahsiyet; 1 
festeja; 1 
kalpatışı; 1 
gumusluk; 1 
metinakdulger; 1 
ayyapim; 1 
kalkan; 1 
cundaisland; 1 
silaparasempre; 1 
casadocarlinhos; 1 
turkey; 1 
silamelhornovelaestrangeiraexibidanobrasil; 1 
kaş; 1 
batebola; 1 
popbola; 1 
zonamista; 1 
em5500; 1 
beer; 1 
federaldobolsonaro; 1 
jiraiya; 1 
forçaehonra; 1 
theconfbr; 1 
heavenandhell; 1 
egyptstation; 1 
gothicgirl; 1 
lightroom; 1 
notmake; 1 
realme; 1 
gemeoscasal; 1 
partiuplay; 1 
jccidades; 1 
empauta; 1 
cidadessoluções; 1 
bahia; 1 
roadsec; 1 
suafoto; 1 
hacker; 1 
coffee; 1 
dontstophacking; 1 
café; 1 
vozesnagazeta; 1 
fui; 1 
filosofei; 1 
mejulguem; 1 
farolsantander; 1 
adoniranbarbosa; 1 
thandienewton; 1 
exposicaotremdas11; 1 
bohemianrhapsody; 1 
leopain; 1 
timetelo; 1 
ipf; 1 
exemplo; 1 
maisvistasdasemana; 1 
instaperfect; 1 
mulherescomandam; 1 
kai; 1 
카이; 1 
엑소카이; 1 
수호; 1 
suho; 1 
준면; 1 
capxbah; 1 
수빈; 1 
키; 1 
부탁해; 1 
해밀턴2회차공연; 1 
샤이니; 1 
key; 1 
shinee; 1 
chupabonner; 1 
elanão; 1 
teamjeres; 1 
mangkhut; 1 
thisiscamila; 1 
florence; 1 
flaxcsc; 1 
valeuvozão; 1 
família; 1 
melhorjaircomprando; 1 
destaquesdasemana; 1 
paixão; 1 
diadospais; 1 
botxcam; 1 
crb106anos; 1 
dragonballsupernocn; 1 
galodapraiaorgulhodealagoas; 1 
returntokingsbridge; 1 
govivokeyd; 1 
gokeyd; 1 
loverosie; 1 
cartola; 1 
weezer; 1 
pianista; 1 
felipevalente; 1 
lauredaigle; 1 
musicvideos; 1 
artista; 1 
kennychesney; 1 
onerepublic; 1 
morganevans; 1 
mudar; 1 
teoriadaconspiracao; 1 
billboard; 1 
grammy; 1 
dylanscott; 1 
kanebrown; 1 
johnwilliams; 1 
whatshappeningtomusic; 1 
billboardhot100; 1 
panicatthedisco; 1 
edsheeran; 1 
esquadrão; 1 
brocaipornós; 1 
bbmp; 1 
zérafaelchallenge; 1 
diretodecuritiba; 1 
hipocrisia; 1 
austria; 1 
hurricane; 1 
futebolraiz; 1 
anacronismo; 1 
ozzy; 1 
saveferris; 1 
zakk; 1 
jeanwyllys5005; 1 
umdenós; 1 
legalizejá; 1 
boulosesonia; 1 
the100finale; 1 
leituranovagão; 1 
therevivalshow; 1 
americanidol; 1 
bestlocalcoffee; 1 
enem2020nosaguarde; 1 
secretparadise; 1 
yoga; 1 
niagarafalls; 1 
yogatherapy; 1 
simoneisback; 1 
capricornianosnaeleicao; 1 
sunrise; 1 
flaglerbeach; 1 
bjj; 1 
spartaaaaa; 1 
tresmilhoesdedd11; 1 
sópraparodiar; 1 
estreiasintrínseca; 1 
inspiraçãointrínseca; 1 
sorria; 1 
kindnessmatters; 1 
ospingosnosis; 1 
poll; 1 
aldairplayboynotvz; 1 
mfw18; 1 
fivbwomenswch; 1 
seleçãofeminina; 1 
tevejoemtodososcantos; 1 
greeneyes; 1 
tiff2018; 1 
boomerang; 1 
doyouloveme; 1 
quebrandootabunognt; 1 
rbd; 1 
mentirasverdaderas; 1 
lovebychanceseries; 1 
prêmiomultishow; 1 
likelalayenda; 1 
sexta; 1 
cuiaba; 1 
estagiotwitter2019; 1 
globorepórter; 1 
segundou; 1 
segundafeira; 1 
animal; 1 
catra; 1 
molly; 1 
korea; 1 
chelsea; 1 
brady; 1 
brownlow; 1 
onstorm; 1 
ottawaoutage; 1 
issa; 1 
wots2018; 1 
armyrun; 1 
cccagm18; 1 
sundaymorning; 1 
insecurehbo; 1 
pats; 1 
patriots; 1 
lions; 1 
nevsdet; 1 
abc; 1 
santamarta; 1 
runkeeper; 1 
swedennationalteam; 1 
bemvindojair; 1 
ativismo; 1 
beyonce; 1 
verboporelas; 1 
series; 1 
brasileira; 1 
astelefonistas; 1 
netflix; 1 
virginiefortin; 1 
evelynebrochu; 1 
vieirapresidente; 1 
intensivaproenem; 1 
teambiologicas; 1 
haddad13presidente; 1 
lulalivrepresidente; 1 
haddadpresidente13; 1 
eusouhaddad; 1 
haddadmanu; 1 
lulahaddadmanu13; 1 
leiadenovo; 1 
smurfsdabarragem; 1 
ociroébonito; 1 
bigmouth; 1 
stayaliveclique; 1 
صورة_ملف_شخصي_جديدة; 1 
boasortecebolinha; 1 
queremosaquarta; 1 
martathebestword; 1 
salãodefestas; 1 
grêmioégigante; 1 
jaelcruel; 1 
vamoscebolinha; 1 
melhordobrasileirão; 1 
segueomico; 1 
issoégrêmio; 1 
jaelpescador; 1 
grêmioforte; 1 
diadepescaria; 1 
vamosgrêmio; 1 
grêmiogigante; 1 
reidaamérica; 1 
geromel; 1 
vote13; 1 
eleédoido; 1 
cardibisoverparty; 1 
votehayleykiyoko; 1 
aviõesfantasy; 1 
somostodos; 1 
novo; 1 
tgit; 1 
recordlixo; 1 
instafood; 1 
força; 1 
vidaquesegue; 1 
poramor; 1 
obradedeus; 1 
natureza; 1 
life; 1 
foco; 1 
profissão; 1 
deusnocomando; 1 
diadoadministrador; 1 
alckmin; 1 
medodociro; 1 
feminismosim; 1 
festivallulalivre; 1 
alemão; 1 
ptdeminas; 1 
pimentel13; 1 
opovofelizdenovo13; 1 
palindromo; 1 
miguel130; 1 
nãosomosdesajustados; 1 
dilma133; 1 
tumblr; 1 
happybirthdaybeberexha; 1 
vmas2018; 1 
nobreak; 1 
rorymccann; 1 
amo; 1 
somos17; 1 
agoraénopaca; 1 
atletico; 1 
xv; 1 
milhoescontrabolsonaro; 1 
vix; 1 
dilma; 1 
teotfw; 1 
urucu; 1 
sarampo; 1 
pólio; 1 
debate; 1 
corrupção; 1 
vacinação; 1 
aborto; 1 
petróleo; 1 
amazônia; 1 
marinapresidente; 1 
tôcommarina; 1 
18émaiorque17; 1 
marinaeeduardo; 1 
em2018vote18; 1 
vaitermulherpresidentesim; 1 
pesmobile; 1 
flaxgre; 1 
europaleague; 1 
thepoweroffootball; 1 
teampsg; 1 
winningeleven; 1 
allin; 1 
minikayke; 1 
fifa19demo; 1 
nxtuk; 1 
garotosdoninho; 1 
proevolutionsoccer; 1 
felizdiadascrianças; 1 
bruiserweight; 1 
pes2014; 1 
i63; 1 
kololli; 1 
teamom; 1 
lafabrica; 1 
nxttakeover; 1 
letsgoliquid; 1 
lopez; 1 
mulherdefrases; 1 
frasesfernandamello; 1 
relacionamentoabusivo; 1 
princesaderua; 1 
textos; 1 
krash; 1 
empoderamentofeminino; 1 
metaopé; 1 
letitgo; 1 
quotes; 1 
fimderelacionamento; 1 
lutecomoumagarota; 1 
quotesaboutlife; 1 
fernandamello; 1 
quoteoftheday; 1 
relacionamento; 1 
issonaoehamor; 1 
amarépunk; 1 
frasefernandamello; 1 
amor; 1 
trechosdelivros; 1 
esperança; 1 
recadodolula; 1 
haddadpesidente; 1 
haddadmanulula13; 1 
timebrown; 1 
triviastreamingparty; 1 
shitzu; 1 
geraldo45; 1 
45neles; 1 
dogmilla; 1 
rodaviva; 1 
mm2iscoming; 1 
ukintheusa; 1 
bozogino; 1 
bolsolixo; 1 
povofelizdenovo; 1 
신비; 1 
memoria; 1 
dmcf2018; 1 
exolselcaday; 1 
wow_thing; 1 
mbc; 1 
laysheepawrelift; 1 
여자친구; 1 
sinb; 1 
shawolselcaday; 1 
엑소; 1 
ing; 1 
lopetegui; 1 
sexolaselvadelonodicho; 1 
huelga; 1 
erichobsbawm; 1 
virgendeguadalupe; 1 
elfindelmundo; 1 
lasparedesoyen; 1 
felizmartes; 1 
jajaja; 1 
mexico; 1 
diegogutierrez; 1 
influencers; 1 
gracias; 1 
chamame; 1 
csomigliana; 1 
tomspanbauer; 1 
acojud; 1 
historiadelsigloxx; 1 
ushuaia; 1 
puertonatales; 1 
costarica; 1 
bbcmundo; 1 
findesemana; 1 
onu; 1 
robertsapolsky; 1 
amazonia; 1 
amapá; 1 
macapá; 1 
terremoto; 1 
bossanova; 1 
salarioparcelado; 1 
água; 1 
amapa; 1 
mataatlântica; 1 
fikdik; 1 
cultiveseusamigos; 1 
suicídio; 1 
degelo; 1 
permafrost; 1 
museusdobrasil; 1 
snootchallenge; 1 
maiconmerepresenta; 1 
gremistagzh; 1 
arregoday; 1 
liampaynevmas; 1 
won1dz; 1 
liampayne; 1 
happynocchiday; 1 
futurepop; 1 
happybirthdaynocchi; 1 
のち誕; 1 
letmeknow; 1 
futurepopart; 1 
perfume_fanart; 1 
のっち生誕祭; 1 
3ﾁｬﾝ画; 1 
perfume; 1 
songs; 1 
prfm; 1 
confissões; 1 
zero1; 1 
treme; 1 
coringa; 1 
billyonthestreet; 1 
worship; 1 
tv; 1 
russia; 1 
estado; 1 
naotemmeuvoto; 1 
homeschooling; 1 
confirmkavanaugh; 1 
ensinodomiciliar; 1 
prayforus; 1 
estatudodesarmamento; 1 
maga; 1 
islamisbad; 1 
prolife; 1 
santos; 1 
pedraonaespn; 1 
estamosjuntas; 1 
gwentchallenger; 1 
rock; 1 
rush; 1 
vegas; 1 
bomdiafoxsegunda; 1 
linhadepasse; 1 
fabioeselecao; 1 
bolarolando; 1 
boicotar; 1 
boatarfefox; 1 
bomdiafoxquarta; 1 
bomdiafoxquinta; 1 
gloriaadeus; 1 
pttbmnao; 1 
zapatterson; 1 
copadobrasilfoxsport; 1 
pãodequeijoévida; 1 
notredameteam; 1 
25under25; 1 
youthigf2018; 1 
chorany; 1 
agroépop; 1 
agroétudo; 1 
perdidosnoplay; 1 
pnpmeme; 1 
meme; 1 
rpgmeme; 1 
conmebollixo; 1 
arnaldojabor; 1 
divadepressao; 1 
ledzeppelin; 1 
nofilter; 1 
annaalice; 1 
riovermelho; 1 
tsrts; 1 
environment; 1 
emmysarts; 1 
cars; 1 
howtobybcg; 1 
pollution; 1 
transformation; 1 
futureofwork; 1 
thread; 1 
communication; 1 
bcgreadinglist; 1 
kuz; 1 
destemperado; 1 
falapalavrão; 1 
bizarro; 1 
diadaarvore; 1 
publipost; 1 
gazetaestadojp; 1 
30diasparaflaviodinovo; 1 
semlulaeciro; 1 
ciro1️⃣2️⃣; 1 
birrrrrr; 1 
finaldocblol; 1 
desafiosjovens; 1 
neyruto; 1 
emicida; 1 
armyseguearmy; 1 
jkmagicday; 1 
answerishere; 1 
yellowlove; 1 
namjoongostoso; 1 
theansweriscoming; 1 
seesawchallenge; 1 
rmgalaxyday; 1 
eusouespm; 1 
domingaodofaustao; 1 
amoêdonosdebates; 1 
vemcomjoao30; 1 
church; 1 
ceara; 1 
pastoresbatistas; 1 
ibeqteen; 1 
igreja; 1 
adolescentes; 1 
conversaspastorais; 1 
jesus; 1 
extremistas; 1 
fortaleza; 1 
somosibeq; 1 
formaleo; 1 
ficadica; 1 
sense8revolution; 1 
quemmandoumatarbousonaro; 1 
almaecoração; 1 
porcodosandes; 1 
revenge; 1 
hastag; 1 
gosto; 1 
missyou; 1 
empolgou; 1 
eueocigarro; 1 
palmeiras104anos; 1 
seriafacilse; 1 
104anosdehistoria; 1 
seeupudesse; 1 
goorlandopride; 1 
diadonutricionista; 1 
respondelucao; 1 
askfandoms; 1 
queriadizerq; 1 
hackeiameuvoto; 1 
democracia; 1 
feminist; 1 
girlgang; 1 
boraprasemi; 1 
domingolegal; 1 
sechamainteressaloucura; 1 
empire; 1 
latingrammy; 1 
justice4botham; 1 
loversrock; 1 
essencestreetstyle; 1 
premiomultishow2018; 1 
geoffreyowens; 1 
crystalgems; 1 
blm; 1 
mydinnerwithherve; 1 
melhoralbumpop; 1 
servewithacoke; 1 
hackeado; 1 
bigwpmeetup; 1 
measurecampber; 1 
craptalks; 1 
learning; 1 
analytics; 1 
sorry; 1 
laliganaespn; 1 
uefa; 1 
ripmuseunacional; 1 
デレステ3周年cp; 1 
horadeaventura; 1 
クッパ姫; 1 
oraldesign; 1 
eita; 1 
soulcapixaba; 1 
felizsabado; 1 
coisasboas; 1 
forlikes; 1 
ganguedatialau; 1 
vencida; 1 
saudade; 1 
vitoria; 1 
l4l; 1 
essamerecepostar; 1 
acontecendoagora; 1 
tempodeagradecer; 1 
turma107; 1 
benicio; 1 
happysabbath; 1 
lentesdecontatodental; 1 
venceu; 1 
behappy; 1 
memoravel; 1 
capixabadagema; 1 
vitoria467anos; 1 
lookdodia; 1 
apoiado; 1 
bonitadventista; 1 
cinvsbuf; 1 
spafrancorchamps; 1 
surfenaespn; 1 
motogpnosportv; 1 
sanmarinogp; 1 
indycar; 1 
boca; 1 
riverxfox; 1 
bocaxriverfoxsports; 1 
superclássico; 1 
britishgp; 1 
portlandgp; 1 
bocaxfox; 1 
yudinosportv; 1 
river; 1 
piordasex; 1 
elenuncanunquinhajamé; 1 
girlsinthehouse; 1 
memes; 1 
thegoodplace; 1 
domingou; 1 
wonderwoman84; 1 
clubedoscinco; 1 
odoutrinador; 1 
wonderwoman; 1 
mulhermaravilha1984; 1 
wonderwoman1984; 1 
feelinglikei; 1 
imsoexcited; 1 
cmaawards; 1 
thechallenge32; 1 
crypretty; 1 
pedro; 1 
sofazinho; 1 
velocidadedoesquecimento; 1 
livelmovel00h; 1 
bdsp; 1 
sport; 1 
sdg16; 1 
peaceandjustice; 1 
youth4gg; 1 
ciropresidentedobrasil; 1 
coisonão; 1 
ladoalado; 1 
jnicentral; 1 
couchsurfing; 1 
packan; 1 
seehofer; 1 
wgfan; 1 
wohnkollektiv; 1 
ruhrbistum; 1 
lebenslangeslernen; 1 
nichtwitzig; 1 
repaircafes; 1 
arbeitsmarkt; 1 
youngcaritas; 1 
wirsindmehr; 1 
soest; 1 
glückauf; 1 
wohnungsgipfel; 1 
reclaimthestreets; 1 
hansscholl; 1 
captainpicard; 1 
grundgesetz; 1 
wohnenfürhilfe; 1 
foodsharing; 1 
digitaleteilhabe; 1 
wohngipfel; 1 
berlinmarathon; 1 
weltkindertag; 1 
klimakrise; 1 
berufung; 1 
juseko; 1 
digitalespaltung; 1 
wohnungsnot; 1 
deutschlandspricht; 1 
z2x; 1 
kaffee; 1 
demokratie; 1 
gamification; 1 
saudi; 1 
petersteudtner; 1 
eusolidaritycorps; 1 
rechtehetze; 1 
migration; 1 
z2x18; 1 
weißerose; 1 
notallbolas; 1 
generosidade; 1 
belissima; 1 
claudialeitte; 1 
halloweenfilme; 1 
sony; 1 
symbiote; 1 
marvelsspiderman; 1 
venom; 1 
pixaloop; 1 
begreater; 1 
deathstranding; 1 
oioioi; 1 
podemosmudaralagoas; 1 
masterchefbrasil; 1 
ohexavem; 1 
dualipa; 1 
weloveyouariana; 1 
electrecity; 1 
breathin; 1 
notearslefttocry; 1 
thai360; 1 
parte1000; 1 
sevdalizaloira; 1 
everchanging; 1 
chamaomeirelles15; 1 
tchauquerido; 1 
ética; 1 
política; 1 
horadepôrcafé; 1 
wandsready; 1 
coraline; 1 
anamuller; 1 
segueobaile; 1 
suits; 1 
llorando; 1 
lulavre; 1 
capitãovoltou; 1 
dionysus; 1 
darknet; 1 
zégotinha; 1 
happybirthdayhideokojima; 1 
indiadoyouknowbts; 1 
btsincanada; 1 
lyinhamilton; 1 
barbiedreams; 1 
obrigadosenhor; 1 
elequem; 1 
pensenisso; 1 
elaquem; 1 
devocional; 1 
nossabrasilidade; 1 
pocophonef1; 1 
greys14onnetflix; 1 
vamos; 1 
pocof1; 1 
independiente; 1 
guriasgremistas; 1 
newjob; 1 
godvibes; 1 
irmãodojorel; 1 
manaus; 1 
egw2018; 1 
madonna; 1 
listenlive; 1 
iamme; 1 
mulherreserva; 1 
forcaicone; 1 
legaliza; 1 
christopherrobin; 1 
howtogetawaywithmurder; 1 
scandal; 1 
museunacionalrj; 1 
youwereneverreallyhere; 1 
slenderman; 1 
cslewis; 1 
merechristianity; 1 
nvidia; 1 
evga; 1 
gtx980ti; 1 
rtx2080; 1 
icymi; 1 
circuitão; 1 
vaaaaaaaaaicorinthians; 1 
forçarafa; 1 
fcsegueapenasfcs; 1 
chavesnosbt; 1 
forakaysar; 1 
corruptonuncamais; 1 
rubinholivre; 1 
scs2018; 1 
rio2016; 1 
usgymchamps; 1 
acrobat; 1 
becurious; 1 
sempre; 1 
u2cologne; 1 
u2eitour; 1 
bono; 1 
u2; 1 
welcome; 1 
castlerock; 1 
freddieforaday; 1 
supernatural; 1 
popefrancis; 1 
mirrorball; 1 
paris; 1 
spain; 1 
vertigo; 1 
ffad; 1 
campinghbo; 1 
papafrancisco; 1 
realthing; 1 
pernambuco; 1 
caruaru; 1 
blogdoadrianoluiiz; 1 
notíciaeentretenimento; 1 
blogdoadrianoluiz; 1 
planteasementinha; 1 
kiss; 1 
megadeth; 1 
escritonapedra; 1 
leão; 1 
siguemelospasos; 1 
modric; 1 
gabrielmochila; 1 
simborsmengao; 1 
cristãonãovotaemciro; 1 
ansiaudades; 1 
dia7e17; 1 
nordestecombolsonaro; 1 
programadasabrina; 1 
plusplus; 1 
틱톡; 1 
비비; 1 
loona; 1 
이달의소녀; 1 
girlsgeneration_oh_gg; 1 
hyunjin; 1 
현진; 1 
killingpartonloop; 1 
mubeat; 1 
엠카운트다운; 1 
copadobrasil2018; 1 
amigosdoezequiel; 1 
juvesassuolo; 1 
cruxsan; 1 
g20; 1 
internationaldayofcharity; 1 
mulherescomoquenãodevesernomeado; 1 
boulosnagazeta; 1 
cultura; 1 
paulofreire; 1 
eduardosuplicy; 1 
mariodeandrade; 1 
historia; 1 
sorocaba; 1 
eleições; 1 
pedagogia; 1 
virginiawoolf; 1 
pensamento; 1 
tomhiddleston; 1 
dudunaredetv; 1 
the100; 1 
gremio115anos; 1 
risos; 1 
florida; 1 
giantspride; 1 
reidaamerica; 1 
cirãonosegundoturno; 1 
captivestate; 1 
zapzap; 1 
encrencaemfamia; 1 
desafiosobfogo; 1 
futbol; 1 
maniadebola; 1 
henry; 1 
socyte; 1 
futdequarta; 1 
nãodescenointervalo; 1 
ficaperes; 1 
hipocrita; 1 
witnesstour; 1 
flaxcam; 1 
seleçaobrasileira; 1 
inovarparamim; 1 
boringsaturdaynight; 1 
novacdjokovic; 1 
alizecornet; 1 
brag; 1 
gottarest; 1 
ecidadania; 1 
tecnoblog; 1 
eulutopelopijama; 1 
tamujuntas; 1 
dota2ti; 1 
donaldtrump; 1 
dilmasenadora; 1 
gtfo; 1 
edecasa; 1 
pesquisasmentem; 1 
foraaguirre; 1 
quartaeuvou; 1 
foramicale; 1 
foraroger; 1 
foramo; 1 
foraosvaldo; 1 
bbbomdia; 1 
espnbomdia; 1 
usopennaespn; 1 
chomsky; 1 
oprojetomaya; 1 
foto; 1 
bancodeseries; 1 
voterhero; 1 
obrigadonordeste; 1 
diadeinter; 1 
ouroolimpico; 1 
futdosulscfacts; 1 
sccpxint; 1 
stephenking; 1 
doctorwhonaccxp2018; 1 
imaginagopresidente2018; 1 
doctor13; 1 
tbbt; 1 
outlander; 1 
startsdv; 1 
sevendeadlysins; 1 
onedayatatime; 1 
quartaelitedosdv; 1 
twd; 1 
madmen; 1 
montypythonsflyingcircus; 1 
prevençãoaosuicídio; 1 
honoriogurgel; 1 
depressão; 1 
endireitebr; 1 
boulosnatvbrasil; 1 
scoobydoo; 1 
eusoululaeusouhaddadeusoumanuelaeusoupt; 1 
lulaehaddad; 1 
eusoululapresidente; 1 
lulahaddad13; 1 
cabodaciolo; 1 
10milhasgaroto; 1 
poesiacomrapadura; 1 
uru; 1 
rede; 1 
nicaragua; 1 
leydebolsas; 1 
oeaenbrasil; 1 
oea; 1 
juizdefora; 1 
bolivia; 1 
cartagena; 1 
oeanobrasil; 1 
pasantíasoea; 1 
brasil2018; 1 
montevideo; 1 
deco; 1 
mex; 1 
edubem; 1 
amarelasaovivo; 1 
conmenike; 1 
derby; 1 
leituradinamica; 1 
crescernãoéoscilar; 1 
followfriday; 1 
wwe2k19ratingreveal; 1 
kingmaxelforwwedabut; 1 
fita03; 1 
nbathefinals; 1 
temerreasonswhy; 1 
legend; 1 
contrateja; 1 
manuginobili; 1 
spurs; 1 
빅뱅; 1 
seungriseyo; 1 
chuseok; 1 
songminho; 1 
명절; 1 
alwaysgd; 1 
winner; 1 
koreanthanksgiving; 1 
함께해서; 1 
키노; 1 
welcomeback; 1 
kino; 1 
thegreatseungri; 1 
홍석; 1 
崔胜铉; 1 
이승현; 1 
holiday; 1 
송민호; 1 
이승훈; 1 
강형구; 1 
ikon; 1 
mino; 1 
승리; 1 
더좋은; 1 
thegreatseungritour; 1 
bigbang; 1 
양손가득; 1 
탑; 1 
たぷ; 1 
조진호; 1 
여원; 1 
キノ; 1 
펜타곤; 1 
마이노; 1 
추석; 1 
양홍석; 1 
선물; 1 
happytogether; 1 
메리추석; 1 
청개구리; 1 
yuun_pic; 1 
형구; 1 
최승현; 1 
blackpink; 1 
위너; 1 
vamosfluzão; 1 
iphone; 1 
100k; 1 
saveyourinternet; 1 
sportingcp; 1 
exitprostitution; 1 
autofollow; 1 
autofollowback; 1 
riseupagainstoppression; 1 
وُردُهِہ; 1 
openfollow; 1 
teamfollowback; 1 
آلَفُيـلَسًـوُفُ_لَلَآضـآفُآتُ; 1 
ff; 1 
followme; 1 
sóoamorsalva; 1 
cirosimpostenão; 1 
amaraopróximocomoasi; 1 
fascismonão; 1 
fotosdefatos; 1 
geraldonaglobonews; 1 
manbooker2018; 1 
voudemarina18; 1 
18sim; 1 
elesnão; 1 
ripmac; 1 
trnossopalestra; 1 
ficaloss; 1 
palvsint; 1 
afazendaparticipantes; 1 
lorelaigilmore; 1 
gilmoregirls; 1 
wesupportshawn; 1 
leavenogirlbehind; 1 
unga2018; 1 
thefosters; 1 
mendesarmytogether; 1 
skamitalia; 1 
annabelle; 1 
feartwd; 1 
theoffice; 1 
halloween; 1 
theconjuring; 1 
happybirthdaylg; 1 
liamgallagher; 1 
joganogoogle; 1 
cironocnbb; 1 
corinthiansgrande; 1 
respeitaasminas; 1 
taylorswift; 1 
reptourarlington; 1 
ciro12presidente; 1 
mululheresunidascontraofachismo; 1 
acreditonogordinho; 1 
juntassomosfortes; 1 
teamfelacerda; 1 
procreate; 1 
oséoconvida; 1 
birthnotbehavior; 1 
stuffjesusneversaid; 1 
lutopelomuseunacional; 1 
edking; 1 
anaameliavice; 1 
teammariotto; 1 
28dias; 1 
visibilidadebissexual; 1 
domingão; 1 
beyday; 1 
diadavisibilidadebissexual; 1 
antifa; 1 
sextei; 1 
dabears; 1 
tchetox; 1 
belgiangp; 1 
vamossãopaulo; 1 
empatia; 1 
funfactfriday; 1 
actonclimate; 1 
plasticfree; 1 
helheimglacier; 1 
cleanenergy; 1 
goeseast; 1 
thelaststraw; 1 
extremeweather; 1 
california; 1 
stopsingleuse; 1 
flooding; 1 
jbnaglobo; 1 
brazilloveszayn; 1 
valentinemusicvideo; 1 
abvaq; 1 
vaquejadaacoerocha; 1 
ciumeira; 1 
homemaranha; 1 
vaquejada; 1 
avengers; 1 
etrabalhoporra; 1 
