newprofilepic; 91 
elesim; 38 
elen√£o; 26 
afazenda10; 24 
mpn; 22 
bolsonaro17; 22 
rouanetn√£o; 22 
novafotodoperfil; 21 
bolsonaro2018; 21 
debateredetv; 19 
vamosflamengo; 19 
bolsonaronojornalnacional; 18 
thevoicebrasil; 17 
verguenzaconmebol; 17 
bolsonaro; 17 
thebest; 17 
crf; 15 
venezuela; 15 
fifa19; 14 
tbt; 14 
elenao; 14 
bolsonaropresidente17; 14 
pas; 13 
euquerobolsonaro; 13 
masterchefbr; 13 
quemmandoumatarbolsonaro; 12 
rt; 12 
setembroamarelo; 12 
elenunca; 12 
g1; 11 
habemussemifinal; 11 
falamaisgentili; 11 
bolsonaropresidente; 11 
brasil; 11 
paz; 11 
bolsonaron√£o√©corrupto; 11 
for√ßabolsonaro; 10 
bomdia; 10 
segundadetremurasdv; 10 
vaicorinthians; 10 
segundosol; 10 
brasileir√£o2018; 9 
bts; 9 
maisanicholas; 9 
elei√ß√µes2018; 9 
santos; 9 
maquinadememes; 9 
for√ßapedro; 9 
mulherescombolsonaro; 9 
c√¢ncer; 9 
flaxcor; 8 
vasco120; 8 
libertadoresfoxsports; 8 
nflnaespn; 8 
peixes; 8 
vamointer; 8 
meuanivers√°riodotwitter; 8 
sabadodetremurasdv; 8 
lixeiramemes; 8 
libertadores2018; 8 
milhoescombolsonaro; 8 
reviravoltanaeleicao; 8 
afazendaaovivo; 8 
cruxfla; 7 
flaxcam; 7 
fsradiobrasil; 7 
gr√™mio115anos; 7 
southamericamemes; 7 
captainmarvel; 7 
meubolsominionsecreto; 7 
ripcatra; 7 
np; 7 
ocapit√£ovoltou; 7 
rouanetnao; 7 
omemedaminhavida; 7 
halamadrid; 7 
afazenda; 7 
emmys; 7 
7desetembro; 6 
flamengo; 6 
ajudeummoreira; 6 
aqu√°rio; 6 
expedientefutebol; 6 
messi; 6 
bolsonarosim; 6 
quartadetremurasdv; 6 
forcabolsonaro; 6 
gr√™mio; 6 
corinthians; 6 
ciro12; 6 
quintadetremurasdv; 6 
soundcloud; 6 
bolsonaro17no1¬∫turno; 6 
sextou; 6 
nowplaying; 6 
joaonosdebates; 6 
bbdebate; 6 
palmeiras104anos; 6 
bolsonaroeleito1¬∫lugar; 6 
Î∞©ÌÉÑÏÜåÎÖÑÎã®; 6 
marinanojornalnacional; 5 
urgente; 5 
p√°s; 5 
√°ries; 5 
afcxfla; 5 
garotosdoninho; 5 
lulaineleg√≠vel; 5 
pes2019; 5 
galo; 5 
redacaosportv; 5 
lula√©presidiario; 5 
appleevent; 5 
flaxcsc; 5 
juntospelasula; 5 
le√£o; 5 
jesus; 5 
ficacuellar; 5 
escorpi√£o; 5 
debateaparecida; 5 
calabocacirodenovo; 5 
sextadetremurasdv; 5 
domingodetremurasdv; 5 
jo√£onaband; 5 
crypto; 5 
democraciasim; 5 
geraldonojn; 5 
direitaseguedireita; 5 
jairbolsonaro; 5 
cruzeiro; 5 
uolnasurnas; 5 
popstar; 5 
√©verdadeessebilete; 5 
forarodinei; 5 
jn; 5 
avantipalestra; 5 
fechadocombolsonaro; 5 
elesim17; 5 
tim√£o; 5 
netflix; 5 
idol; 5 
rm; 5 
haddad√©lulanojn; 4 
ahora; 4 
haddad; 4 
ahsapocalypse; 4 
fantastico; 4 
sagit√°rio; 4 
fredgremio; 4 
espert2019; 4 
ucl; 4 
uruguay; 4 
btsarmy; 4 
intxfla; 4 
sechamainteressaloucura; 4 
vascodagama; 4 
vasco120anos; 4 
gratid√£o; 4 
pranamorarcmgtemq; 4 
linha25; 4 
inter; 4 
palmeiras; 4 
corinthians108anos; 4 
lula; 4 
fiel; 4 
bbnaveia; 4 
ondalaranja; 4 
audaz; 4 
adz; 4 
chamaomeirelles; 4 
calabocagentilli; 4 
usopen; 4 
cblol; 4 
lula√©presidi√°rio; 4 
jadepicon; 4 
timbeta; 4 
maisasilva; 4 
cironojornalnacional; 4 
oqueeumaisqueriaagora; 4 
neverforget; 4 
nanotechnology; 4 
forabarbieri; 4 
deusnocontrole; 4 
sabeserbrasileiro; 4 
muaythai; 4 
capric√≥rnio; 4 
g√™meos; 4 
tercadetremurasdv; 4 
bolsonaronajovempan; 4 
fortnite; 4 
porenganomeuovo; 4 
video; 4 
jo√£ocom6; 4 
sentagostosobozo; 4 
quem√©dourado; 4 
pcas; 4 
jimin; 4 
love_yourself; 4 
psg; 4 
touro; 4 
giveaway; 4 
greysanatomy; 4 
videoshowaovivo; 4 
linux; 3 
porunaargentinamejor; 3 
capxfla; 3 
for√ßajuan; 3 
gloriaadeus; 3 
vamosemfrente; 3 
surfranchpro; 3 
tahitipro; 3 
eleicoes2018; 3 
fato; 3 
nflbrasil; 3 
gazetaestadaojp; 3 
orgulhoepaix√£o; 3 
boca; 3 
vasxfla; 3 
reagesantos; 3 
santosotimedavirada; 3 
queremosflan; 3 
descubra; 3 
repost; 3 
cultura; 3 
virgem; 3 
asu2018; 3 
btsloveyourselftour; 3 
queremosobi; 3 
vamosfogo; 3 
getthestrap; 3 
kamikaze; 3 
espa√±a; 3 
colombia; 3 
for√ßaanitta; 3 
tmj; 3 
luto; 3 
fam√≠liapalmeiras; 3 
lutomuseunacional; 3 
lokimovie; 3 
retweet; 3 
sdv; 3 
gopain; 3 
vamosfluz√£o; 3 
teotfw; 3 
boanoite; 3 
cartolafc; 3 
cirofilhodaputa; 3 
linhadedomingo; 3 
premierleaguenaespn; 3 
novuelvenmas; 3 
jo√£onojn; 3 
maisasilvatv; 3 
maisasilvaig; 3 
sanat√≥riogeral; 3 
argentina; 3 
ficaadica; 3 
usopennosportv; 3 
lulainelegivel; 3 
masterchefprofissionais; 3 
thevoicebr; 3 
gopackgo; 3 
ocapitaovoltou; 3 
fakenews; 3 
ps4share; 3 
feminismo; 3 
brasilacimadaonu; 3 
linhadequarta; 3 
nature; 3 
usopennaespn; 3 
teamgabiprado; 3 
haddad√©lula; 3 
gopats; 3 
quemtemmaistem9; 3 
nano; 3 
vamoss√£opaulo; 3 
elesnunca; 3 
trcoluna; 3 
vamosrenovartudo; 3 
direitaunida; 3 
bolsonaronaoecorrupto; 3 
mulherescontraobolsonaro; 3 
sabadotemruah; 3 
conmishijosnotemetas; 3 
cambiemos; 3 
palxcru; 3 
sbt37anos; 3 
cantacomigo; 3 
amor; 3 
futve; 3 
libertadores; 3 
diadegr√™mio; 3 
go77; 3 
ÍæπÏù¥ÏÉùÏùº„Öä„Öã; 3 
jk; 3 
Íæπ; 3 
m; 3 
theanswerishere; 3 
segueolider; 3 
flaxcea; 3 
spidermanps4; 3 
prontofalei; 3 
jungkook; 3 
airdrop; 3 
amoedonojn; 2 
opensource; 2 
tristeza; 2 
graciasmanu; 2 
amoedonosdebates; 2 
amo√™donosdebates; 2 
eferiadoeeu; 2 
empauta; 2 
pt; 2 
michaeljacksonday; 2 
trmineirao; 2 
trocadepasses; 2 
obrasilfelizdenovo; 2 
gamexp; 2 
nossaselecao; 2 
sulamericanafoxsports; 2 
elesn√£o; 2 
sqn; 2 
nfl; 2 
fut; 2 
paulistinhaday; 2 
facadanobolsonaro; 2 
pst; 2 
renunciaarnaldobarros; 2 
liverpool; 2 
bocaxriverfoxsports; 2 
libertadoresxfox; 2 
promundomelhorars√≥falta; 2 
tntsports; 2 
riverplate; 2 
copalibertadores; 2 
dancadosfamosos; 2 
testedefudelidade; 2 
equipe; 2 
pesquisasmentem; 2 
estudianteslp; 2 
hoje; 2 
sport; 2 
vaipracimadelessantos; 2 
yoqualy; 2 
encuesta; 2 
recordar√©viver; 2 
foxsports; 2 
quemmandoumatarboldonaro; 2 
vit√≥ria; 2 
s√£opaulo; 2 
estoucomolucas; 2 
fechamento; 2 
aovivo; 2 
fluminense; 2 
afiel√©foda; 2 
answer; 2 
cbflixo; 2 
sen√£ofizfaria; 2 
calabocaciro; 2 
bolsonaro17no1oturno; 2 
jornaldaglobo; 2 
amas; 2 
solid√£o; 2 
justdoit; 2 
casadopovo; 2 
paraguay; 2 
ecuador; 2 
somostodosbolsonaro; 2 
oea; 2 
econom√≠a; 2 
lo√∫ltimo; 2 
sepaque; 2 
2sep; 2 
eeuu; 2 
riverdale; 2 
newmusicfriday; 2 
buendomingo; 2 
eslibertadfrases; 2 
maisvoc√™; 2 
bitcoin; 2 
blockchain; 2 
cryptocurrency; 2 
carlinhosmaianotvz; 2 
tecmundo; 2 
capxgre; 2 
iphone; 2 
anitta; 2 
anittagata; 2 
vmas; 2 
iphonexsmax; 2 
iphonexr; 2 
aborto; 2 
associavasco; 2 
sharktank; 2 
nalcs; 2 
enchantress; 2 
phase4marvel; 2 
posteiehsaicorrendo; 2 
bonderenault; 2 
jo√£onosdebates; 2 
mensalinhodotwitter; 2 
lulalivre; 2 
brazil; 2 
seomengaoseclassificar; 2 
timbetalab; 2 
betaajudabeta; 2 
linha19; 2 
lutocatra; 2 
premierleagueredetv; 2 
bbmp; 2 
remembergreys; 2 
nsb; 2 
ciumeira; 2 
euvou; 2 
ripmacmiller; 2 
elei√ß√µesbruxas2018; 2 
pelohexa; 2 
zenfone5; 2 
backto5; 2 
rougenofaro; 2 
elchavodel8; 2 
bakeoffbrasil; 2 
uauetc; 2 
boatardefox; 2 
pracimadelasgalo; 2 
aqui√©galo; 2 
arenamrv; 2 
amassajogajunto; 2 
masterchefbrasil; 2 
arte; 2 
amen; 2 
atypical; 2 
eugostoquando; 2 
ateofimdoanoeu; 2 
fantasmanafinal; 2 
cruxsan; 2 
s√©riec; 2 
salvemasbaleias; 2 
elasim; 2 
vikings; 2 
graphicsreinvented; 2 
digaumavdd; 2 
mostraonuglobo; 2 
eibozonarovaitomarnocu; 2 
votomarinapq; 2 
braziljs2018; 2 
for√ßabar√ßa; 2 
garotodoninho; 2 
lafabrica; 2 
musicaboaaovivo; 2 
museunacional; 2 
bandnewsfm; 2 
cetadoido; 2 
tgs2018; 2 
deusbocontrole; 2 
copadobrasil2018; 2 
seguimosforte; 2 
flaxvit; 2 
assedio√©habitonopensi; 2 
raiz√©servasco; 2 
gameofthrones; 2 
turmadam√™mica; 2 
recvsbot; 2 
ladygaganofantastico; 2 
milh√µescombolsonaro; 2 
quemmandoumatarobolsonaro; 2 
bolsonaro2019; 2 
forapt; 2 
escala√ß√£odazoeirabfr; 2 
f√©; 2 
quintaelitedosdv; 2 
novo30; 2 
conmebollixo; 2 
deusfamiliabolsonaro; 2 
souotipodepessoaq; 2 
cafecomjornal; 2 
xxxtentacion; 2 
nationalvideogamesday; 2 
nintendo; 2 
spfc; 2 
„Éï„Ç©„Éº„Éà„Éä„Ç§„Éà; 2 
elesimbolsonaro; 2 
diadoga√∫cho; 2 
joaoamoedonosdebates; 2 
fuedicho; 2 
p9; 2 
horror; 2 
major; 2 
triste; 2 
doom; 2 
tenso; 2 
somosmibr; 2 
cyberpunk2077; 2 
nacional; 2 
3defebrero; 2 
tacuary; 2 
olimpia; 2 
animaisfantasticos; 2 
biweek; 2 
river; 2 
september11th; 2 
souc2; 2 
estamoscontigoded√©; 2 
cruzeiraocabuloso; 2 
internacional; 2 
bancodereservas; 2 
brasileirao; 2 
gecruzeiro; 2 
colorado; 2 
carreatabolsonaro17; 2 
beforthegame; 2 
keyboard; 2 
nofilter; 2 
gaming; 2 
nationsleague; 2 
diadevasco; 2 
flaxgre; 2 
shawnatmmvas; 2 
shawnmendes; 2 
thealbum; 2 
mmvas; 2 
denzelnofx; 2 
crian√ßaesperan√ßa; 2 
partem√©dico; 2 
ac2futve; 2 
rojiblanco; 2 
delasota; 2 
conmebollibertadores; 2 
procreate; 2 
adventuretime; 2 
bongocat; 2 
craquedoverd√£o; 2 
gremio115anos; 2 
delpotro; 2 
estoucombolsonaro; 2 
pernambuco; 2 
bahia; 2 
f√©rias; 2 
nicaragua; 2 
lutomcg3; 2 
ozark; 2 
√∫ltimahora; 2 
roshhashanah; 2 
afp; 2 
shanatova; 2 
ÎÇ¥ÎßàÏùå; 2 
happy_jk_day; 2 
Ïã†Ìôî; 2 
Î∏åÎ°úÎß®Ïä§; 2 
happyrmday; 2 
hopeonthestreet; 2 
Í≥ßÎÅù; 2 
ursoo; 2 
idolchallenge; 2 
thegroup; 2 
ÍæπÏïÑÍ∑ºÎç∞Í∑∏Í±∞ÎäîÏïåÏïÑÏïºÌïúÎã§ÎÇòÎäîÎ∂ÑÎ™ÖÌûàÍ±∞Î•¥Í≥†Í±∏Îü¨Í¥úÏ∞ÆÏùÄÍ≤ÉÎßåÏò¨Î¶¨ÎäîÍ±∞Îã§Ïö∞Î¶¨ÏÇ¨Ïù¥ÏóêÏ†ÑÏüÅÏùÄÏóÜÍ∏∏Î∞îÎûÄÎã§ÎßêÌñàÎã§; 2 
Ïö∞Î¶¨ÏïÑÎØ∏ÏÉÅÎ∞õÏïòÎÑ§; 2 
vante; 2 
ÌôâÌïÑÎ¶Ñ; 2 
neymar; 2 
boxe; 2 
donosdaam√©rica; 2 
queremosacopa; 2 
poland; 2 
bolsomito; 2 
answerishere; 2 
btsonagt; 2 
coyg; 2 
coalafestival; 2 
pensenisso; 2 
win; 2 
raeconsultas; 2 
noalapersecucionreligiosa; 2 
begreater; 2 
greysdepressao; 2 
joaonojn; 2 
easports; 2 
festanobarraco; 2 
obrasilqueeuquero; 2 
porchatespecial; 2 
shippo; 2 
mouraonagnews; 2 
jairmessiasbolsonaro; 2 
geraldogr√™mio; 2 
desafio; 2 
onu; 2 
2anos; 2 
obrigadonordeste; 2 
jumpman; 2 
sccpxspo; 2 
mlksdexer√©m; 2 
diadeflu; 2 
cartonagem; 2 
ÍπÄÎÇ®Ï§Ä; 2 
Ï†ïÍµ≠; 2 
61milnatoca3; 2 
marta; 2 
fifafootballawards; 2 
medodenofuturo; 2 
rumoaotri; 2 
taehyung; 2 
dubl√≠n; 2 
irlanda; 2 
niunomenos; 2 
xboxshare; 2 
superchef; 2 
airdrops; 2 
ico; 2 
bounty; 2 
zulia; 2 
manzanares; 2 
altoprado; 2 
copadobrasilfoxsports; 2 
diadoprogramador; 2 
divinityoriginalsin2; 2 
robloxstudio; 2 
robloxdev; 2 
church; 2 
cristaos; 2 
igreja; 2 
boatarde; 2 
compartilhe; 2 
deixaqueimar; 2 
novidade; 2 
domingo; 2 
envivo; 2 
sos; 2 
puskas; 2 
leyanita; 2 
104anosdehist√≥ria; 2 
kazimpango; 2 
graffite; 2 
unidoscontraacorrup√ß√£o; 2 
foraloss; 2 
faceitmajor; 1 
piracks; 1 
otariocast; 1 
cbn; 1 
opredadorfilme; 1 
cittadipaola; 1 
lab√≥vedadecfk; 1 
hoy; 1 
rasinmufa; 1 
senado; 1 
historias; 1 
vasxsan; 1 
qualidade; 1 
s√≥tapa; 1 
tuveneno; 1 
mu√±equitomassa; 1 
exclusivo; 1 
vart; 1 
lissajous; 1 
debateband; 1 
quizjam_pt; 1 
quepersonalidadedelivramento√©voc√™; 1 
xatyados; 1 
show; 1 
globonews; 1 
timesemvergonha; 1 
flatv; 1 
bemvindos; 1 
podsystem; 1 
recibo; 1 
flabasquete; 1 
painelww; 1 
libertadores20anos; 1 
papaitanajaula; 1 
tahititpro; 1 
fcporto; 1 
bemvindojorge; 1 
pracimaflamengo; 1 
bbbar; 1 
blessed; 1 
bomdemais; 1 
oriental; 1 
euamooculos; 1 
aceitaquedoimenos; 1 
recomendo; 1 
japon√™s; 1 
comida; 1 
franca; 1 
prontomostrei; 1 
im; 1 
interven√ß√£oj√°; 1 
eusoumastercheff; 1 
vianasenador310; 1 
cariogalo; 1 
pareigente; 1 
avozdeminasnosenado; 1 
acordamg; 1 
naotempedigree; 1 
haddadelulanojn; 1 
derechouna; 1 
gaseosaseranlasdeantes; 1 
barreto; 1 
follow; 1 
lulapresidiario; 1 
ptincitaoodio; 1 
lulapresidi√°rio; 1 
mau; 1 
bolsacodein; 1 
mifez2; 1 
minhaabusadinha; 1 
mirellafez2; 1 
le√£odapartida; 1 
championsleague; 1 
alemaofoxsports; 1 
livsou; 1 
ynwa; 1 
malospensamientos; 1 
vivalapatria; 1 
pararecordar; 1 
anal; 1 
gape; 1 
tp; 1 
dp; 1 
ass; 1 
dap; 1 
legalporno; 1 
bbflamengo; 1 
rip; 1 
aculpaedocabral; 1 
citecoisasaleatorias; 1 
vemrec; 1 
desaparecidos; 1 
cfk; 1 
stopthebias; 1 
reddeadredemption; 1 
alertapoa; 1 
df2; 1 
euapoioessaideia; 1 
dan√ßadosfamosos2018; 1 
teamlarileo; 1 
michaelhudson; 1 
ins√≥lito; 1 
joselopez; 1 
fondosbuitre; 1 
ancientcivilizations; 1 
debtforgiveness; 1 
venadotuerto; 1 
uefaawards; 1 
ucldraw; 1 
exo; 1 
tuitutil; 1 
getyou50dol; 1 
thewanted; 1 
onedirection; 1 
radicalfreedom; 1 
alimenteseucora√ß√£o; 1 
novavidacem; 1 
meseguenogab; 1 
edlp; 1 
sisepuede; 1 
laplata; 1 
mentiraverde; 1 
siemprejuntoalle√≥n; 1 
segueovice; 1 
florence; 1 
googlephotos; 1 
jairmessias; 1 
ninguemsegura; 1 
capit√£o; 1 
√©40; 1 
cnctr; 1 
jcesporte; 1 
sub23j√°; 1 
elei√ß√µessjcc; 1 
ele2022; 1 
ele2026; 1 
sanxbah; 1 
leifraca; 1 
forcacapitao; 1 
sempreaoladodovasco; 1 
sofialinda; 1 
amorquen√£osemede; 1 
godisgood; 1 
eutenhoumaeva; 1 
rindomuito; 1 
v√¥demenina; 1 
amomuito; 1 
bemassim; 1 
kennedyholmes; 1 
sanxind; 1 
kennedy; 1 
gazetapeixe; 1 
agora√©nopaca; 1 
luxanotiam√£o; 1 
luxa; 1 
cuadernosdelascoimas; 1 
australia; 1 
losandes2020; 1 
fuerzaargentina; 1 
benjaminpavard; 1 
pl; 1 
pogfeelings; 1 
21a; 1 
fetesdedax; 1 
marruecos; 1 
serviciomilitar; 1 
educadorfisico; 1 
colegialfest; 1 
chaparral; 1 
sextoou; 1 
bolsonaroguerreiro; 1 
thomassowell; 1 
amigas; 1 
felicidadesempre; 1 
amizadeverdadeira; 1 
frutosdemaria; 1 
m√™sdab√≠blia; 1 
amanhafinalbbb18; 1 
bbb18; 1 
nadjaguerreira; 1 
bolsonaroneles17; 1 
bolsonaroneles; 1 
fachinvergonhanacional; 1 
chapec√≥; 1 
zeca; 1 
pottker; 1 
dalessandro; 1 
patrick; 1 
paran√°; 1 
odair; 1 
oremos; 1 
chapecoense; 1 
teamculture; 1 
resultado; 1 
evento; 1 
engajamento; 1 
altaperformance; 1 
conarh2018; 1 
sorteio; 1 
transforma√ß√£odigital; 1 
startse; 1 
inova√ß√£o; 1 
lesbicalitrao; 1 
srn; 1 
juvenart2016; 1 
rde; 1 
lula√©candidato; 1 
vamos; 1 
inmyminiboichallenge; 1 
mrbean; 1 
askluba; 1 
anib3arsario; 1 
b3ars3anos; 1 
worldsuicidepreventionday; 1 
theansweriscoming; 1 
antijogo; 1 
tanksgod; 1 
monstro; 1 
contratudoecontratodos; 1 
sobreessacamiseta; 1 
felizdiadobaterista; 1 
sans√£o; 1 
batera; 1 
deus√©muitobomcomigo; 1 
vempropaca; 1 
euacredito; 1 
sanxs√£o; 1 
deusnocontroledetodasascoisas; 1 
drums; 1 
bateristacrist√£o; 1 
music; 1 
vaipracimadeles; 1 
caixa; 1 
snaredrum; 1 
omelhorgoleirodobrasil; 1 
circuitao; 1 
rumo_ao_bi; 1 
foraluisricardo; 1 
√°empire√©foda; 1 
anaamelianajovempan; 1 
politicamenteincorreto2018; 1 
bailedovs; 1 
bailedomdg; 1 
mcbrgarotoputaria; 1 
bmw; 1 
xvdasarah; 1 
z4; 1 
vocejacancelousuazh; 1 
115anosgremio; 1 
blaugrana; 1 
fall; 1 
sosiadesinfo; 1 
casadelconstructorpy; 1 
nemgosto; 1 
casadoconstrutorfranquia; 1 
paejando; 1 
linha21excelente; 1 
retresponde; 1 
brunomars; 1 
wemissyouphil; 1 
dolomites; 1 
thankyoubruno; 1 
dreams; 1 
dolomitisupersummer; 1 
palermo; 1 
segundaelitedosdv; 1 
simplesassim; 1 
sonho; 1 
desamor; 1 
preconceito; 1 
hiphop; 1 
baixaautoestima; 1 
poesia; 1 
musica; 1 
seg; 1 
arnaldojabor; 1 
lavajato; 1 
equipehm; 1 
for√ßaluiz; 1 
arenacorinthians; 1 
tim√£odavirada; 1 
ahscult; 1 
laboral; 1 
foro; 1 
ofertalaboral; 1 
eventocpa; 1 
bolivia; 1 
p2p; 1 
salud; 1 
oportunidadferrere; 1 
sociospy2018; 1 
foroweps2018; 1 
arbitraje; 1 
privacy; 1 
lifesciences; 1 
eventoferrere; 1 
oportunidadlaboral; 1 
an√°lisiscpa; 1 
an√°lisis; 1 
comercioexterior; 1 
masterclass; 1 
afasenda10; 1 
bolsonaropresident; 1 
bailedodjhenriqueluiz; 1 
amnesia2equipes; 1 
intro; 1 
voicemod; 1 
libertad; 1 
biblioteca; 1 
farc; 1 
consultaanticorrupcion; 1 
chile; 1 
22sep; 1 
pueblosind√≠genas; 1 
hayek; 1 
8sept; 1 
dimision; 1 
carabobo; 1 
panam√°; 1 
ela√±o; 1 
ministerios; 1 
valoraanalitik; 1 
vargas; 1 
adopteunempleadop√∫blico; 1 
votomlv; 1 
lahjr10; 1 
viernesintratable; 1 
otrocaminopanama; 1 
aragua; 1 
basta; 1 
mercados; 1 
vinotinto; 1 
moj√≥nmental; 1 
shameonyou; 1 
oportunidades; 1 
china; 1 
soyvenezuela; 1 
confieptv; 1 
t√°chira; 1 
empresarioshaciendopais; 1 
lamileise√±al; 1 
fla1x0vit; 1 
essa√©pracomemorar; 1 
elan√£o; 1 
headabovewater; 1 
elasn√£o; 1 
agostolilas; 1 
sororidade; 1 
wattpad; 1 
gofontt; 1 
vamosflamego; 1 
eslibertadmemes; 1 
8sep; 1 
frasesdelliderazgo; 1 
animalessueltos; 1 
aguantemilei; 1 
casadachampions; 1 
estressado; 1 
preocupado; 1 
insonia; 1 
championsleaguenoeiplus; 1 
mensagemdodia; 1 
cashappfriday; 1 
etf; 1 
tether; 1 
whatsminer; 1 
dcr; 1 
decred; 1 
bh2018; 1 
tetherus; 1 
trading; 1 
android; 1 
miningconf; 1 
cannabis; 1 
dominance; 1 
ff; 1 
wdms; 1 
dia; 1 
bolsonaroeleito1¬∫turno; 1 
liberdadecombolsonaro; 1 
essanao; 1 
mrcatra; 1 
ra√ßa; 1 
rjluto; 1 
irmao; 1 
flavsmin; 1 
outback; 1 
ja; 1 
lutomrcatra; 1 
uptheante; 1 
diasdotronodegelo; 1 
gamescom2018; 1 
boomsday; 1 
hunting; 1 
coffee; 1 
dataviz; 1 
secandogelo; 1 
habitats; 1 
tff; 1 
sa√∫demental; 1 
rebelde; 1 
teacuerdas; 1 
cspxprc; 1 
cap; 1 
applewatchs4; 1 
anitters; 1 
iphonex; 1 
iphonexs; 1 
clau; 1 
applewatchseries4; 1 
myprerogative; 1 
thefamemonster; 1 
bibitatto; 1 
applewatch; 1 
dan√ßadosfamosos; 1 
medicina; 1 
ottrj; 1 
listassabanadeparidad; 1 
leysabanadeparidad; 1 
mediama√±ana; 1 
mitoparidad; 1 
realidad; 1 
cerroporteno; 1 
sialavida; 1 
joganogoogle; 1 
mepasoalafm; 1 
abundancia; 1 
lasm√°sle√≠das; 1 
marioesquivel; 1 
vidap√∫rpura; 1 
expedientefarc; 1 
nuevayork; 1 
doblemoral; 1 
bienesra√≠ces; 1 
riqueza; 1 
niunomas; 1 
oigolafm; 1 
felizs√°bado; 1 
richdad; 1 
atenci√≥n; 1 
noticiascaracol; 1 
lactanciachallenge; 1 
santaonset; 1 
shameonyousaltbae; 1 
financialeducation; 1 
justicia; 1 
invertirmejor; 1 
juandiegog√≥mez; 1 
modohervir; 1 
letsgoliquid; 1 
tlwin; 1 
thanksforlokiserie; 1 
jeffgoldblum; 1 
justiceforloki; 1 
justiceforjohnnydepp; 1 
lokilives; 1 
cosmicavengers; 1 
harrypotter; 1 
marvel; 1 
assineapeti√ß√£o; 1 
bringbacklokialive; 1 
tomhiddleston; 1 
hulk; 1 
charlozetheron; 1 
loki; 1 
wandamaximoff; 1 
iwantlokimovie; 1 
drstrange; 1 
infinitywar; 1 
lokisarmy; 1 
jogodosseguidores; 1 
avengers4keira; 1 
infinitywarprime; 1 
lokiday; 1 
amexflu; 1 
vemprofute; 1 
funkdeluto; 1 
descansempaz; 1 
allstars2; 1 
ahs; 1 
dragrace; 1 
ookina; 1 
picpaysquad; 1 
usd; 1 
imv; 1 
merval; 1 
dolar; 1 
afip; 1 
operacaottdonegopravernossoamorporele; 1 
santosmaiordomundo; 1 
nuncafoif√°cil; 1 
pedraonaespn; 1 
batidadecaja; 1 
amem; 1 
belo; 1 
lacasadepapel; 1 
naoasofrencia; 1 
voc√™n√£oest√°sozinho; 1 
wellingtondiasgate; 1 
paunocudeevo; 1 
enqueteselei√ß√µes; 1 
alckmincompcc; 1 
stfvergonhanacional; 1 
fechaafronteirabrasil; 1 
bocadecu; 1 
vote13; 1 
zico; 1 
haddadpresidente; 1 
feitosdepaixao; 1 
ubereats; 1 
gremio; 1 
blablablametro; 1 
betalab; 1 
operacaobetalab; 1 
betaseguebeta; 1 
aventuradiscovery; 1 
chears; 1 
pprvscor; 1 
sccpxpar; 1 
forcamito; 1 
maiordorio; 1 
wewillnever4get; 1 
blues; 1 
maisquebasquete; 1 
esse√©meutime; 1 
fogoneles; 1 
nextel; 1 
cor0x1gre; 1 
edicao18; 1 
edicao16; 1 
joaoamoedonoestadao; 1 
voudepalmeiras; 1 
thevoice; 1 
bolsomitou; 1 
lulapreso; 1 
eleccionesenbrasil; 1 
mitou; 1 
elmarginal2; 1 
caseroyotebanco; 1 
alerta; 1 
saibadizern√£o; 1 
jovensvision√°rios; 1 
universalce; 1 
algoamais; 1 
algoa; 1 
sdn2018; 1 
fju; 1 
sdncear√°; 1 
mamaequercasaldegemeos; 1 
papaiquermenina; 1 
desafiosjovens; 1 
novelajesus21; 1 
6ix9ine; 1 
coys; 1 
ufcxfox; 1 
geraldo45; 1 
futuromelhoragora; 1 
anaam√©lianabandeirantes; 1 
geraldopresidente; 1 
anaam√©lia; 1 
geraldoalckmin; 1 
pestana4555; 1 
preparadoparaobrasil; 1 
vaiterpagodesim; 1 
news; 1 
n√£oreelejaningu√©m; 1 
minasfmbh; 1 
bloom; 1 
scorpion; 1 
jornaldamaa; 1 
buenmi√©rcoles; 1 
impuestos; 1 
dolarizar; 1 
elmanualdelbuencorruptolatinoamericano; 1 
29deagosto; 1 
asaventurasdepoliana074; 1 
tvdnosbt; 1 
sabadoanimado; 1 
henrydanger; 1 
programasilviosantos; 1 
eliana; 1 
programadoratinho; 1 
asaventurasdepoliana070; 1 
futsalnosportv; 1 
readingfestival; 1 
pra√ßaseca; 1 
cheer; 1 
statechampionship; 1 
playlist; 1 
aligauniversoul; 1 
sil√™ncio; 1 
abbraccio; 1 
bomfinaldesemana; 1 
eudora; 1 
tracta; 1 
lula√©ineleg√≠vel; 1 
tadurodorme; 1 
fe; 1 
detretaemtretaxibiza; 1 
descubraoseudestino; 1 
livronovo; 1 
eterno9x2; 1 
pr√°cimadelesgalo; 1 
pr√°cimadelasgalo; 1 
gal√£o; 1 
mariaeuseiquevoc√™treme; 1 
galometal; 1 
unidospelogalo; 1 
paix√£odopovo; 1 
galometal22anos; 1 
galometal2018; 1 
todomundo√©atleticano; 1 
ensinodomiciliar; 1 
oportunidade; 1 
ceara; 1 
debatesbtrio; 1 
eccehomo; 1 
autoesporte; 1 
afreirafilme; 1 
alertarj; 1 
tiroteio; 1 
tiros; 1 
lulahomof√≥bico; 1 
lambeaufield; 1 
relax; 1 
gobills; 1 
vemmack; 1 
buffalobills; 1 
azvsla; 1 
vembell; 1 
cheeseheadsbrasil; 1 
somosum; 1 
n√£oaoclubismo; 1 
packers; 1 
twibbon; 1 
ksivlogan; 1 
ksivslogan; 1 
haddad19; 1 
saude; 1 
perseguicao; 1 
saudemental; 1 
falundafa; 1 
habbo; 1 
paradisepd; 1 
ficonervosoquando; 1 
beginningoflifetheseries; 1 
magicforhumans; 1 
onceuponatime; 1 
everdadeessebilete; 1 
terrible; 1 
paci√™ncia; 1 
podcast; 1 
tvtime; 1 
fomedes√©ries; 1 
twd; 1 
thelastkingdom; 1 
fiersdetrebleus; 1 
tamojunto; 1 
chateada; 1 
tiraomaiordabocafranga; 1 
aqecruzeiroseuspeida; 1 
amarelasaovivo; 1 
f1nosportv; 1 
ciropresidente; 1 
nelenunca; 1 
dorgivaldantas; 1 
mas; 1 
lhamerstododia; 1 
que; 1 
rumogd1m; 1 
spider; 1 
nuncamaisfazisso; 1 
diadossolteiros; 1 
beattheraiders; 1 
setembrosemprechega; 1 
helpsemqueixo; 1 
herewego; 1 
takenover; 1 
sierraburguessisaloser; 1 
eldato; 1 
parawhy; 1 
ciudaddelrockpynandi; 1 
personalcmf; 1 
remix; 1 
paraguaydelospagospoliticos; 1 
cuandofuimoslosperipateticos; 1 
gobiernodemarito; 1 
carlamorrison; 1 
la54; 1 
delfino; 1 
paraguaydelosamios; 1 
disfruto; 1 
honorcolorado; 1 
rockpynandi; 1 
ypacarai; 1 
diadelguarani; 1 
paraguaydemalagente; 1 
audioiko; 1 
anittaisoverparty; 1 
diademarina; 1 
v√£osefuder; 1 
brasilcommarina; 1 
merevoltoquando; 1 
gamedev; 1 
meirellesgeek; 1 
citeumatretaesaia; 1 
cartola; 1 
nanomedicine; 1 
pharmaceuticalmedicine; 1 
leiamais; 1 
umjeitonovohamburgodeser; 1 
formulations; 1 
scielo20; 1 
comunica√ß√£ocient√≠fica; 1 
antibiotics; 1 
graphene; 1 
blindness; 1 
perigo; 1 
acessoaberto; 1 
nordicjs; 1 
remotework; 1 
facebook; 1 
weareauth0; 1 
intagram; 1 
h4pbraziljs; 1 
welovemondays; 1 
batman; 1 
batmandeadend; 1 
ptnuncamais; 1 
gigantedobasquete; 1 
cariocadebasquete; 1 
nbanosportv; 1 
trbrasil; 1 
ficacu√©llar; 1 
ironia; 1 
atentos; 1 
sagitario; 1 
manchesterunited; 1 
wind; 1 
sky; 1 
love; 1 
grace; 1 
blue; 1 
estupradoresn√£opassar√£o; 1 
sunset; 1 
incoerencia; 1 
life; 1 
cloud; 1 
bolsonaropresidente2018; 1 
clouds; 1 
fly; 1 
skies; 1 
salvation; 1 
bailedapedreiradia5; 1 
obailevirarave; 1 
socialdoscria; 1 
micaretadoscrias; 1 
plaqtudum; 1 
bailevirarave; 1 
bailedapedreira; 1 
votevintedezoito; 1 
sempaci√™ncia; 1 
obrigadosenhor; 1 
floridacup; 1 
podeapostar; 1 
√©manuehaddadd; 1 
theneighbourhood; 1 
la; 1 
jo√£oguilherme; 1 
everchanging; 1 
minhaserie; 1 
tretanocondominio; 1 
motiva√ß√£ogrid; 1 
tobaresponde; 1 
laliganaespn; 1 
souousado; 1 
foramufarrej; 1 
nopsg; 1 
kickoff2018; 1 
trufalim√£osiciliano; 1 
tourvault; 1 
trocandofigurinhas; 1 
filme; 1 
normanreedus; 1 
deathstranding; 1 
somosdois; 1 
indynaband; 1 
vizeutaa√≠; 1 
vivendoumsonho; 1 
adrianoimperador; 1 
dos3; 1 
pogbrutaai; 1 
mcdiafeliz; 1 
tuj√°sabeoqeufa√ßoencimadovasco; 1 
tchauobrigado; 1 
p√©quente; 1 
kb9; 1 
for√ßasjuan; 1 
issoaquin√£oevasco; 1 
flaxcha; 1 
diegoribas; 1 
copadobrasilebrasileirao√©obriga√ßao; 1 
essegrupo√©fo; 1 
arquibancadaincendeia; 1 
babyguto; 1 
sub17; 1 
atropelaosmalandro; 1 
timedavirada; 1 
baseforte; 1 
vasxacf; 1 
btc; 1 
readabookday; 1 
1000nodesin2018; 1 
ahs8; 1 
marinasilvanojornalnacional; 1 
cironaredetv; 1 
obrasilfel; 1 
lulamanuhaddad; 1 
larissamanoela; 1 
lulapresidente; 1 
cube; 1 
apoiehaddadmanu; 1 
lula√©haddad; 1 
vaicorintia; 1 
eusoulula; 1 
bahxspo; 1 
onugarantelula; 1 
ofantasmada√≥pera; 1 
rmliga; 1 
inside; 1 
supernaturalday; 1 
spirit6anos; 1 
linhadepasse; 1 
linha20anos; 1 
ciumes; 1 
parabensgigante120; 1 
astarisborn; 1 
maracan√£; 1 
artistamalcarater; 1 
mariliamendon√ßan√£o; 1 
ex√©rcitonaurna; 1 
jb17; 1 
globolixo; 1 
bolsonaron√£otapreso; 1 
danielamercurin√£o; 1 
mulherescombolsonaro17; 1 
claudiaraian√£o; 1 
taokey; 1 
globon√£o; 1 
anittan√£o; 1 
lytourla_d3; 1 
dudupaunocu; 1 
agosto; 1 
everdadeessebilhete; 1 
forcajair; 1 
edsoncoelho; 1 
guerrero; 1 
firstworldproblems; 1 
tentoserfitnessmas; 1 
luisasonzanotvz; 1 
quartaelitedosdv; 1 
tercaelitedosdv; 1 
domingoelitedosdv; 1 
sextaelitedosdv; 1 
ÿ±ŸäÿßŸÑ_ŸÖÿØÿ±ŸäÿØ_ÿ±ŸàŸÖÿß; 1 
bar√ßagirona; 1 
striveforgreatness; 1 
fatooufake; 1 
flaviobolsonarosenador177; 1 
dia7√©17; 1 
jairbolsonaro17; 1 
somos17; 1 
ospingonosis; 1 
bolsonaro17eleitono1¬∫turno; 1 
jornaldamanha; 1 
n√£oconfioemgenteque; 1 
elei√ßoes2018; 1 
grevedoscaminhoneiros; 1 
diadelavisibilidadbisexual; 1 
pedeamorinha; 1 
amoras; 1 
reuni√£ojoam; 1 
vemixeac; 1 
eaccatedral2018; 1 
playg; 1 
foco2018; 1 
marple; 1 
poirot; 1 
calabocapedro; 1 
carnavrau; 1 
dogeminer2; 1 
ayudaconunrt; 1 
serviciopublico; 1 
podemosmudaralagoas; 1 
s√©rieb; 1 
maiordealagoas; 1 
csa; 1 
podemosmudarobrasil; 1 
richardmanso19900; 1 
podemos19; 1 
debatebandsp; 1 
descanse; 1 
eraumavez; 1 
cirorivotril; 1 
em; 1 
vencendoocancer; 1 
fridayfortnite; 1 
nofapseptember; 1 
telltale; 1 
ciro; 1 
steam; 1 
caldeiraodohuck; 1 
blossomtales; 1 
nintendodirect; 1 
for√ßajap√£o; 1 
whatsapp; 1 
iphonese; 1 
apple; 1 
fraco; 1 
saopaulo; 1 
nintendoswitch; 1 
bocajuniors; 1 
th√©o; 1 
switchbrasil; 1 
phishing; 1 
catra; 1 
avistamund√£o; 1 
deputado; 1 
eduardomagalh√£es; 1 
estadual; 1 
serys; 1 
euvoto; 1 
federal; 1 
deputada; 1 
„Éï„Ç©„Éº„Éà„Éä„Ç§„Éà„Ç§„É©„Çπ„Éà; 1 
streamerloot; 1 
fortnitepaxwest; 1 
fortniteart; 1 
bethefuture; 1 
fortnitefanart; 1 
paxwest2018; 1 
paxwest; 1 
fortnitehistory; 1 
notopo; 1 
avanterevela; 1 
formatura; 1 
johnmccain; 1 
empreendernobrasil; 1 
educa√ß√£odomiciliarsim; 1 
novoriogrande; 1 
ospingosnosis; 1 
eutwittodegra√ßa; 1 
presonaofazcampanha; 1 
melhornoticia; 1 
revolu√ß√£ofarroupilha; 1 
mensalinhodotwiter; 1 
amoedonopanico; 1 
constitution; 1 
republicos; 1 
premiopuskas; 1 
tald√≠acomohoy; 1 
thegeneral; 1 
tocuyito; 1 
constitutional; 1 
freud; 1 
spacex; 1 
selecci√≥ncolombia; 1 
firstman; 1 
telescopio; 1 
23sep; 1 
philadelphia; 1 
16sept; 1 
matem√°ticas; 1 
yt√∫qu√©lees; 1 
sigmundfreud; 1 
historynoticias; 1 
b17eleito1turno; 1 
saudades; 1 
bemvindo; 1 
noitedofreefire; 1 
buenviernes; 1 
comunismo; 1 
d√≠ainternacionaldelactor; 1 
bonomi; 1 
mar√≠anoseva; 1 
censura; 1 
marianoseva; 1 
davircsgo; 1 
escalade; 1 
fridayfeeling; 1 
proud; 1 
sharpobjectshbo; 1 
heman; 1 
counterstrike; 1 
sunglasses; 1 
hbo; 1 
scum; 1 
riptwitch; 1 
sharpobjects; 1 
faceitmajor2018; 1 
underthetree; 1 
esqueleto; 1 
telfie; 1 
chesapeakeshores; 1 
sharpweek; 1 
csgo; 1 
bhusa; 1 
ufc; 1 
disenchantment; 1 
major2018; 1 
quakechampions; 1 
superlidas; 1 
humild√£o; 1 
desencanto; 1 
mibr; 1 
chessies; 1 
skull; 1 
scumgame; 1 
drive; 1 
desincanto; 1 
animalkingdom; 1 
730am; 1 
dfbpokal; 1 
bundesliga; 1 
psgxjordan; 1 
elenaoelenunca; 1 
bolsonaroguerreirodobem; 1 
felicidade√©meunome; 1 
meioseu; 1 
melzinha; 1 
ficoputoquando; 1 
desafiodapuberdade; 1 
joaoamoedopresidente; 1 
s√°bado√©diadedecis√£o; 1 
melquinoruah; 1 
s√°badotemruah; 1 
hojeteveruah; 1 
fogoalto; 1 
amanhatemruah; 1 
amanh√£temruah; 1 
hojetemruah; 1 
foice; 1 
vergonhaconmebol; 1 
laroubaneira; 1 
vocenaoestasozinho; 1 
thehandmaid; 1 
tribo; 1 
ti8; 1 
ripmac; 1 
goforgaming; 1 
colegioplante; 1 
pichettoeldesafuero; 1 
sidesafueranacfk; 1 
fuerzacristina; 1 
guillermomoreno; 1 
laqueremospresa; 1 
wadodepedro; 1 
stopetchecopar; 1 
vamosetchecopar; 1 
capxvas; 1 
meufurac√£o; 1 
ofantasmasubiu; 1 
bienvenidoplata; 1 
flowers; 1 
flores; 1 
beijoamericano; 1 
mianiversariodetwitter; 1 
cordoba; 1 
avanquizny; 1 
reciente; 1 
crisisuniversitaria; 1 
copatotalargentina; 1 
exnamtv; 1 
diadedepenarasgazelas; 1 
american; 1 
councilarg; 1 
cuadernosdelacorrupcion; 1 
nra; 1 
2a; 1 
libra; 1 
elesimbolsonaro17; 1 
partiutoca3; 1 
var; 1 
semifinal; 1 
amistoso; 1 
elsalvador; 1 
precisoformarlogo; 1 
juizladrao; 1 
contratudoetodos; 1 
galvaonao; 1 
joaonatvgazeta; 1 
selecaobrasileira; 1 
ded√©facts; 1 
ficounocheirinho; 1 
98fc; 1 
cbf; 1 
debatebandminas; 1 
espet√°culo; 1 
madrugada; 1 
corsairgaming; 1 
nvidia; 1 
pcgamer; 1 
pcgaming; 1 
galaxys7edge; 1 
gamer; 1 
corsair; 1 
gocorsair; 1 
nvidiageforce; 1 
nvidiartx; 1 
sabado; 1 
√©orap√©ofunk; 1 
negocio; 1 
inovadores; 1 
operacionalizar; 1 
problema; 1 
gerentes; 1 
n√£ovoudesistir; 1 
minhabest; 1 
sess√£otortura; 1 
chegadediego; 1 
oi17; 1 
freemayfield; 1 
parxsan; 1 
welcomemariano; 1 
t√£odeixandoagentesonhar; 1 
ficaperes; 1 
singaporegp; 1 
contosdaf1; 1 
enelcoraz√≥ndeladecimotercera; 1 
toptags; 1 
f4f; 1 
engra√ßado; 1 
longhair; 1 
paulogustavo; 1 
ludmilla; 1 
humor; 1 
blondehair; 1 
instagrambrasil; 1 
vivianamorim; 1 
multishow; 1 
noticia; 1 
vaiquecola; 1 
hairposts; 1 
engra√ßados; 1 
blondguy; 1 
bolsonaroesfaqueado; 1 
humorista; 1 
gold; 1 
comedia; 1 
rs; 1 
13sep; 1 
10sep; 1 
movimientocivilistaliberal; 1 
plagios√°nchezenabc; 1 
investigaci√≥nabc; 1 
lagoadapampulha; 1 
belohorizonte; 1 
euvotojb17; 1 
cancaonova; 1 
cpii; 1 
segundavermelha; 1 
assworship; 1 
findom; 1 
assworking; 1 
casalbrisaboa; 1 
rimming; 1 
justlickit; 1 
girlsrimming; 1 
naruanacama; 1 
alckminpedeprasair; 1 
tchauqueridos; 1 
sermaiseumesonott; 1 
eusim; 1 
lfc; 1 
pearljam; 1 
dibattista; 1 
milanesicoglioni; 1 
disabili; 1 
mafiacapiale; 1 
martina; 1 
delrio; 1 
chiusuradomenicale; 1 
pontecrollato; 1 
diciotti; 1 
mavaffanculov√†; 1 
nessunotocchisalvini; 1 
pamelamastropietro; 1 
m5s; 1 
argento; 1 
ilva; 1 
genova; 1 
jobsact; 1 
governodelcambiamento; 1 
chiccotesta; 1 
pd; 1 
maipiupd; 1 
starbucksmilano; 1 
casalino; 1 
pontemorandi; 1 
autostrade; 1 
salvini; 1 
maipiucentrodestra; 1 
boschi; 1 
facciamolivivere; 1 
iostoconlaura; 1 
charliehebdo; 1 
hastatodimaio; 1 
lesplusbellesphrasesdosho; 1 
conte; 1 
svezia; 1 
fico; 1 
benettoff; 1 
amatrice; 1 
apertura; 1 
concessioni; 1 
celiachia; 1 
benetton; 1 
roccocasalino; 1 
dimaio; 1 
oralegale; 1 
boldrini; 1 
oettinger; 1 
atac; 1 
domingolegal; 1 
colxpal; 1 
fofocalizandonosbt; 1 
falamaisgentilli; 1 
votoimpresso; 1 
falamaisgentilu; 1 
somostodasbolsonaro; 1 
felizsabado; 1 
vemferiado; 1 
raeldarima; 1 
deleallichallenge; 1 
values; 1 
morethanaclub; 1 
gamperbar√ßa; 1 
bar√ßaalaves; 1 
betocarrero; 1 
pokemongo; 1 
sccpxgre; 1 
themaleartist; 1 
karolaconfusa; 1 
lacrar; 1 
ffsingleinmyblood; 1 
thesong; 1 
inmyblood; 1 
harrystyles; 1 
directioners; 1 
saveyourinternet; 1 
sweetener; 1 
iheartradiommvas; 1 
saveshadowhunter; 1 
ffartistshawn; 1 
notearslefttocry; 1 
cuellar; 1 
euteusoesumo; 1 
twitch; 1 
eraimperial; 1 
pepa; 1 
mastechefprofissionais; 1 
foragum; 1 
toplanejando4; 1 
micarettadomatteusbd; 1 
micaretadomatteusbd; 1 
cabofrio; 1 
luademel; 1 
ferias; 1 
praiadaferradura; 1 
inesquec√≠vel; 1 
dialindo; 1 
unamar; 1 
amodemais; 1 
soeueele; 1 
embuscadohexa; 1 
bomdiafoxsegunda; 1 
vaitomanocuespn; 1 
naocurti; 1 
designativista; 1 
bolsomitoooo; 1 
8congreso66; 1 
fsradiouy; 1 
primerestadiomundialista; 1 
aries; 1 
rezende; 1 
nossasenhoradasdores; 1 
globogolpista; 1 
fcseguindofc; 1 
qualosignificadoportr√°sdasuaface; 1 
vonvon_br; 1 
vemkanoquevem; 1 
carreradelburro2018; 1 
jornada8; 1 
j7; 1 
tormenta; 1 
alaire; 1 
pasiondelfutbol; 1 
institucional; 1 
coche; 1 
ligafutve; 1 
torneoclausura2018; 1 
audioenvivo; 1 
larvsedm; 1 
j8; 1 
futbolvenezolano; 1 
j9; 1 
j11; 1 
mexuru; 1 
opinion; 1 
comentarios; 1 
invitado; 1 
ligafutvextlt; 1 
clausura2018; 1 
jornada11; 1 
rayo; 1 
arqu√≠medesfiguera; 1 
estudiantesdemerida; 1 
boletimmatutino; 1 
rimadotrem; 1 
santosnuncacritiquei; 1 
guganoflamengo; 1 
diadelabanderadelaprovinciadec√≥rdoba; 1 
johnwooden; 1 
jornadacambiemos; 1 
santacruz; 1 
joshuapovetkin; 1 
combatespace; 1 
reconocimiento; 1 
d√≠adeljubilado; 1 
papaivoltou; 1 
sdnmogi; 1 
saibadizernaosp; 1 
verguenzaconmenbol; 1 
taquion; 1 
pro; 1 
gateras; 1 
memoria; 1 
mufa; 1 
entrevistag1pb; 1 
groverdebike; 1 
tribodaperiferia; 1 
anoxaud; 1 
aposentagum; 1 
seaposentagum; 1 
voltapedro; 1 
sketchtember2018; 1 
procreateapp; 1 
tttdivulga; 1 
visiblewomen; 1 
desenheiros; 1 
moira; 1 
sketchtember; 1 
overwatch; 1 
sararetweets; 1 
art; 1 
draw; 1 
mercy; 1 
illustration; 1 
vld; 1 
ipadpro; 1 
voltron; 1 
digitalart; 1 
g1rio; 1 
illustrionistas; 1 
sketchember; 1 
fanarticos; 1 
desafillu; 1 
throwbackthursday; 1 
d√≠asincoches; 1 
encuestasgfk; 1 
denuncia; 1 
terrosistas; 1 
minutodigitalperu; 1 
amofini; 1 
conscienc; 1 
practicemakesperfect; 1 
bolsonaro2018euvoto; 1 
jerryewmnotvz; 1 
sotocatopnomultishow; 1 
blogdobispomacedo; 1 
anjosdamadrugada; 1 
amazonas; 1 
ieq; 1 
partiuasu; 1 
rug; 1 
sinaleira; 1 
foi; 1 
retr√°ctesepetro; 1 
usc√°teguinoseretracta; 1 
petrorespetelaley; 1 
ccajarregreseneldinero; 1 
haremosjusticiaporlosind√≠genas; 1 
grexbot; 1 
smashbrosultimate; 1 
bbtvgeek; 1 
mermay2018; 1 
Ê†º„Ç≤„Éº„Ç≠„É£„É©Êèè„Åì„ÅÜ„Åú; 1 
dbfz_sousai; 1 
vemsetembro; 1 
botafogotv; 1 
perfil; 1 
torcedoralvinegro; 1 
planejamentoaplac2019; 1 
diferente; 1 
planejamentoucob2019; 1 
planejamnetoaplac2019; 1 
experiencia; 1 
bethesdadays; 1 
vaiiicorinthiansssss; 1 
vem1k; 1 
aculpa√©doelohai; 1 
euvotobolsonaro; 1 
fake; 1 
infinito; 1 
c√©us; 1 
harleydavidson; 1 
saturdaymorning; 1 
jogamuito; 1 
mar; 1 
salario; 1 
inteligente; 1 
bike; 1 
health; 1 
pontepauloafonso; 1 
gravata; 1 
nohay; 1 
millonarios; 1 
monojojoy; 1 
monojojoyasesino; 1 
finalspacefanart; 1 
grandhotel; 1 
valeapenaverdireito; 1 
teamfrancisco; 1 
merli; 1 
emmys2018; 1 
friendsday; 1 
telaquente; 1 
laschicasdelcable; 1 
laschicasdelcable3; 1 
elministeriodeltiempo; 1 
100diasparaonatal; 1 
yongonzalez; 1 
100daysforchristmas; 1 
sobpressao; 1 
festadobranco; 1 
judaismo; 1 
caracas; 1 
virgo; 1 
england; 1 
canada; 1 
israel70years; 1 
czech; 1 
unga; 1 
nuevafotodeperfil; 1 
russia; 1 
israel; 1 
israel70; 1 
jew; 1 
sefardi; 1 
digitaldesign; 1 
yomkippur; 1 
papafrancisco; 1 
miami; 1 
japan; 1 
tinco√£s; 1 
cornetas; 1 
Ïò§ÎäòÏùòÎ∞©ÌÉÑ; 1 
btsstudiobylg; 1 
loveyourself; 1 
Ïù¥ÏÖò; 1 
Î™®ÎãàÏÉùÏùº·Ñé·Ñè; 1 
ÏñºÏë§; 1 
Î∞©ÌÉÑ; 1 
loveyourselfanswer; 1 
ÏÇ¨Î¨ºÎÜÄÏù¥ÏÜåÎÖÑÎã®; 1 
ÌÉúÌòïÏïÑÏÇ¨ÎûëÌï¥; 1 
Î™®ÎãàÏÉùÏùº„Öä„Öã; 1 
barbixas3milh√µes; 1 
bolsonaro1Ô∏è‚É£7Ô∏è‚É£; 1 
ripalterosa; 1 
milho; 1 
filhote; 1 
riomiranda; 1 
plantio; 1 
pesquesolte; 1 
pesqueirodofarias; 1 
pescaria; 1 
jau; 1 
paulicealutkeni; 1 
elepreso; 1 
orkut; 1 
ligue1; 1 
mucbvive; 1 
alzheimer; 1 
brunito; 1 
hereditary; 1 
jbnaglobo; 1 
bolsonaronaglobonews; 1 
brasilparalelo; 1 
votobolsonaro17; 1 
bolsiolo; 1 
mytcharlotte; 1 
natashapresidente; 1 
wesupportshawn; 1 
fazenda; 1 
ciropresidente12; 1 
artesmarciasbravo; 1 
training; 1 
boxefight; 1 
muaythaifight; 1 
bravoartesmarciais; 1 
muaythaifigth; 1 
boxefighter; 1 
academiabravo; 1 
professorolavodecarvalho; 1 
euvotobolsonaro17; 1 
dia7amarelo17; 1 
foralarghi; 1 
foragallo; 1 
coachjanthana; 1 
grexcsc; 1 
embuscadotetra; 1 
catxgre; 1 
crisispresidencial; 1 
soprole; 1 
teampizzadoce; 1 
somostodosanitta; 1 
homeschooling; 1 
contraoaorto; 1 
262kustomshoo; 1 
chamanozapson; 1 
wepurpleparkjimin; 1 
feat_nickiminaj; 1 
info; 1 
idol6thwin; 1 
exolselcaday; 1 
answerin2days; 1 
agt; 1 
fermata; 1 
ÏÜåÎÖÄÌè¨Î†àÏä§Ìä∏; 1 
ÏâºÌëú; 1 
ÏõêÌò∏; 1 
ÏÜåÎÖÄÏãúÎåÄ_oh_ggÍ∞Ä; 1 
acabalogoporra; 1 
coizasqeuqueriater; 1 
parentes; 1 
ÍπÄÎ¶Ω; 1 
Ï∏Ñ; 1 
micdropremix; 1 
Ê°úÁî∞ÈÄö; 1 
mergulho; 1 
dive; 1 
eagleray; 1 
diving; 1 
galapagos; 1 
goodnight; 1 
voltarads; 1 
euqueronamorar; 1 
tsgbvb; 1 
afc; 1 
lulalivre2018; 1 
facistasn√£opassar√£o; 1 
vivarcasacor2018; 1 
graciaspekerman; 1 
graciasprofe; 1 
meubolsominiosecreto; 1 
girlpower; 1 
aracaju; 1 
n√≥s4; 1 
somostodosintolerantes; 1 
fernandodenoronha; 1 
minhavida; 1 
sergipe; 1 
29dosguris; 1 
familyfirst; 1 
countingdown; 1 
noronha; 1 
behindthescenes; 1 
theshining; 1 
mccartneyonfallon; 1 
precisamosmudar; 1 
elemuitomenos; 1 
eletamb√©mn√£o; 1 
joaonaband; 1 
joaoguiherme; 1 
valorseries; 1 
pmscsa; 1 
attvalorseries; 1 
gabbrasil; 1 
ùó™ùóúùó°; 1 
miss√£o; 1 
montoneros; 1 
ironmansimulator; 1 
hurricaneflorence; 1 
inflaci√≥n; 1 
greysanatpmy; 1 
joaonojornalnacional; 1 
joaoamoedonojn; 1 
joaoamoedo; 1 
joao30; 1 
amoedo30; 1 
joaonosbt; 1 
forzainter; 1 
felizcumplelobo; 1 
superligaquilmescl√°sica; 1 
nadal; 1 
barrabrava; 1 
tevez; 1 
interishere; 1 
imponiendounestilodejuego; 1 
seriea; 1 
lequipefoot; 1 
heretocreate; 1 
seguimoshaciendohistoria; 1 
hinchada; 1 
nbanaespn; 1 
independiente; 1 
racing; 1 
intertottenham; 1 
interfans; 1 
superliga; 1 
intertorino; 1 
bocaelunicogrande; 1 
bzn; 1 
grecia; 1 
prayforkerala; 1 
navalha; 1 
disfar√ßado; 1 
humildade; 1 
mindset; 1 
strayedaway; 1 
bailedamps; 1 
motivacional; 1 
am3nic; 1 
leostrondateam; 1 
xuxanoporchat; 1 
klbn11; 1 
bidi4; 1 
usdbrl; 1 
dji; 1 
fjta4; 1 
thegooddoctor; 1 
comentaa√≠; 1 
aquelegola√ßo; 1 
avantemengao; 1 
haddadnojornalnacional; 1 
haddadnojn; 1 
perguntarnaoofende; 1 
premierleague; 1 
mhconteconosco; 1 
vote17; 1 
camisetaceleste; 1 
nacionalesuruguay; 1 
checar; 1 
mudabrasil; 1 
happybirthdaybeyonc√©; 1 
beyday; 1 
grexest; 1 
frainer√©corno; 1 
jo√£oz√©droguinha; 1 
exoss; 1 
meteoros; 1 
astronomia; 1 
xvdabelle; 1 
xvdallebern; 1 
capit√£marvel; 1 
gersonresponde; 1 
respondagabriel45; 1 
quem; 1 
lusquinharesponde; 1 
scitruco; 1 
temqueacabar; 1 
7a1foipouco; 1 
vestiarioespn; 1 
resenhaespn; 1 
merkel; 1 
metooliars; 1 
oedipus; 1 
walkaway; 1 
cutebaby; 1 
nbc; 1 
georgesoros; 1 
time; 1 
papafrancesco; 1 
delusional; 1 
animalfarm; 1 
leftist; 1 
iamspartacus; 1 
ambeisenberg; 1 
skeksis; 1 
ernieandbert; 1 
timemagazine; 1 
cnn; 1 
ridiculous; 1 
newyorktimes; 1 
catfight; 1 
cbs; 1 
obama; 1 
kavanaughaccuser; 1 
obese; 1 
hipocrita; 1 
boliviadijono; 1 
21f; 1 
sinverguenza; 1 
llaco; 1 
ajustedelmercado; 1 
mileiministro; 1 
esequibo; 1 
reinounido; 1 
sinluz; 1 
greatestthingsaboutthe90s; 1 
copadobrasilfoxsport; 1 
pagaumburpemeu; 1 
21bolad√£o; 1 
oque√©amorpravoc√™; 1 
treetunnel; 1 
malha√ß√£o; 1 
otemponaopara; 1 
otempon√£opara; 1 
theconfbr; 1 
c√¢meradoestagi√°rio; 1 
maiorcampe√£odobrasil; 1 
verd√£odobrasil; 1 
bahxpal; 1 
porcodosandes; 1 
palxcap; 1 
palxcor; 1 
saga; 1 
curiosidades; 1 
manga; 1 
caballerosdelzodiaco; 1 
kanon; 1 
geminis; 1 
saintseiya; 1 
problematiza√ß√£o; 1 
ch√°daanthonella; 1 
replay; 1 
bohemianrhapsody; 1 
chaxflu; 1 
freddiemercury; 1 
libereotreino; 1 
liberaotreino; 1 
villamixsp; 1 
ospar√ßas; 1 
balan√ßogeralmg; 1 
desafiointellimen11; 1 
ÂØøÂÖâÊö¥Èõ®; 1 
soudedireitaporque; 1 
poweranas; 1 
controlana; 1 
micaretadafm; 1 
fmquintadasdivas; 1 
seextooumec; 1 
resenhabtx; 1 
derby; 1 
aqui√©corinthians; 1 
sub20; 1 
asiangames2018; 1 
mundodacabeleleira; 1 
mundodamaquigem; 1 
hairstyle; 1 
schuwarzkopf; 1 
universsodamaquiagem_oficial; 1 
penteadopreso; 1 
pausaparafeminises; 1 
hair; 1 
maquiagem_insta; 1 
penteadosxd; 1 
penteadodivo; 1 
saudadesdemeupai; 1 
lovemake; 1 
lovehair; 1 
madrinha2018; 1 
schwarzkopf; 1 
cabelosdivos; 1 
universsodamaquiagem; 1 
universodopenteado; 1 
penteadomadrinha; 1 
makeupbrasil__; 1 
makeupartist; 1 
clientediva; 1 
jardimdemeteoros; 1 
f4; 1 
edf; 1 
sanmarinogp; 1 
moto2; 1 
juntospelasul; 1 
mago; 1 
jp; 1 
vemquetem; 1 
eu; 1 
for√ßafeminazi; 1 
emmytnt; 1 
anoacabandoe; 1 
folga; 1 
bh; 1 
barracobalan√ßando28; 1 
vemcomosfaixa; 1 
resenhadosfaixapreta; 1 
mariapadilha; 1 
hogwartstnt; 1 
horadeporcaf√©; 1 
bijouterias; 1 
portabiju; 1 
artesanatocriativo; 1 
bijoux; 1 
feitoam√£o; 1 
presentesespeciais; 1 
presentescriativos; 1 
cartonagempersonalizada; 1 
trabalhoemcasa; 1 
presentes; 1 
album; 1 
trabalhocomamor; 1 
fotos; 1 
portaj√≥ias; 1 
artesanato; 1 
caixasartesanais; 1 
albumdefotografias; 1 
tinojunior; 1 
lpl; 1 
diadosexo; 1 
ralphbreakstheinternet; 1 
gocowboys; 1 
gagamilano; 1 
pracima; 1 
fifaratings; 1 
baleado; 1 
kevintrapp; 1 
njrxp; 1 
gagamilanofriend; 1 
motogpnosportv; 1 
incredibleindia; 1 
answernow; 1 
namjoon; 1 
newprofilepika; 1 
aftermovie; 1 
avantelabestia; 1 
labombonera; 1 
acabalogo; 1 
energianaveia; 1 
pescaoceanica; 1 
cruzeirotematico; 1 
energianaveia2019; 1 
souoriginal; 1 
metrosp; 1 
reunaosamigos; 1 
jairventura; 1 
sigabastidores; 1 
yesnovasco; 1 
lukamodric; 1 
sotocatop; 1 
vicenarecordnews; 1 
joguejunto; 1 
leosantananotvz; 1 
masquemmedera; 1 
deusmelivre; 1 
bomdiafoxsexta; 1 
f√°biopedem√∫sicanofant√°stico; 1 
btsinla; 1 
Ìò∏ÎπÑ; 1 
bornsingerjungkook; 1 
Î∑î; 1 
Ï†úÏù¥Ìôâ; 1 
btsfortworth; 1 
protectbtsinfortworth; 1 
jin; 1 
btsloveyourselftourinla; 1 
v; 1 
jhope; 1 
btsinhamilton_d2; 1 
btsinfortworth; 1 
btsinforthworth; 1 
alwayswithjungkook; 1 
firstloveoutsold; 1 
Ï†ÑÏ†ïÍµ≠; 1 
Ï†ïÍµ≠Ïù¥Îäî_9ÏõîÏùò_Ï≤´Î≤àÏß∏_Í∏∞Ï†Å; 1 
jkmagicday; 1 
soribadaawards2018; 1 
ÌÉúÌòï; 1 
btsinoakland; 1 
btsworldtour; 1 
Ï†ïÍµ≠ÏïÑ_Ïû°ÏùÄÏÜêÏ†àÎåÄÎÜìÏßÄÏïäÏùÑÍ≤å; 1 
Ï†ïÌò∏ÏÑù; 1 
declaracionvsrealidad; 1 
elieenmorenomiente; 1 
graciaspresidenteduque; 1 
claudial√≥pezlamit√≥mana; 1 
oportunista; 1 
eileenmorenomiente; 1 
yoapoyoaalejandrogarc√≠a; 1 
educandomamertos; 1 
adelantepresidenteuribe; 1 
mulambos; 1 
quepopo√©esse; 1 
cibixv; 1 
editorial; 1 
bastadepersecucion; 1 
justiciaparavictimasdelterrorismo; 1 
noalaideologiadegenero; 1 
bastadepersecusi√≥n; 1 
malvinas; 1 
telamsedefiende; 1 
amenfuerzasyadelante; 1 
buenmartes; 1 
extincionoriginal; 1 
callatecabezon; 1 
pedofilialegalizadanao; 1 
extinciondedominio; 1 
uba; 1 
belgrano; 1 
nomanssky; 1 
freecodefridaycontest; 1 
superchefcelebridades; 1 
aquinotwittereu; 1 
sofazinho; 1 
votoemquemeuquiser; 1 
somosprimas; 1 
garagemhookah; 1 
meuprimeirotweet; 1 
dingdong; 1 
lindo; 1 
maduron√£o; 1 
betheworldseye; 1 
snapparazzi; 1 
airdropsmart; 1 
cryptocurrence; 1 
cryptoinvestor; 1 
wallet; 1 
coinex; 1 
binance; 1 
hodl; 1 
asmt; 1 
natmin; 1 
twitter; 1 
app; 1 
colendi; 1 
cryptoinvest; 1 
makeitviral; 1 
freecoin; 1 
ctrt; 1 
contest; 1 
social; 1 
summer2018; 1 
referral; 1 
exchange; 1 
unbanked; 1 
chinese; 1 
voting; 1 
maketoken; 1 
cryptrust; 1 
altcoin; 1 
bounties; 1 
wollo; 1 
cryptonews; 1 
selfdrop; 1 
breaking; 1 
sustainableislands; 1 
linhadequinta; 1 
barbershop; 1 
oldschool; 1 
gratidao; 1 
nosplanosdedeus; 1 
pracimamajor; 1 
mayansfx; 1 
mayansmc; 1 
desaplaudida; 1 
nietzsche; 1 
raminhosseinpanahi; 1 
vnzlasinagua; 1 
vecinos; 1 
callelafila; 1 
lomasdelcondor; 1 
buenosnoches; 1 
ayuda; 1 
lomasdepradosdeleste; 1 
comunidad; 1 
baruta; 1 
victoria; 1 
25ago; 1 
lomas; 1 
29ago; 1 
taldiacomohoy; 1 
extraoficialecoanalitica; 1 
lafila; 1 
maracaibo489a√±os; 1 
buenasnoches; 1 
hora1; 1 
elesimpiririm; 1 
unix; 1 
like; 1 
hacktheplanet; 1 
nintendolabo; 1 
openbsd; 1 
909day; 1 
hacked; 1 
hackersday; 1 
appleevents; 1 
caf√©; 1 
hacking; 1 
innovation; 1 
tech; 1 
90smovies; 1 
comedy; 1 
dataprotection; 1 
password; 1 
usb; 1 
freebsd; 1 
meme; 1 
funny; 1 
innovate; 1 
technology; 1 
programming; 1 
share; 1 
mariokart; 1 
laugh; 1 
hackers; 1 
vemfesteja; 1 
browns; 1 
jets; 1 
jornaldoalmo√ßo; 1 
partiudubai; 1 
odeiojenteq; 1 
yiaywide; 1 
eulcs; 1 
gigantedacolina; 1 
euapoio; 1 
fjv; 1 
foco; 1 
mergbarbosa; 1 
vidaquesegue; 1 
mudouaesta√ß√£o; 1 
shadowofthetombraider; 1 
gebota; 1 
respeitofogo; 1 
forasalganude; 1 
cheirinho; 1 
brasileir√£o; 1 
cheirinho2018; 1 
dinosaurs; 1 
roblox; 1 
brachiosaurus; 1 
brazilianday; 1 
tim√£o108; 1 
dabola; 1 
up; 1 
evangelhoautentico; 1 
espiritosanto; 1 
ajude; 1 
aleluias; 1 
apoie; 1 
boasemana; 1 
critaos; 1 
otimasemana; 1 
publi; 1 
santodia; 1 
emalta; 1 
pai; 1 
compalrtilhe; 1 
reinodedeus; 1 
cristo; 1 
elequerfalarcomvoce; 1 
top; 1 
apoiase; 1 
avivamento; 1 
gustavoaugusto; 1 
inscrevase; 1 
parabolasdejesus; 1 
deus; 1 
workship; 1 
youtube; 1 
js; 1 
god; 1 
palavradedeus; 1 
vemrodeio; 1 
matboeanabrand; 1 
worldcup; 1 
musicismylife; 1 
jango; 1 
spotify; 1 
qatar; 1 
techhouse; 1 
minimal; 1 
thankful; 1 
myyard; 1 
empolgou; 1 
raw; 1 
mufc; 1 
bhamun; 1 
salah; 1 
ourshow; 1 
uni√£ojovemadcgtingui; 1 
adcg; 1 
adcgtingui; 1 
maracaibo; 1 
frontera; 1 
sentimientonacional; 1 
lancemineirao; 1 
nossofutebol; 1 
ciron√£o; 1 
brasileiraonosportv; 1 
07sep; 1 
22ago; 1 
ultimahora; 1 
crisishumanitaria; 1 
graciasalmagro; 1 
11deseptiembre; 1 
solidaridad; 1 
reconversi√≥nmonetaria; 1 
15sep; 1 
reto; 1 
youtubebrandcast; 1 
papum; 1 
somostodostroxaemcasa; 1 
momo; 1 
tatensomaisnaodesisto; 1 
outfitaugust; 1 
oembaixador; 1 
brandcast; 1 
gordinhodooutfit; 1 
zedarecaida; 1 
umemummilh√£o; 1 
somosburroslaemcasa; 1 
espa√±oles; 1 
sanciones; 1 
venezolanos; 1 
chavismo; 1 
tropa; 1 
fant√°stico; 1 
screenshotsaturday; 1 
sega; 1 
„Çª„Ç¨„Ç®„Ç§„Ç∏„ÇπÁßªÊ§çÂ∏åÊúõ„Ç¢„É≥„Ç±„Éº„Éà; 1 
saveshenmue; 1 
eliminatesarena; 1 
n√£oaguentogenteque; 1 
pontes; 1 
chineda; 1 
registagmelhorcoordenadorever; 1 
sg; 1 
s√°badooouu; 1 
pesviciobr; 1 
clubespro; 1 
sextar; 1 
lfcpsg; 1 
lullabye; 1 
anittadiganaoaofascismo; 1 
raposon√£opegue; 1 
novo; 1 
fam√≠lia; 1 
primos; 1 
massa; 1 
zoeiraneverends; 1 
debatenaredetv; 1 
thankyoudeuce; 1 
usmnt; 1 
nerd; 1 
f1; 1 
games; 1 
guerreirodarodada; 1 
r9; 1 
3pts; 1 
fluxcor; 1 
seguimos; 1 
somosfluminense; 1 
fluxvas; 1 
onthisday; 1 
st; 1 
yagunnersya; 1 
s04; 1 
schalke; 1 
m1√∂; 1 
bigfishandbegonia; 1 
10yearsofdontforget; 1 
encontro; 1 
diguinhoparapresidente; 1 
meuma; 1 
sdnfla; 1 
teamcorvette; 1 
kaysardadour; 1 
daleeeeeeeeeee17; 1 
tiririca; 1 
arrow; 1 
√©lulaa17meupovoo; 1 
maratonadaalegriavillamix; 1 
rouantetn√£o; 1 
quedupla; 1 
tareades√°bado; 1 
reilusionarse; 1 
bifewellington; 1 
ran√ßo; 1 
pega_a_vis√£o; 1 
gecorinthians; 1 
awaydays; 1 
demoliendomitos; 1 
loscuadernosdelascoimas; 1 
corrupcion; 1 
cuadernos; 1 
vamosdecano; 1 
grexcea; 1 
rumoaotetra; 1 
maiconmerepresenta; 1 
imortaltricolor; 1 
maicon; 1 
segueol√≠der; 1 
j√°cancelousuazhhoje; 1 
gremistaspelomundo; 1 
fortesaguerridosebravos; 1 
juliocesarsantoscuzao; 1 
50milnaarena; 1 
nadapodesermaior; 1 
lutecomoumamenina; 1 
j√∫lioc√©sarsantoscuz√£o; 1 
grexprc; 1 
americanpieafesta; 1 
voltanba; 1 
ti8br; 1 
northernlights; 1 
photo; 1 
sosvzlapideintervencionya; 1 
diretodareda√ß√£o; 1 
deusprotejajairbolsonaro; 1 
photography; 1 
aurora; 1 
travel; 1 
norway; 1 
20sep; 1 
amazing; 1 
familiayterceraedad; 1 
presidentedelagente; 1 
rusia; 1 
audienciap√∫blica; 1 
comfamiliayterceraedad; 1 
identify; 1 
esperanza; 1 
chaco; 1 
ayudemos; 1 
identity; 1 
transformationpy; 1 
transchaco; 1 
alegr√≠a; 1 
hayqu√≥rum; 1 
diadocontador; 1 
monstronafazenda; 1 
cadaufazobem; 1 
running; 1 
pesodoseucarro; 1 
dia7e17; 1 
todentro; 1 
diadobolsonaro17; 1 
silatocanacristina; 1 
bomdiafoxquinta; 1 
voltacebolinha; 1 
sabebemoquevempelafrente; 1 
voltaradscomomascote; 1 
correios; 1 
estudioi; 1 
faltadeluzrio; 1 
misakatoyasato; 1 
deenazemaondrive; 1 
alexnajalas; 1 
mileleconcertfriday; 1 
sokasantimaa; 1 
reggaezone; 1 
mundo; 1 
maraparabolivia; 1 
mochilaschinas; 1 
marpara; 1 
per√∫; 1 
loultimo; 1 
marparabolivia; 1 
deportes; 1 
11septembre2001; 1 
elpa√≠s; 1 
cochabamba; 1 
14deseptiembre; 1 
opini√≥n; 1 
11s; 1 
wilstermann; 1 
unasur; 1 
exporeincorpora; 1 
diainfinito; 1 
endorphins; 1 
chutaprogoooolll; 1 
acorda; 1 
trellez; 1 
endomondo; 1 
liziero; 1 
umamorafotografia; 1 
espalheeternidadenotwitter; 1 
serio; 1 
falo; 1 
selenailoveyoumyqueen; 1 
funkpedepaz; 1 
nadjanafazenda; 1 
teamchulapa; 1 
teamnadja; 1 
flaviavianareporterfazenda; 1 
nemcavaloaguenta; 1 
umsenadordeverdade; 1 
eusoucouto; 1 
euescolhiven√©; 1 
debatetvmaster; 1 
veneziano400; 1 
eusoujo√£o; 1 
lulalivrej√°; 1 
eusouven√©; 1 
ext; 1 
104anosdehistoria; 1 
exercitobombanosdv; 1 
dmc5; 1 
meuesporte√©vaquejada; 1 
hijeemdia; 1 
guitarporn; 1 
guitarra; 1 
guitarristas; 1 
luthier; 1 
foraanacelia; 1 
surubimluthier; 1 
rock; 1 
guitarists; 1 
luthiersurubim; 1 
guitar; 1 
roll; 1 
guitara; 1 
surubim; 1 
guitarrista; 1 
guitarras; 1 
guitarplayers; 1 
guitarist; 1 
diegomeloluthier; 1 
guitars; 1 
guitarplayer; 1 
ethereum; 1 
rinkeby; 1 
gegetuit; 1 
caixinhadepromessas; 1 
mensagensevangelicas; 1 
vemcomagente; 1 
ahoradavenenosafloripa; 1 
p12; 1 
bglforipa; 1 
floripa; 1 
musa; 1 
3minutosparaosucesso; 1 
sc; 1 
bgfloripa; 1 
oaceleradordepessoas; 1 
politovence; 1 
camarotedavenenosa; 1 
desafiomorrodacruz; 1 
ibelieveinipa; 1 
bolsonarodebate; 1 
votobolsonaro; 1 
argentinadiversa; 1 
arasanjuan; 1 
ceavsspa; 1 
palmeirasxinter; 1 
revolts; 1 
marinasilvanojn; 1 
alckminnojn; 1 
bolsonaronaglobo; 1 
scifi; 1 
rushfamily; 1 
rushtheband; 1 
supernaturalwarner; 1 
spideysquad; 1 
acdc; 1 
inbeach; 1 
asambleanacional; 1 
carnetdelapatria; 1 
sesi√≥nan; 1 
chabasquen; 1 
asvserviciopublico; 1 
dalelike; 1 
barquisimeto; 1 
24ago; 1 
oeaconvzla; 1 
asvserviciop√∫blico; 1 
loscaminantes; 1 
reb√©lateylucha; 1 
emergencia; 1 
serviciop√∫blico; 1 
lossimuladores; 1 
nosdestruyen; 1 
bombonera; 1 
somosargentina; 1 
parquecervecero; 1 
truelove; 1 
pepsi; 1 
partiugab; 1 
soupatriota; 1 
mulheres; 1 
joicehasselmann; 1 
frio; 1 
seguelider; 1 
bosonaro17; 1 
canalsandrorocha; 1 
jair; 1 
giovannachaves; 1 
juntospelotetra; 1 
linhadaquinta; 1 
dribbble; 1 
palavraaberta; 1 
blacklove; 1 
ele; 1 
vcfalaverdade; 1 
citepolemicas; 1 
novobrasil; 1 
mudan√ßa; 1 
abusado; 1 
xvdaester; 1 
vemmaisporai; 1 
quemquermeter; 1 
2yearsofilluminate; 1 
sexoanal; 1 
felaciones; 1 
terebanco; 1 
yalotiramos; 1 
masturbaciones; 1 
jogosagrado; 1 
touch; 1 
ouzzada; 1 
vestidopreto; 1 
t2e3; 1 
blacklist; 1 
thealienist; 1 
t14e23; 1 
deezer; 1 
avi√µesfantasypark; 1 
s√≥ostops; 1 
tudodoido; 1 
jamelmyles; 1 
lbsgfanartwednesday; 1 
emocaoazulestrelada; 1 
simboracruzeiro; 1 
vamoslabestia; 1 
classicodospalestras; 1 
fechadocomocruzeiro; 1 
labestianegra; 1 
tocadaraposa3; 1 
v√≠deoshowaovivo; 1 
mclan2018; 1 
vamoscaralhooo; 1 
uol; 1 
lulanapris√£o; 1 
jamaisser√£o; 1 
pte; 1 
nuncaser√£o; 1 
tudonossonadadeles; 1 
centraldotorcedor; 1 
corrup√ß√£o; 1 
iapconference2018; 1 
registroespurio; 1 
lobos; 1 
libertadores2012; 1 
11desetembro; 1 
livevemcorinthians; 1 
levirculpinocorinthiansn√£o; 1 
fujamparaascolinas; 1 
corinthianon√£oassistefoxsport; 1 
levirculpinao; 1 
levirculpin√£o; 1 
linha21; 1 
torresgemelas; 1 
tourarenacorinthians; 1 
foralevir; 1 
for√ßarafa; 1 
flux; 1 
fintech; 1 
distributed; 1 
iost; 1 
environmental; 1 
greys14onnetflix; 1 
