elenão; 208 
newprofilepic; 157 
elenao; 129 
elesim; 107 
debateredetv; 99 
quemmandoumatarbolsonaro; 91 
thebest; 89 
rouanetnão; 87 
verguenzaconmebol; 83 
forçabolsonaro; 80 
elenunca; 78 
g1; 75 
bolsonaro17; 73 
bolsonaronojornalnacional; 71 
bolsonaropresidente17; 68 
falamaisgentili; 64 
eleições2018; 64 
afazenda10; 64 
tbt; 63 
bolsonaronãoécorrupto; 63 
euquerobolsonaro; 63 
vamosflamengo; 62 
cirofilhodaputa; 59 
debateaparecida; 52 
fifafootballawards; 51 
meubolsominionsecreto; 49 
ciro12; 49 
crf; 47 
calabocacirodenovo; 47 
milhoescombolsonaro; 46 
flamengo; 45 
nflnaespn; 42 
novafotodoperfil; 40 
pas; 38 
bolsonaroeleito1ºlugar; 37 
avantipalestra; 35 
southamericamemes; 35 
mulherescombolsonaro; 33 
halamadrid; 33 
thevoicebrasil; 33 
trcoluna; 33 
bolsonaro; 32 
bolsonaro2018; 32 
forçaanitta; 32 
brasileirão2018; 31 
maquinadememes; 31 
rt; 31 
fakenews; 30 
bolsonaro17no1ºturno; 30 
lixeiramemes; 30 
cblol; 29 
masterchefbr; 29 
omemedaminhavida; 29 
libertadoresfoxsports; 28 
vasco120; 28 
forçapedro; 28 
grêmio; 28 
sextou; 28 
calabocaciro; 27 
setembroamarelo; 27 
habemussemifinal; 27 
bolsonaropresidente; 27 
fifa19; 26 
votobolsonaro17; 26 
jn; 26 
flaxcor; 26 
appleevent; 26 
jairmessiasbolsonaro; 26 
lulainelegivel; 25 
vaicorinthians; 25 
mpn; 25 
lulaépresidiário; 24 
flaxcam; 24 
vamointer; 24 
lulalivre; 24 
fechadocombolsonaro; 24 
porenganomeuovo; 24 
calabocagentilli; 23 
bomdia; 23 
direitaseguedireita; 23 
emmys; 23 
reviravoltanaeleicao; 23 
galo; 23 
lulainelegível; 22 
haddadélula; 22 
7desetembro; 22 
cruzeiro; 22 
segundosol; 22 
meuaniversáriodotwitter; 22 
cruxfla; 22 
anittaisoverparty; 21 
ucl; 21 
brasilcommarina; 21 
nossofutebol; 21 
conmebollibertadores; 20 
direitaunida; 20 
vasxfla; 20 
vascodagama; 20 
forcabolsonaro; 20 
tocadaraposa3; 20 
eleicoes2018; 20 
haddadélulanojn; 20 
fsradiobrasil; 19 
lulaépresidiario; 19 
juntospelasula; 19 
libertadores2018; 19 
museunacional; 19 
haddadpresidente; 19 
paunocudaonu; 19 
corinthians; 18 
ondalaranja; 18 
soudedireitaporque; 18 
mensalinhodotwitter; 18 
captainmarvel; 18 
mouraonagnews; 18 
premierleaguenaespn; 18 
pes2019; 18 
democraciasim; 17 
sabeserbrasileiro; 17 
paz; 17 
inter; 17 
rip; 17 
palmeiras104anos; 17 
sentagostosobozo; 17 
reagesantos; 17 
ficacuellar; 16 
coelhão; 16 
diadevasco; 16 
forabarbieri; 16 
uolnasurnas; 16 
ocapitãovoltou; 16 
queremosobi; 16 
f1; 16 
bolsonaronajovempan; 16 
afazenda; 16 
joãonaband; 15 
bolsonaronaoecorrupto; 15 
copadobrasilfoxsports; 15 
marina18; 15 
foraloss; 15 
elasim; 15 
maisanicholas; 15 
rouanetnao; 15 
sextadetremurasdv; 15 
sbt37anos; 15 
cironojornalnacional; 14 
segundadetremurasdv; 14 
diadeflu; 14 
fantastico; 14 
dia7é17; 14 
sechamainteressaloucura; 14 
sqn; 14 
selecaosportv; 13 
gazetaestadaojp; 13 
zlatan500; 13 
spfc; 13 
eusoulula; 13 
vamosfluzão; 13 
jornaldaglobo; 13 
grêmio115anos; 13 
casadachampions; 13 
ciropresidente; 13 
marta; 13 
sabadodetremurasdv; 13 
messi; 13 
lutomuseunacional; 13 
elasnão; 13 
estoucombolsonaro; 13 
almaecoração; 12 
expedientefutebol; 12 
seomengaoseclassificar; 12 
entrenojogo; 12 
vasxacf; 12 
nflbrasil; 12 
puskas; 12 
euacredito; 12 
urgente; 12 
craquedoverdão; 12 
afreirafilme; 12 
estamoscontigodedé; 12 
domingodetremurasdv; 12 
palmeiras; 11 
b17; 11 
falamaisgentilli; 11 
famíliapalmeiras; 11 
babyguto; 11 
np; 11 
flaxcsc; 11 
pás; 11 
hurricaneflorence; 11 
redacaosportv; 11 
ps4share; 11 
masterchefprofissionais; 11 
timão108; 11 
maisasilvaig; 11 
usopen; 11 
brasil; 11 
fiel; 11 
craquedojogo; 11 
aovivo; 11 
forcaanitta; 11 
tercadetremurasdv; 11 
trump; 11 
singaporegp; 11 
fé; 11 
quemtemmaistem9; 10 
gopackgo; 10 
bbdebate; 10 
vamossãopaulo; 10 
flaxgre; 10 
pracimadelescoelho; 10 
queremosacopa; 10 
maisasilvatv; 10 
maisasilva; 10 
srn; 10 
friendsday; 10 
atenção; 10 
twibbon; 10 
pergunteaociro12; 10 
escorpião; 10 
mlksdexerém; 10 
vmas; 10 
debatebandrio; 10 
quemmandoumatarobolsonaro; 10 
gofla; 10 
fsrádiobrasil; 9 
porcodosandes; 9 
popstar; 9 
copadobrasil2018; 9 
quintadetremurasdv; 9 
capxfla; 9 
libertadores; 9 
forapt; 9 
intxfla; 9 
thevoicebr; 9 
copadobrasil; 9 
marinanojornalnacional; 9 
pauloguedesnaglobonews; 9 
forasidão; 9 
conmebollixo; 9 
brasileiraonosportv; 9 
vemquetem; 9 
ospingosnosis; 9 
jairbolsonaro; 9 
ptnuncamais; 9 
diadoprogramador; 9 
nowplaying; 9 
amoêdonosdebates; 9 
cartolafc; 9 
mufc; 9 
elanão; 9 
corinthians108anos; 9 
euvotojb17; 9 
sanatóriogeral; 9 
lulapresidente; 9 
mulherescontraobolsonaro; 9 
diademarina; 8 
repost; 8 
touro; 8 
p9; 8 
rmcity; 8 
agostoacabandoeeu; 8 
vamoslabestia; 8 
g1rio; 8 
somos17; 8 
spidermanps4; 8 
gopats; 8 
palxcru; 8 
tuitutil; 8 
brasilacimadaonu; 8 
manunojaburu; 8 
packers; 8 
arrascapuskás; 8 
quartadetremurasdv; 8 
luto; 8 
nfl; 8 
justdoit; 8 
trocadepasses; 8 
issoaquiéflamengo; 8 
amassajogajunto; 8 
forzajuve; 8 
finoallafine; 8 
gum400; 8 
jornalnacional; 8 
pranamorarcmgtemq; 8 
gremio115anos; 8 
amoedonopanico; 8 
garotosdoninho; 8 
chamaomeirelles; 8 
somostodosbolsonaro; 8 
afazendaaovivo; 8 
mito; 8 
vamoschape; 7 
jogosagrado; 7 
mulherescontraofascismo; 7 
diadopalmeiras; 7 
cruxsan; 7 
debatesbtrio; 7 
éverdadeessebilete; 7 
vamosfogo; 7 
mariellepresente; 7 
soundcloud; 7 
porvocêportodos; 7 
7setembro; 7 
marinasilvanopanico; 7 
votomarinapq; 7 
lula; 7 
50milnomaraca; 7 
criançaesperança; 7 
gêmeos; 7 
belgiangp; 7 
fantástico; 7 
championsleaguenoeiplus; 7 
vasco120anos; 7 
obrigadonordeste; 7 
psg; 7 
joaonojn; 7 
graciasmanu; 7 
donosdaamérica; 7 
kamikaze; 7 
bongocat; 7 
cironacnbb; 7 
forçabarça; 7 
killshot; 7 
eibozonarovaitomarnocu; 7 
forçajuan; 7 
colunadofla; 7 
modric; 7 
championsleague; 7 
leão; 7 
globolixo; 7 
cirodaputa; 7 
ucldraw; 7 
xboxshare; 7 
novo30; 7 
flaviobolsonarosenador177; 7 
segueolider; 7 
jairbolsonaro17; 7 
pcas; 7 
cbng1; 7 
votemarina18; 7 
falacapitão; 7 
greysanatomy; 7 
104anosdehistória; 7 
boatardefox; 7 
rmucl; 7 
verguenzacomenmbol; 7 
comenbolverguenzadelfutbol; 7 
libertadoresxfox; 6 
maiorcampeãodobrasil; 6 
mudabrasil; 6 
altashoras; 6 
câncer; 6 
boanoite; 6 
oqueeumaisqueriaagora; 6 
usopennaespn; 6 
correria; 6 
joaonaband; 6 
jg; 6 
aquário; 6 
timelula; 6 
nofapseptember; 6 
swedennationalteam; 6 
haddad; 6 
gloriaadeus; 6 
novoalmirante; 6 
cirogomes; 6 
uefa; 6 
brazil; 6 
pergunteaojoão; 6 
datafolha; 6 
yoqualy; 6 
liberdadecombolsonaro; 6 
capricórnio; 6 
obrasilqueeuquero; 6 
joãocom6; 6 
grexest; 6 
grenal; 6 
ripcatra; 6 
tse; 6 
flaxvit; 6 
obrasilfelizdenovo; 6 
elesnão; 6 
orgulhoepaixão; 6 
vemprofut; 6 
usopennosportv; 6 
cristiano; 6 
salvemasbaleias; 6 
goniners; 6 
diadeinter; 6 
lulanasurnastse; 6 
rmliga; 6 
fechocomciro; 6 
michaeljacksonday; 6 
f1naglobo; 6 
floridacup; 6 
bolsonarosim; 6 
ciropresidente12; 6 
somosmibr; 6 
asu2018; 6 
santos; 6 
lulanacadeia; 6 
haddadnojornalnacional; 6 
ficaadica; 6 
ajudeummoreira; 6 
digaumavdd; 5 
nothim; 5 
familiapalmeiras; 5 
boca; 5 
resenhaespn; 5 
joãonojn; 5 
fail; 5 
juvesassuolo; 5 
souotipodepessoaq; 5 
flaxcha; 5 
spfctv; 5 
pt; 5 
terranotícias; 5 
somosfluminense; 5 
sanmarinogp; 5 
jb17; 5 
cr7juve; 5 
baseforte; 5 
italiangp; 5 
capitãmarvel; 5 
escalaçãodazoeirabfr; 5 
ge; 5 
elepreso; 5 
botafogo; 5 
pixelart; 5 
fechadocomocruzeiro; 5 
barçapsv; 5 
rumoaotri; 5 
eugostoquando; 5 
fechamento; 5 
arquibancadaincendeia; 5 
depxflu; 5 
pesquisasmentem; 5 
falta3mesespradezembroeeu; 5 
tmj; 5 
dançadosfamosos; 5 
péquente; 5 
cle; 5 
estoucomolucas; 5 
familia; 5 
vasco; 5 
elesim17; 5 
vote30; 5 
haddadelulanojn; 5 
deusfamiliabolsonaro; 5 
browns; 5 
gazetapeixe; 5 
timão; 5 
diadegrêmio; 5 
paratodososgarotosquejaamei; 5 
lulamanuhaddad; 5 
maracanã; 5 
oremos; 5 
falacapitao; 5 
alckminpedeprasair; 5 
ciraonosegundoturno; 5 
fifathebest; 5 
bomdiafoxsegunda; 5 
risos; 5 
brasileirao2018; 5 
euvotobolsonaro17; 5 
mulherescombolsonaro17; 5 
lindo; 5 
elesnunca; 5 
deleallichallenge; 5 
thegooddoctor; 5 
btsarmy; 5 
vaisernoprimeiroturno; 5 
sagitário; 5 
elesimbolsonaro17; 5 
vergonhaconmebol; 5 
puskás; 5 
nãoaguentogenteque; 5 
riverdale; 5 
verdãodobrasil; 5 
desafiodapuberdade; 5 
foralarghi; 5 
áries; 4 
vamosrenovartudo; 4 
bocxcru; 4 
sériec; 4 
spoxpal; 4 
chaxpal; 4 
foralomba; 4 
foraebm; 4 
fotosdefatos; 4 
chaxflu; 4 
bakeoffbrasil; 4 
rj; 4 
fato; 4 
cruzeiraocabuloso; 4 
g1sp; 4 
moto2; 4 
mostraonuglobo; 4 
vamostricolor; 4 
gremio; 4 
família; 4 
futebol; 4 
17neles; 4 
pelohexa; 4 
partiutoca3; 4 
jesus; 4 
wellingtondiasgate; 4 
lesbicalitrao; 4 
cristãonãovotaemciro; 4 
bestofnba; 4 
joaoamoedo; 4 
vemcomjoao30; 4 
vemcomjoão30; 4 
europaleague; 4 
afcxfla; 4 
kickoff2018; 4 
virgem; 4 
juntospelotetra; 4 
jornaloglobo; 4 
onthisday; 4 
globo; 4 
periscope; 4 
partiu; 4 
agora; 4 
novidadesdalista; 4 
gneleicoes2018; 4 
democracia; 4 
nbamediaday; 4 
timedavirada; 4 
abreotreinonatoca3; 4 
laliga; 4 
coys; 4 
brasileirãoassaí; 4 
bbmp; 4 
bolsonaronoprimeiroturno; 4 
forasartori; 4 
éointer; 4 
twitter; 4 
juntosporbolsonaro; 4 
anittanão; 4 
meubolsominonsecreto; 4 
textaocientifico; 4 
bowsette; 4 
vergonha; 4 
bbbomdia; 4 
premierleague; 4 
forçacapitão; 4 
politica; 4 
f1nosportv; 4 
bolsonaro17no1oturno; 4 
santamarta; 4 
bomdiafoxsexta; 4 
gratidão; 4 
g1ms; 4 
lafabrica; 4 
bahxpal; 4 
seleçãobrasileira; 4 
fortnite; 4 
pernambuco; 4 
apoiehaddadmanu; 4 
capitaovoltou; 4 
vitxvas; 4 
lulaéinelegível; 4 
bolsomitoooo; 4 
kobe40; 4 
felizaniversário; 4 
music; 4 
jornaldamanha; 4 
joganogoogle; 4 
bemamigos; 4 
javascript; 4 
bts; 4 
hojetemcruzeiro; 4 
haddadnojn; 4 
dia7amarelo17; 4 
joãonosdebates; 4 
verguenzaconmenbol; 4 
itatiaia; 4 
pegaleão; 4 
encontro; 4 
sport; 4 
faceitmajor; 4 
brasileirao; 4 
neymar; 4 
bolsonaronaglobonews; 4 
rodaviva; 4 
debateband; 4 
rnseguern; 4 
foragallo; 4 
venezuela; 4 
esportv; 4 
rpsp; 4 
facadanobolsonaro; 4 
geraldo45; 3 
equipega; 3 
bemvindojair; 3 
fifaratings; 3 
deusnocontrole; 3 
forarodinei; 3 
mariellefranco; 3 
seliga; 3 
vitxcam; 3 
tamotransandodefato; 3 
tmjcombolsonaro17; 3 
torvla; 3 
anittadiganaoaofascismo; 3 
pergunteaojoao; 3 
chivsgb; 3 
ninguemrespeita; 3 
lukamodric; 3 
debatesbt; 3 
lakeshow; 3 
diadaarvore; 3 
fazenda10; 3 
globonews; 3 
forafelipemelo; 3 
seleçãosportv; 3 
conversacombial; 3 
vamosemfrente; 3 
marketing; 3 
marina; 3 
toddphillips1; 3 
barçahuesca; 3 
sótocatop; 3 
motogp; 3 
cyberpunk2077; 3 
anittanothevoicebrasil; 3 
cruzeiropelohexa; 3 
doctorwho; 3 
vasxsan; 3 
associavasco; 3 
mengão; 3 
recibo; 3 
reidoaçaí; 3 
grandão; 3 
digitalart; 3 
timãodavirada; 3 
promundomelhorarsófalta; 3 
eferiadoeeu; 3 
ateofimdoanoeu; 3 
jumpman; 3 
direitaamordaçada; 3 
chears; 3 
joaonosdebates; 3 
ufc228; 3 
arsenalvorskla; 3 
lutecomoumamenina; 3 
florence; 3 
impostoéroubo; 3 
alemãofoxsports; 3 
cruxcam; 3 
riodejaneiro; 3 
maiortorcidadomundo; 3 
avfc; 3 
psgxjordan; 3 
gonzalocarneiro; 3 
juventus; 3 
cironosegundoturno; 3 
elchavodel8; 3 
vemtri; 3 
peixes; 3 
trmaraca; 3 
flatv; 3 
lanceflu; 3 
bolsonaropresidenteno1ºturno; 3 
fluxbot; 3 
mrvnoesporte; 3 
citepolemicas; 3 
onugarantelula; 3 
opinesobreamaconha; 3 
triste; 3 
medo; 3 
brasilcombolsonaro; 3 
dingdong; 3 
vaipracimadelesmengo; 3 
cfc; 3 
otemponãopara; 3 
lavajato; 3 
lfc; 3 
anittanao; 3 
letsgoliquid; 3 
batesmotel; 3 
river; 3 
domingo; 3 
lulaeinelegivel; 3 
finalusopennosportv; 3 
timedoador; 3 
raizéservasco; 3 
frasedodia; 3 
runner; 3 
var; 3 
mrcatra; 3 
reclamoaquinotwitterpq; 3 
ocapitaovoltou; 3 
jairbolsonaronojornalnacional; 3 
terranoticias; 3 
vasxbah; 3 
desafiosobfogo; 3 
folha; 3 
zenfone5; 3 
aquiégalo; 3 
palxbot; 3 
palxcor; 3 
eleiçoes2018; 3 
bolsonaroeleito1ºturno; 3 
playstationclassic; 3 
buildforreal; 3 
worlds2018; 3 
17paraobemdobrasil; 3 
geraldonojn; 3 
astroworld; 3 
aprimeiranoitedecrime; 3 
futebolnaveia; 3 
sorteio; 3 
flyeaglesfly; 3 
defxflu; 3 
coringão; 3 
bolsonaronojn; 3 
breaking; 3 
galosempre; 3 
meseguenogab; 3 
cube; 3 
forxvil; 3 
debatenaredetv; 3 
cironaredetv; 3 
nba2k19; 3 
flabasquete; 3 
haddadédilma; 3 
tercaelitedosdv; 3 
renunciaarnaldobarros; 3 
lulalindo; 3 
rumoaotetra; 3 
raçaraçaraçagalo; 3 
tog; 3 
issoégalo; 3 
publipost; 3 
foraptcrimeeleitoral; 3 
forcabolsonaro17; 3 
lpl; 3 
nationsnatnt; 3 
realmadrid; 3 
ufcsp; 3 
roblox; 3 
robloxdev; 3 
derby; 3 
surfranchpro; 3 
98esportes; 3 
bolsonaro17eleitono1ºturno; 3 
elenaoelenunca; 3 
naoassinefoxpremium; 3 
laligafoxpremium; 3 
pet46anos; 3 
iheartdaystage; 3 
eletapreso; 3 
milhoescombolsobaro; 3 
saizica; 3 
forzamilan; 3 
ibope; 3 
react; 3 
idol; 3 
boulosresponde; 3 
104anosdehistoria; 3 
naopassarao; 3 
saopaulo; 3 
classicou98fc; 3 
emmynatnt; 3 
emmytnt; 3 
otwitternãoéfacebook; 3 
boulosnaredetv; 3 
falaciro12; 3 
vueltanaespn; 3 
brasileirão; 3 
vote13; 3 
cbf; 3 
lulapostenão; 3 
fredgremio; 3 
voleinosportv; 3 
promoção; 3 
gecruzeiro; 3 
gameofthrones; 3 
pesquisa; 3 
lutavio; 3 
tchauquerido; 3 
marinanojg; 3 
respectariana; 3 
jbnaglobo; 3 
gda12anos; 3 
vuejs; 3 
nuncacritiquei; 3 
answernow; 3 
partemédico; 3 
iot; 3 
ufcspnocombate; 3 
simboracruzeiro; 3 
chupavilla; 3 
video; 3 
grêmiorádioumbro; 3 
airneymar; 3 
sanxind; 3 
agoraénopaca; 3 
santosotimedavirada; 3 
sanxspo; 3 
thevoice; 3 
csgo; 3 
lisca; 3 
tb; 3 
freecodefridaycontest; 3 
fotospelomundo; 3 
euqueroumuno; 3 
suicídio; 3 
innovation; 3 
politicamenteincorreto2018; 3 
nojo; 3 
geraldopresidente; 2 
superlidas; 2 
obrigadosenhor; 2 
fantasmanafinal; 2 
porconosandes; 2 
bbnaveia; 2 
ficaloss; 2 
bolsonaronaband; 2 
midia; 2 
vcacredita; 2 
adeliorecebeuordens; 2 
getthestrap; 2 
grexcea; 2 
deplaca; 2 
vemdoar; 2 
monstro; 2 
sep; 2 
nationsleague; 2 
amigosdoezequiel; 2 
eua; 2 
plaqtudum; 2 
gigantes; 2 
efc; 2 
blaugrana; 2 
bigmouth; 2 
libra; 2 
detalhe; 2 
chateado; 2 
arethafranklin; 2 
jairseacostumando; 2 
jornalextra; 2 
russianart; 2 
minhafeministasecreta; 2 
anitta; 2 
gevas; 2 
lavercup; 2 
nenhumdireitoamenos; 2 
agoraédomingo; 2 
vemmaisporaí; 2 
dedé; 2 
ciro; 2 
ospingonosis; 2 
sulamericanafoxsports; 2 
quemédourado; 2 
legislaremproldocidadão; 2 
deputadofederal; 2 
arquivobbc; 2 
esseeomeujogo; 2 
deputadoestadual; 2 
fiscalizar; 2 
eleicoes; 2 
bilete; 2 
lulanuncamais; 2 
masterchef; 2 
internacional; 2 
bolsonaroanojornalnacional; 2 
tôdentro; 2 
perfil; 2 
flashbackfriday; 2 
joaoamoedonosdebates; 2 
malhação; 2 
apple; 2 
diadopsicologo; 2 
joker; 2 
bojackhorseman; 2 
resenhadosirmãos; 2 
muaythai; 2 
raposasegueraposa; 2 
raposasegueraposasdv; 2 
mayansfx; 2 
socialmedia; 2 
tweetadadas8; 2 
job; 2 
deezer; 2 
warcraft; 2 
vikings; 2 
reintegraogorne; 2 
teamday; 2 
lehistory; 2 
onelastdance; 2 
sextei; 2 
opiniao; 2 
darewincelebrate; 2 
radio; 2 
nextvictory; 2 
trgermano; 2 
joaonojornalnacional; 2 
linhabilidade; 2 
kololli; 2 
foraodair; 2 
opredadorfilme; 2 
bozonaro; 2 
5x2day; 2 
votedaciolo; 2 
sabadou; 2 
bellator204; 2 
foxfightclub; 2 
gointz; 2 
cr7; 2 
seriea; 2 
armys; 2 
segueolíder; 2 
mve; 2 
heretocreate; 2 
motogpnosportv; 2 
academia; 2 
espetáculo; 2 
mitou; 2 
argentinofoxsports; 2 
programasilviosantos; 2 
feb; 2 
mlk; 2 
begreater; 2 
natgeovideo; 2 
emmyawards; 2 
patriots; 2 
valetudo30anos; 2 
ursal; 2 
valetudo; 2 
centraldaseleições; 2 
spvotatumafederal1079; 2 
acelerapf; 2 
tretanocondominio; 2 
dalenobts; 2 
yorkshire; 2 
sotocatop; 2 
rockinrio; 2 
trocadechipeassume; 2 
rondinelli; 2 
odeiojenteq; 2 
forzainter; 2 
dodamage; 2 
brunohenrique; 2 
labestianegra; 2 
noprimeiroturno; 2 
doom; 2 
audaz; 2 
nossaselecao; 2 
prevençãodosuicídio; 2 
otemponaopara; 2 
dancadosfamosos; 2 
vemmeteoro; 2 
sorrisomarotonotvz; 2 
goldodia; 2 
neverforget; 2 
rio; 2 
jesuséodonodolugar; 2 
fab; 2 
maisamor; 2 
destaquesdarodada; 2 
icon; 2 
classof19; 2 
fut; 2 
otempoanaopara; 2 
brocaipornós; 2 
3em1; 2 
votebolsonaro17; 2 
rossettogovernador; 2 
eusouliquid; 2 
monzagp; 2 
fazeup; 2 
sp; 2 
racing; 2 
dallascowboys; 2 
snf; 2 
beatles; 2 
espn; 2 
goodvibes; 2 
classificado; 2 
garotodoninho; 2 
elenemfodendo; 2 
torcida; 2 
hinchada; 2 
giantspride; 2 
nyjvscle; 2 
selva; 2 
scolarismo; 2 
batmanday; 2 
toca3; 2 
socio5estrelas; 2 
direitaseguedireira; 2 
braxesa; 2 
nãoreelejaninguém; 2 
bvb; 2 
souc2; 2 
calaabocaciro; 2 
voto17; 2 
fábioparedão; 2 
afreira; 2 
grexbot; 2 
yesnovasco; 2 
ee; 2 
playerunknownsbattlegrounds; 2 
trufalimãosiciliano; 2 
supercrown; 2 
blooper; 2 
bloopette; 2 
pearl; 2 
obrigadodeus; 2 
tuaglóriaélutar; 2 
laligaparatodos; 2 
treta; 2 
bolsonaronão; 2 
gamescom; 2 
corridaderua; 2 
lol; 2 
vote12; 2 
finsup; 2 
selecaobrasileira; 2 
vem2019; 2 
bocaxriverfoxsports; 2 
geraldogrêmio; 2 
nadapodesermaior; 2 
diadosexo; 2 
câmeradoestagiário; 2 
semanaverde; 2 
headabovewater; 2 
porcopeiro; 2 
primos; 2 
casadopovo; 2 
aporla14; 2 
chupamaria; 2 
aliás; 2 
eufuinopaca; 2 
foicedesaopaulo; 2 
ripjornalismo; 2 
lulaepresidiario; 2 
semsexoeu; 2 
colorado; 2 
naodescenointervalo; 2 
netflix; 2 
voltaradscomomascote; 2 
uol; 2 
football; 2 
beach; 2 
flaxvas; 2 
músicaboaaovivo; 2 
linha20anos; 2 
legendary; 2 
saudades; 2 
éjairoujáera; 2 
dia07é17; 2 
debatedeaparecida; 2 
mengo; 2 
felizsábado; 2 
museunacionalvive; 2 
aquiésantos; 2 
timedetradição; 2 
2kday; 2 
capitãobolsonaro; 2 
pst; 2 
lulaéhaddad; 2 
bahxspo; 2 
mg; 2 
meta; 2 
got; 2 
frases; 2 
acimadetudorubronegro; 2 
mulambos; 2 
tesigoatodolado; 2 
sérieb2018; 2 
tudopelofutebol; 2 
cariogalo; 2 
voudeciroporque; 2 
debatedacnbb; 2 
lulalivre2030; 2 
forcajairbolsonaro; 2 
fortaleza; 2 
forcacapitao; 2 
fla; 2 
elejamais; 2 
surfenaespn; 2 
segueointer; 2 
wakandaforever; 2 
vidajovem220v; 2 
conmebol; 2 
skoob; 2 
guganoflamengo; 2 
partiulabombonera; 2 
boatarde; 2 
barcelona; 2 
ripmac; 2 
naotempedigree; 2 
quemmatoumarielle; 2 
6mesessemresposta; 2 
voltamago; 2 
reidaamérica; 2 
everton; 2 
parabénsrubronegro; 2 
ajudeamaribel; 2 
asiangames; 2 
1080p; 2 
4k; 2 
armazenamento; 2 
pf1br; 2 
acompletediversion; 2 
rayaravive; 2 
lfcpsg; 2 
bolsonaroémito; 2 
theguardian; 2 
bxd; 2 
tntsports; 2 
sulamericananosportv; 2 
flumemória; 2 
tropadeelite; 2 
aragongp; 2 
go77; 2 
hojenahistória; 2 
futsal; 2 
sempreaoladodovasco; 2 
tazercraft; 2 
tazercraftgamer; 2 
fav; 2 
sulamericana; 2 
ripmacmiller; 2 
capxflu; 2 
rock; 2 
amoedo30; 2 
queromeuvascodevolta; 2 
happybirthday; 2 
belabolameuparaguaio; 2 
kiatipoff18; 2 
feedly; 2 
felizaniversario; 2 
forzaferrari; 2 
vamosubirsanta; 2 
aerocoral; 2 
humansoflatecapitalism; 2 
agt; 2 
theansweriscoming; 2 
btsonagt; 2 
avidaéumjogo; 2 
toalltheboysivelovedbefore; 2 
libertadoresnosportv; 2 
rumoaotitulo; 2 
palxcap; 2 
riparethafranklin; 2 
gopain; 2 
tvtime; 2 
adventuretime; 2 
guerreiro; 2 
art; 2 
fanart; 2 
spyrothedragon; 2 
meubolsomionsecreto; 2 
greenbaypackers; 2 
bolsogatas; 2 
gigantespornatureza; 2 
pcvasconcellos; 2 
oitavas; 2 
joãonatvgazeta; 2 
batebola; 2 
everdadeessebilete; 2 
haddad13presidente; 2 
haddadelula; 2 
imaginajuntas; 2 
citecoisasaleatorias; 2 
metrosp; 2 
chateada; 2 
soujacintho; 2 
titans; 2 
nintendoswitch; 2 
emmy; 2 
vamospalmeiras; 2 
irmao; 2 
poenodvd; 2 
vamoscruzeiro; 2 
globogolpista; 2 
ciclismonaespn; 2 
ahsapocalypse; 2 
bancodereservas; 2 
superarquivo; 2 
cursos; 2 
ficaperes; 2 
linhadequarta; 2 
supernaturalday; 2 
debatebandsp; 2 
censura; 2 
copalibertadores; 2 
pfemação; 2 
hiac; 2 
flaxsccp; 2 
cironouol; 2 
saude; 2 
vitxbot; 2 
lulagato; 2 
lulaéocara; 2 
lulatudibom; 2 
lularouboumeucoração; 2 
debateopopularcbn; 2 
nacaradogol; 2 
suplicysenador; 2 
suplicy131; 2 
6x1eterno; 2 
travel; 2 
wednesdaywisdom; 2 
melhorjairseacostumando; 2 
maga; 2 
colanamao; 2 
sanxsão; 2 
gabigol200jogos; 2 
homeschooling; 2 
healthcare; 2 
amém; 2 
novotempo; 2 
radionovotempo; 2 
exclusivo; 2 
linha21; 2 
corinhians108anos; 2 
thealbum; 2 
forabarbiere; 2 
citeumatretaesaia; 2 
foraandres; 2 
f1nogp; 2 
cironao; 2 
cnmp; 2 
소리바다_공정성_공론화; 2 
chievojuve; 2 
quemmandoumatarjb; 2 
elesempre; 2 
resenhadaescadinha; 2 
e; 2 
raposa; 2 
radiosuper; 2 
superfc; 2 
otempo; 2 
emmys2018; 2 
alômãe; 2 
terradonuncadilsinho; 2 
amigos; 2 
llj; 2 
estamoscombolsonaro; 2 
aquinotwittereu; 2 
sdds; 2 
awaydays; 2 
cruzeirocabuloso; 2 
bolsominion; 2 
angular; 2 
nodejs; 2 
vamociro; 2 
hushhushmovie; 2 
iheartradiommvas; 2 
ffartistshawn; 2 
atropelaosmalandro; 2 
thepoweroffootball; 2 
dilmanão; 2 
foraluisricardo; 2 
juntospelasul; 2 
soltaavozdanação; 2 
bols; 2 
assedioehabitonasescolas; 2 
everchanging; 2 
amaréparaosfortes; 2 
cbftv; 2 
jalals; 2 
forasidao; 2 
rapemquadrinhos; 2 
vamosvirarmengo; 2 
live; 2 
grenal417; 2 
2anosdealento; 2 
colocolo; 2 
uberdanacao; 2 
anittalsoverparty; 2 
sdv; 2 
cadaufazobem; 2 
engetabeis; 2 
gecorinthians; 2 
feminismo; 2 
joãoamoêdo; 2 
adrianoimperador; 2 
mcdiafeliz; 2 
melhorjaircomprando; 2 
melhorjairdoando; 2 
irmaodojorel; 2 
afcxvas; 2 
fechadocomoecv; 2 
hexa; 2 
rumoaohexa; 2 
lulalivrejá; 2 
liberalismonobrasil; 2 
61milnatoca3; 2 
bolsonaroesfaqueado; 2 
milhas; 2 
genebra; 2 
cityvnufc; 2 
mcfcportugues; 2 
alckmintofora; 2 
bolsonaro1turno; 2 
20desetembro; 2 
foraalexandregallo; 2 
abelnogalo; 2 
clássico; 2 
jogamuito; 2 
designativista; 2 
ps4; 2 
nubank; 2 
teamstallion; 2 
mytwitteranniversary; 2 
primeirodeus; 2 
mmvas; 2 
mais90; 2 
hojenahistóriadogalo; 2 
camxcap; 2 
camxspfc; 2 
runtastic; 2 
delechallenge; 2 
nãodescenointervalo; 2 
gnewspainel; 2 
jogaipornos; 2 
timao; 2 
feitosdepaixão; 2 
nãoexistequeijográtis; 2 
godofwar; 2 
dalheporco; 2 
egyptstation; 2 
dota2; 2 
artifact; 2 
posteiehsaicorrendo; 2 
saibaq; 2 
startups; 2 
solidariedade; 2 
grexcsc; 2 
sptxprc; 2 
cirãodamassa; 2 
fluminense; 2 
atentado; 2 
happy_jk_day; 2 
protectbtsinfortworth; 2 
youngjae; 2 
btsloveyourselftour; 2 
bangyongguk; 2 
onlytrustbap; 2 
answerishere; 2 
foreverwithbap; 2 
assedioehabitonocefet; 2 
paraná; 2 
depoisdonexus; 2 
gswmediaday; 2 
todentro; 2 
braxeua; 2 
lpfirsttime; 2 
torcidadeverdade; 2 
semnovidade; 2 
semprefoiassim; 2 
calamosatorcidamista; 2 
omaracaénosso; 2 
nadamudou; 2 
maiortorcidadobrasil; 2 
copadobrasilnosportv; 2 
twentyonepilots; 2 
thegroup; 2 
ios12; 2 
rivale; 2 
urubuzada; 2 
hojetemcorinthians; 2 
timedopovo; 2 
fluxcor; 2 
joaoamoedo30; 2 
circuitão; 2 
coizasqeuqueriater; 2 
querodizerumacoiza; 2 
lixo; 2 
torcidamodinha; 2 
mulheresunidascontrabolsonaro; 2 
ai; 2 
hsg; 2 
liverpoolpsg; 2 
descubra; 2 
gokabum; 2 
teotfw; 2 
lulapreso; 2 
nickfaz5; 2 
semlulaéciro; 2 
wallpaper; 2 
gocritic; 2 
unidospelospfc; 2 
hudsonpessini; 2 
lcchagasdesigner; 2 
jadepicon; 2 
eleitoral; 2 
anpr45anos; 2 
laroubonera; 2 
cpidarouanet; 2 
makebrazilzueraagain; 2 
saturdaymorning; 2 
remembergreys; 2 
vivonfl; 2 
testedefudelidade; 2 
famílias; 2 
contosdaf1; 2 
forbesbr; 2 
lulaécandidato; 2 
archie; 2 
eletambémnão; 2 
asiangames2018; 1 
doriafalsiane; 1 
fridayfeeling; 1 
infernoazul5anos; 1 
indeed; 1 
díadelabuelo; 1 
jobs; 1 
espnbomdia; 1 
cubs; 1 
mondaymotivation; 1 
dbacks; 1 
everybodyin; 1 
reds; 1 
order; 1 
fachpack; 1 
pelotri; 1 
casamentocaracteristicas; 1 
genteboademais; 1 
qdeusabencoemais; 1 
urn; 1 
mengodefé; 1 
elesnao; 1 
futebolivre; 1 
santosfc; 1 
pep; 1 
coaching; 1 
pelé; 1 
lost; 1 
pal2x0cor; 1 
trnossopalestra; 1 
domingãodoverdão; 1 
palvsint; 1 
50tpvemaí; 1 
marcaaesquerda; 1 
bomboudelicia; 1 
euvejotudoeninguemmever; 1 
bolsonaronarecord; 1 
marcoantoniovilla; 1 
cruxint; 1 
entreteiner; 1 
georgemichael; 1 
deplacanoespace; 1 
portaldosprocurados; 1 
upptabajaras; 1 
instagram; 1 
sweetheart; 1 
minhamulherquemanda; 1 
casalvermelho; 1 
craque; 1 
jogoupracaralho; 1 
messiblack; 1 
machadismo; 1 
tudonosso; 1 
museus; 1 
deutschland; 1 
história; 1 
alemanha; 1 
pod; 1 
plantas; 1 
clearwater; 1 
paunocudofhc; 1 
colômbia; 1 
tois; 1 
japan; 1 
tincoãs; 1 
cornetas; 1 
diganaoaomarxismoecomunismoesquerdista; 1 
46diasproenem; 1 
publi; 1 
mandavibes; 1 
copoacopobarelanches; 1 
felicidadeporumfio; 1 
vergonhaazul; 1 
linha25; 1 
vila_kennedy; 1 
cyclonenorte; 1 
troia; 1 
10k; 1 
fui; 1 
froid; 1 
capelinhabolapreta; 1 
teamchula; 1 
descanso; 1 
libertadoreséaqui; 1 
vumborasampaio; 1 
furiatv; 1 
vote69; 1 
defante2017; 1 
gostariadeter; 1 
livsou; 1 
tardezinhadoscria; 1 
ficocomraivaquando; 1 
ficabeltrao; 1 
vempraconvoca; 1 
tpg; 1 
lakersnation; 1 
shaq; 1 
shaqtin; 1 
lakers; 1 
juntospelotri; 1 
festade15anos; 1 
vamoscaralhooo; 1 
vem1k; 1 
márciofrança; 1 
voltafrio; 1 
fabio; 1 
bbmanchada; 1 
meritocracia; 1 
bancodeseries; 1 
atentadobolsonaro; 1 
belgium; 1 
frenchart; 1 
iran; 1 
czechia; 1 
gustavecourbet; 1 
fantinlatour; 1 
artnouveau; 1 
realism; 1 
sargent; 1 
jamestissot; 1 
serebriakova; 1 
shiraz; 1 
courbet; 1 
mikhailvrubel; 1 
shishkin; 1 
fernandogabeira; 1 
teamworld; 1 
ausopen; 1 
body; 1 
teameurope; 1 
edicao18; 1 
funk; 1 
profissãorepórter; 1 
medicina; 1 
sanguenoolho; 1 
incendionomuseunacional; 1 
selecao; 1 
falatino; 1 
98fcnoct; 1 
onu; 1 
voltaplinio; 1 
uruguai; 1 
bolsafamilia; 1 
gohomeonu; 1 
natashapresidente; 1 
cats61; 1 
augmentedreality; 1 
advertising; 1 
palpite; 1 
hadad; 1 
lugardabateriaépertodopovão; 1 
alkmim; 1 
mulambo; 1 
copasulamericana2018; 1 
lamentável; 1 
gpavsapr; 1 
semsódio; 1 
cafeecola; 1 
natural; 1 
timelulu; 1 
18tão; 1 
tiagoéocara; 1 
churca; 1 
joaocom6; 1 
cirotambemnao; 1 
indiedev; 1 
indiegame; 1 
brifersarcade; 1 
cfcxboa; 1 
chaxint; 1 
gebxcfc; 1 
capxvas; 1 
gabxcor; 1 
goout; 1 
tweetretroceratti; 1 
momentonostalgia; 1 
fábioavelar70123; 1 
legislaremproldocidadao; 1 
juntospodemos; 1 
oamadorvoltou; 1 
quemselembra; 1 
familiaamores; 1 
brucemartins1990; 1 
amadorvoltou; 1 
esseéomeujogo; 1 
legislar; 1 
saudeeprioridade; 1 
ozark; 1 
videoshowaovivo; 1 
chorapt; 1 
vote; 1 
vocenao; 1 
pique_de_vitóriaaa; 1 
demaiscedo; 1 
umas_de_minhas_embraza_baile; 1 
ehumamerda; 1 
odeiojava; 1 
tiradochicobento; 1 
tiradamonica; 1 
penadinho_tiradameianoite; 1 
tiradocebolinha; 1 
horacio_paginaavulsa; 1 
horariosalternativos; 1 
br6; 1 
fachin; 1 
ehagaiva; 1 
yopresidente2018; 1 
yoquale; 1 
perfilg; 1 
patriotsnation; 1 
nerd; 1 
games; 1 
derbi; 1 
ladygaganofantastico; 1 
astarisborn; 1 
reflexaododia; 1 
operaçãocondor; 1 
guidinglight; 1 
maniac; 1 
mclaren; 1 
f12018game; 1 
cruzeirãocabuloso; 1 
thebestfifafootballawards; 1 
fechadacomocruzeiro; 1 
billyonthestreet; 1 
sorrisão; 1 
수진; 1 
oquetaconteceno; 1 
fechadocomciro; 1 
gigantenomaraca; 1 
bulldog; 1 
cansado; 1 
bulldogfrances; 1 
aupfoxsports; 1 
pelosmotoristasdevan; 1 
partidovemmonstro; 1 
rogerinhopresidente; 1 
artesmarciasbravo; 1 
training; 1 
boxefight; 1 
muaythaifight; 1 
boxe; 1 
bravoartesmarciais; 1 
muaythaifigth; 1 
boxefighter; 1 
academiabravo; 1 
superclasico; 1 
fechafifa; 1 
cirocapitao; 1 
salnorabo2018; 1 
neymarchallenge; 1 
7x1; 1 
neyma; 1 
cruxpal; 1 
vamochape; 1 
eztc3; 1 
euescolhicorrer; 1 
trilha; 1 
conferênciainspire; 1 
sandyejunior; 1 
junior; 1 
sandy; 1 
feminina; 1 
anhembimorumbi; 1 
digitalmarketing; 1 
sandynósvozeles; 1 
trekking; 1 
conferenciainspire; 1 
facebook; 1 
sjc; 1 
chamaojr; 1 
mateusvive; 1 
éticaexperiênciaidentidade; 1 
aprovapl3921; 1 
pauloramosdeputadofederal1234; 1 
savethedate; 1 
ochoroélivreolulanão; 1 
mimimi; 1 
voltashaiene; 1 
war; 1 
mourãonagnews; 1 
icebridge; 1 
semmascara; 1 
piadaspower; 1 
oprotetor2; 1 
desfiliabancario; 1 
interuenp2k18; 1 
interuenp; 1 
sobefantasma; 1 
corvoloko; 1 
fatoseversoes; 1 
joaonaglobo; 1 
chegadeprivilegios; 1 
uberbrasil; 1 
applewatchseries4; 1 
uber; 1 
abelnofla; 1 
ripjornismo; 1 
newyork; 1 
parabénsrenato; 1 
csofull; 1 
bolsolixo; 1 
helene; 1 
isaac; 1 
levirculpinocorinthiansnao; 1 
vamosdecano; 1 
4x0; 1 
forçamáxima; 1 
diadepraia; 1 
daleeeboulos; 1 
bolsonarovive; 1 
nãoagridequemtrabalhaciro; 1 
todobien; 1 
thebestnaespn; 1 
saidoarmariobolsonaro; 1 
fraquejou; 1 
trump2022; 1 
acervooglobo; 1 
fcim; 1 
intertottenham; 1 
interforever; 1 
campeão; 1 
colxspfc; 1 
gm10; 1 
gbvswas; 1 
vaipracimadelessantos; 1 
minvsgb; 1 
gasset; 1 
pablaoputao69; 1 
pablao2k18; 1 
eleserve; 1 
choranão; 1 
decideai; 1 
doglovers; 1 
california; 1 
dogs; 1 
staysafe; 1 
romario; 1 
eunavida; 1 
genio; 1 
swfc; 1 
fpl; 1 
amoedoinsentao; 1 
naoquero; 1 
18tin; 1 
undertale; 1 
tranz; 1 
meme; 1 
tamakiamajiki; 1 
miriotogata; 1 
earthbound; 1 
bnha; 1 
linha22; 1 
linha19; 1 
podcast001dodjalandick; 1 
topmultimarcas; 1 
otd; 1 
potm; 1 
cristianoronaldo; 1 
juventussassuolo; 1 
teamestagiario; 1 
askluba; 1 
sorrybheart; 1 
guardapopular; 1 
paunocudogremio; 1 
campeãofifa; 1 
lulanapapuda; 1 
pertodofogo; 1 
voteisimprovar; 1 
cironeles; 1 
mentalhealth; 1 
worklifebalance; 1 
environmentalandresourceeconomics; 1 
agenorixxxperto; 1 
manguazeiros; 1 
caravanafamilia; 1 
redutooficial; 1 
montesclaros; 1 
pncf; 1 
redutoscelestes; 1 
raaaaaaaaajaaacorassaum; 1 
vamoscr7; 1 
viscabarça; 1 
blábláblá; 1 
errata; 1 
spfcxcha; 1 
leobianchi; 1 
brabao; 1 
vemcomigo; 1 
flaxcru; 1 
resumãoantagonista; 1 
conservadorismo; 1 
scruton; 1 
teameurope2018; 1 
spbopen; 1 
chavesnomultishowep121; 1 
block; 1 
daciolopresidente; 1 
vaipulaozzy; 1 
chama; 1 
awardsnotwitter; 1 
blackfriday; 1 
startyourimpossible; 1 
cirogomesnothenoite; 1 
kingnaldo; 1 
httv; 1 
jaguars; 1 
vamosmissão; 1 
ptnunca; 1 
gamedev; 1 
daora; 1 
ドット絵; 1 
nowanks; 1 
irmaosaobracompraevenda; 1 
capitulo80; 1 
irmaosaobra; 1 
reformaavenda; 1 
gneleições2018; 1 
alckmin45; 1 
valerasgarvestido; 1 
90diasparacasar; 1 
saimanoela; 1 
pedropelomundonognt; 1 
valetudonoviva; 1 
vocejacancelousuazh; 1 
115anosgremio; 1 
euqueromeupaísdevolta; 1 
senado; 1 
leosantananotvz; 1 
quemtemtemtudo; 1 
globofakenews; 1 
respeitofogo; 1 
frasedeldia; 1 
nice; 1 
turmadamêmica; 1 
jojoarrasa; 1 
ouniversoconspira; 1 
segundosol100; 1 
porchat2anos; 1 
postoipiranga; 1 
arianasemnoção; 1 
programadoratinho; 1 
enganacomigo; 1 
sóacho; 1 
cão; 1 
corridadebigas; 1 
superasegundamtvhits; 1 
finalcantacomigo; 1 
deusnocomando; 1 
desafio; 1 
timeteló; 1 
cozinhapraticanognt; 1 
vaiquecolaep06; 1 
williambonnerbarraqueiro; 1 
incrível; 1 
obstáculossuperados; 1 
negodoborel; 1 
musicaboaaovivo; 1 
cantacomigo; 1 
yorkshirebrasil; 1 
vamosboca; 1 
minhaesquerdistasecreta; 1 
gobills; 1 
brozovic; 1 
sampdoriainter; 1 
bhs2; 1 
mudadepaisnoblat; 1 
hojeediadecruzeiro; 1 
pesleague; 1 
6a1o; 1 
libertadoreseraca; 1 
bethesdadays; 1 
bolsonaro17eleito1ºturno; 1 
revel; 1 
vvz; 1 
forçadedé; 1 
ezequiel; 1 
foramaurocesar; 1 
calaboacamauro; 1 
chupatafarell; 1 
chupataffarel; 1 
estrelavermelha; 1 
갓세븐; 1 
got7; 1 
아가봉; 1 
got7officiallightstick2018; 1 
foxpremiumnao; 1 
caioedavi; 1 
vitorgabriel; 1 
saúdemental; 1 
projetovocêimporta; 1 
ansiedade; 1 
só; 1 
september11th; 1 
shinee; 1 
shinee_thestoryoflight; 1 
샤이니; 1 
thestoryoflight_epilogue; 1 
sema; 1 
tarcisionaband; 1 
fabtv; 1 
forçaaéreabrasileira; 1 
meirellesnopanico; 1 
bolsonarianas; 1 
palavraaberta; 1 
fifa19demo; 1 
lostinny; 1 
bragaboutyourgeneration; 1 
shotanabgs; 1 
stackis20888; 1 
bgs2018; 1 
toalltheboysilovedbefore; 1 
musiccore; 1 
joshreddick; 1 
bleepaquotetomakeitsounddirty; 1 
tudodobarão; 1 
prisãotemumacachu2bjs; 1 
força; 1 
victoryfriday; 1 
fémovemontanhas; 1 
50milnatoca3; 1 
osdonosdabolario; 1 
boicotefoxsportsbrasil; 1 
respondestjd; 1 
intxpal; 1 
obrigadotirone; 1 
diadepalmeiras; 1 
crowdfunding; 1 
pearljam; 1 
bolsonaro2018euvoto; 1 
oremosporbolsonaro; 1 
haddademanu; 1 
haddadnojg; 1 
vaicomominuâno; 1 
rossettogovernador13; 1 
haddadélulanatv; 1 
rossetogovernador; 1 
raiz; 1 
semmais; 1 
brothers; 1 
guarana; 1 
pitvsgb; 1 
green19; 1 
fruki; 1 
morningmood; 1 
diadogaucho; 1 
trapalhoes; 1 
zn; 1 
hitchcockmis; 1 
valeu; 1 
nflchallenge; 1 
mejulguem; 1 
blues; 1 
lambeaufield; 1 
goodvibesonly; 1 
morningmotivation; 1 
ferrari; 1 
barbudosbarbearia; 1 
steelers; 1 
french; 1 
sundaymood; 1 
kaiserbock; 1 
workhardplayhard; 1 
sabado; 1 
cheeseheads; 1 
gaucho; 1 
unfollow; 1 
gogreen19; 1 
psycho; 1 
tarcisionosbt; 1 
chineda; 1 
registagmelhorcoordenadorever; 1 
sg; 1 
vinicius; 1 
eleocaralho; 1 
eleseucu; 1 
diganãoacaçaasbaleias; 1 
bears; 1 
nygvsdal; 1 
aço; 1 
thebestfifafootballawards2018; 1 
rsnorumocerto; 1 
sartori15; 1 
cadedeociro; 1 
voltapaulonobre; 1 
cafe; 1 
ivannosporttv; 1 
missdesmatamento; 1 
witcher3; 1 
dosgaming; 1 
silmarils; 1 
signsthatitsfall; 1 
ciri; 1 
cosplay; 1 
deusex; 1 
visuallypunny; 1 
starwars; 1 
refletir; 1 
poloroecháproduções; 1 
cruzeironomineirão; 1 
happyprimavera; 1 
comunismonuncamais; 1 
melhordomundo; 1 
sergipe; 1 
geflu; 1 
aquelegolaço; 1 
s04; 1 
bundesliga; 1 
fcn; 1 
lilotirabarba; 1 
boladona; 1 
tqa; 1 
respeita; 1 
colombiahumana; 1 
jujutrembalinha; 1 
irpf; 1 
democraciacorinthiana; 1 
vangogh; 1 
cpmf; 1 
ogrito; 1 
museunacionalrj; 1 
pinochet; 1 
terçadaexebição; 1 
terçadosdecotes; 1 
terçadasdesinibidas; 1 
quem; 1 
gryphons; 1 
spoxcru; 1 
fut11; 1 
futebol11; 1 
dilsinho; 1 
cruel; 1 
d; 1 
capxgre; 1 
thenun; 1 
ctesporteclubeprogresso; 1 
talagasso; 1 
jaelcruel; 1 
fechadocomoandré; 1 
9raiz; 1 
arbitragem; 1 
arena; 1 
ferrugem; 1 
pelotas; 1 
cavadinha; 1 
osguri; 1 
queremosbolsonaropresidente; 1 
tozzacam; 1 
sejagigante; 1 
sejaumgigante; 1 
workhard; 1 
nygvshou; 1 
gobigblue; 1 
opioidepidemic; 1 
ser; 1 
deusnaoestamorto; 1 
homem; 1 
pensamentododia; 1 
boserpeach; 1 
クッパ姫; 1 
bowser; 1 
peachette; 1 
pcdob; 1 
pelointer; 1 
nãotenhocandidato; 1 
eunaotenhocandidato; 1 
quemomento; 1 
semprejuntos; 1 
teamodemais; 1 
demaaaaais; 1 
rainhamarta; 1 
nãoésófutebol; 1 
forarollemberg; 1 
foratemer; 1 
nãoàsarmas; 1 
bolsonaronunca; 1 
pracimadelesmengo; 1 
tuaglóriaelutar; 1 
equipe; 1 
antifascistas; 1 
debatecorreio; 1 
máximorespeito; 1 
socorro; 1 
mitoenganador; 1 
alckiminnão; 1 
ciro12pdt; 1 
mourão; 1 
lotr; 1 
qotsa; 1 
gameclube; 1 
tolkien; 1 
psdb; 1 
brasilforadaonu; 1 
casalstyle; 1 
fanfic; 1 
fanfiction; 1 
biscoito; 1 
corrida; 1 
comebol; 1 
somosaresistência; 1 
everybodyhateschris; 1 
comer; 1 
sextafire; 1 
dormir; 1 
babyshark; 1 
brasileiro; 1 
ttpapa; 1 
cancelarsociotorcedor; 1 
wpf; 1 
romario19; 1 
gefla; 1 
cancelarsociotorcedorseaposturanaomudar; 1 
turmadoromario; 1 
s1live; 1 
verguenzaconmebollibertadores; 1 
miteirinho; 1 
twitterfoivendidoaofacebook; 1 
grenalnaband; 1 
walkinfaithnotbysight; 1 
flu; 1 
amoedonoflu; 1 
maisumrolê; 1 
comeonchelsea; 1 
comeonblues; 1 
w22; 1 
chelseafc; 1 
quepaiseesse; 1 
ttsff; 1 
euaindanaoengolei; 1 
wsl; 1 
nxttakeover; 1 
gohawk; 1 
forçalesão; 1 
grexcat; 1 
windpower; 1 
sepope; 1 
inglesnaespn; 1 
nadadeboanoite; 1 
bailedoilhao; 1 
baileda90; 1 
alvinegro; 1 
sábadodetremurasdv; 1 
freeme; 1 
mostralulaglobo; 1 
livresdolula; 1 
vasxecb; 1 
jogamosjuntos; 1 
uberdogigante; 1 
boradeuber; 1 
vempracolina; 1 
reidecopas; 1 
gremioenespañol; 1 
douradopéduro; 1 
todosnaarena; 1 
restam14; 1 
osgretchens; 1 
80s; 1 
retrowave; 1 
vaporwave; 1 
aesthetic; 1 
cyberpunk; 1 
synthwave; 1 
purple; 1 
cdprojektred; 1 
aesthetics; 1 
barroso; 1 
rjoltda; 1 
abelbraga; 1 
marianagodoyentrevista; 1 
semfiltro; 1 
cafedas6sp; 1 
br18; 1 
cadeojair; 1 
bonoro2018; 1 
jornalismodequalidade; 1 
gepaysandu; 1 
naoexisteesquerdistagratis; 1 
deusfamíliabolsonaro; 1 
hojetemgalo; 1 
corxcam; 1 
atleticanosegueatleticano; 1 
gpsingapur; 1 
sempregalo; 1 
paixãodopovo; 1 
piorprogramadetv; 1 
todosporumideal; 1 
terror; 1 
poket; 1 
smartfit; 1 
foco; 1 
microbully; 1 
americanbully; 1 
smartni; 1 
éafazenda; 1 
piada; 1 
3anosbabandoovosemprelista; 1 
tatendo; 1 
éusguu; 1 
prayfornevenoseua; 1 
empresáriometiradaqui; 1 
lgbtqtwiter; 1 
spotify; 1 
applemusic; 1 
posedequebrada; 1 
itatiaianãoperdeclássico; 1 
mariaeuseiquevocetreme; 1 
antifabitch; 1 
wilson20governador; 1 
mprj; 1 
salmo121; 1 
quemmandomatarbolsonaro; 1 
inbeach; 1 
aparecida; 1 
heyy; 1 
planetabizarro; 1 
detestoquandofalam; 1 
vemverdita; 1 
cornellmba; 1 
cariocanoaltashoras; 1 
vemabel; 1 
foratite; 1 
vemrenato; 1 
carioca; 1 
votoésecreto; 1 
gifjoyci; 1 
fachinvergonha; 1 
merenda; 1 
geraldoalckminsanto; 1 
principe; 1 
uolfakenews; 1 
direitanogab; 1 
oglobofakenews; 1 
teamfonedeouvido; 1 
amoedonosdebates; 1 
petrolina; 1 
silenthill; 1 
palmeirasdublin; 1 
tomorrowlandmarixv; 1 
vascoxbahia; 1 
lifeisstrange2; 1 
warcraftrocks; 1 
hollywoodundead; 1 
shimisback; 1 
ohshitnice; 1 
iowa; 1 
hu6; 1 
sofreu; 1 
pelogramacho; 1 
enzofez3; 1 
bolinhosimplesmaiscomamor; 1 
esseéomeumlk; 1 
domingodegelo; 1 
lutero; 1 
inspirebrasil2018; 1 
cauêvieira; 1 
g2; 1 
dora; 1 
colodetio; 1 
isis; 1 
papitoídolo; 1 
tetraemeio; 1 
theo; 1 
biweek; 1 
whyididntreport; 1 
pesquiseantesdevotar; 1 
filha; 1 
souousado; 1 
émiguel; 1 
oldschoolbarber; 1 
acorrentadosmc; 1 
mc; 1 
wtf; 1 
acmc; 1 
conmebolsudamericana; 1 
wakeupbruv; 1 
bbb18; 1 
obreirosuniversal; 1 
jejumdedaniel; 1 
16ºdiadojejumdedaniel; 1 
congressorenovação; 1 
fjusaopaulo; 1 
fechadocomoademir; 1 
vaipracimadeles; 1 
elpaloseromper; 1 
parmerameajuda; 1 
libertarian; 1 
oatirador; 1 
deusestánocontrole; 1 
rgsofia1018; 1 
not; 1 
rgsofia2018; 1 
fotografia; 1 
realbetis; 1 
theshow; 1 
13reasonswhy; 1 
athletic; 1 
fortnitebattleroyale; 1 
nationalvideogamesday; 1 
sun; 1 
sou17; 1 
verão; 1 
sol; 1 
têbêtê; 1 
nba; 1 
cadearaça; 1 
péssimonegócio; 1 
paulocoelho; 1 
funkraiznotvz; 1 
brasilacimadetudoedeusacimadetodos; 1 
soumulhervotobolsonaro; 1 
dance; 1 
dose; 1 
sports; 1 
icehockey; 1 
workoutwednesday; 1 
icehockeyplayer; 1 
bmw; 1 
bmwexperience; 1 
spygate; 1 
raddad; 1 
malddad; 1 
cadeamerenda; 1 
jaiminho; 1 
namídia; 1 
incendiomuseunacional; 1 
cruxflu; 1 
mulheresapoiambolsonaro; 1 
parabénsamigo; 1 
faustão; 1 
siqueira; 1 
filipe; 1 
historynotícias; 1 
unisex; 1 
euaxbra; 1 
lider; 1 
diganaoaopt; 1 
pingosnosis; 1 
jerva2018; 1 
bom_dia; 1 
cirosimpostenao; 1 
debateraiz; 1 
prêmiomultishownotvz; 1 
premiomultishow; 1 
cbn; 1 
novonaprática; 1 
todovotoconta; 1 
espíritoolimpico; 1 
steptembernz; 1 
sóvermelho; 1 
quemperdoaédeus; 1 
vote18marina; 1 
eleiçõessjcc; 1 
votobolsonaro; 1 
votobolsonaro13; 1 
morningshow; 1 
fcporto; 1 
alleyesnorth; 1 
estadiododragao; 1 
fcpmfc; 1 
thelastdance; 1 
0doubt; 1 
nbabday; 1 
bemvindojorge; 1 
lbj; 1 
dubnation; 1 
theresurgence; 1 
voteconsciente; 1 
wethenorth; 1 
nbabrasil; 1 
estadoéquadrilha; 1 
porquenaoamoedo; 1 
satisfação; 1 
majorsix; 1 
éinegávelque; 1 
tudoqueprecisoé; 1 
domingoelitedosdv; 1 
sóvemsetembro; 1 
obrasilfel; 1 
larissamanoela; 1 
recvsbot; 1 
vaicorintia; 1 
ofantasmadaópera; 1 
bandas; 1 
vida; 1 
dois; 1 
gympass; 1 
fitness; 1 
jovempanpatos; 1 
cadoroeventos; 1 
verdades; 1 
eventos; 1 
rádio; 1 
casal; 1 
degusta; 1 
aventura; 1 
saldavel; 1 
empresta; 1 
fitnessmotivation; 1 
sofaloasverdades; 1 
centershopping; 1 
cuidado; 1 
sbtbrasil; 1 
domingolegal; 1 
somostricolordeportoalegre; 1 
bbqbrasil; 1 
asaventurasdepoliana093; 1 
eliana; 1 
megasenha; 1 
indynogp; 1 
eternagratidão; 1 
proteger; 1 
salvar; 1 
jerryewmnotvz; 1 
hajacoração; 1 
pjl; 1 
namorando; 1 
cabodaciolo; 1 
timesup; 1 
believesurvivors; 1 
bolsocirogay; 1 
comunidade_do_manguinhos; 1 
cv; 1 
ineedu; 1 
seesaw; 1 
suga; 1 
btsxunitednations; 1 
novelajesus37; 1 
serjoveméservisionário; 1 
jesuscurajudastadeu; 1 
setembrodourado; 1 
trance; 1 
psychedelic; 1 
rave; 1 
psytrance; 1 
celtic4life; 1 
inovadora; 1 
acao; 1 
forcapresidente; 1 
flaviobolsonaro177; 1 
forcamito; 1 
yesheisbr; 1 
partiuescola; 1 
pocopocopoco; 1 
masterofspeed; 1 
pocophonef1; 1 
nalcs; 1 
50milnoarruda; 1 
tsmwin; 1 
babilôniagrená; 1 
btscomgum; 1 
estamoscontigorodolfo; 1 
edgwin; 1 
s04win; 1 
lck; 1 
ondetembotafogotemamor; 1 
trnilton; 1 
damonlindelof; 1 
my3wordlegacy; 1 
ksivslogan; 1 
watchmenhbo; 1 
occupymars; 1 
pricila; 1 
brabodemais; 1 
príncipethéo; 1 
parquedemadureira; 1 
pass; 1 
sfd; 1 
evewhu; 1 
realmadridleganés; 1 
ariel; 1 
supervasco; 1 
altashorascompabllovittar; 1 
dellealichallenge; 1 
superdrags; 1 
sampaiocorrea; 1 
anittanaplaylist; 1 
worldsuicidepreventionday; 1 
ufc229; 1 
caguei; 1 
ufc229pressconference; 1 
timeivete; 1 
barçagirona; 1 
برشلونة; 1 
ميسي; 1 
tocaaquela; 1 
terceirização; 1 
palxsccp; 1 
choraporco; 1 
calaabocacirodenovo; 1 
musicaboa98esportes; 1 
10yearsofdontforget; 1 
leaveselenaalone; 1 
latinamas; 1 
artistafavoritocrossover; 1 
freeson; 1 
k9; 1 
backtohogwarts; 1 
carente; 1 
craquedojogoevertonribeiro; 1 
briga; 1 
londonfilmfestival; 1 
onlyyou; 1 
bichinhos; 1 
engracada; 1 
eletambemsim; 1 
muito; 1 
elatambemsim; 1 
sala; 1 
mundo; 1 
fofos; 1 
legal; 1 
bomdiabrasil; 1 
umdianosaprender; 1 
vamosaluta; 1 
filmecompipoca; 1 
espalheeternidadenotwitter; 1 
halloweenmovie; 1 
grevenaliberta; 1 
zicadoale; 1 
centenário; 1 
falconsvseagles; 1 
gbxmin; 1 
quemmatouanderson; 1 
novonavio; 1 
capricórinio; 1 
epicbrozo; 1 
delleallichallenge; 1 
grime; 1 
ohnoisaqui; 1 
beatbasshightech; 1 
judorotea; 1 
yyyoni; 1 
lançamento; 1 
clipe; 1 
rap; 1 
smcvr; 1 
leao; 1 
produçao; 1 
embreve; 1 
tanojogo; 1 
mucb; 1 
fcsn; 1 
killabi; 1 
salapreta; 1 
xvdaeloá; 1 
vidajovem; 1 
ocoisosim; 1 
saltbaesuportvenezuelangenocide; 1 
baìía; 1 
doismundos; 1 
vaiiicorinthiansssss; 1 
deusfamiliabrasil; 1 
luan; 1 
maislidas; 1 
l_nao; 1 
lud; 1 
euamoainternet; 1 
ridiculodoano; 1 
foda; 1 
demaaaaaiiisss; 1 
academiabrasileiradeletras; 1 
escroto; 1 
bancodereservacartolafc; 1 
gosaints; 1 
blackandgoldfriday; 1 
liverpool; 1 
trmineirao; 1 
bottledupoutnow; 1 
mengao; 1 
shadowofthetombraider; 1 
blackout; 1 
macgyverbr; 1 
ganso; 1 
amiens; 1 
tahitipro; 1 
brazilianchampionship; 1 
jrnews; 1 
11september; 1 
quagliarella; 1 
bestfans; 1 
keepsigning; 1 
circo; 1 
playerunknownsbattlegroundslançamentodojogocompleto; 1 
caindoemtentação; 1 
gurisdindio; 1 
fimdestaglobourgente; 1 
jacancelousuazhhoje; 1 
liveinvip; 1 
motivacional; 1 
elanunca; 1 
bumbumnoar; 1 
seriec; 1 
sigofirme; 1 
jafui; 1 
deusvocêeocara; 1 
partidonovo30; 1 
tsunamilaranja; 1 
centraldotorcedor; 1 
melevableo; 1 
mariavaicomasoutras; 1 
vcfjuve; 1 
vamugalo; 1 
juve; 1 
parei; 1 
beijosemimos; 1 
esquinamaldita; 1 
vemprarcve; 1 
xvdaalice; 1 
cibixv; 1 
quepopoéesse; 1 
éorapéofunk; 1 
engenhonovo; 1 
criancaesperanca; 1 
luladrao; 1 
et; 1 
barçaalavés; 1 
fredpalmeiras; 1 
hashtag; 1 
11desetembro; 1 
daciolopresidente2018; 1 
guiguifaz1; 1 
imagemdarodada; 1 
nopsg; 1 
futgloboradio; 1 
airjordan; 1 
preparetofly; 1 
vaiparmera; 1 
uniaopagaseusalario; 1 
vamosganharporco; 1 
zeelitonvencedebatetbc; 1 
sbt; 1 
thenoite; 1 
debatetbc; 1 
pagodedobm; 1 
bailedobm; 1 
bailedobeiramar; 1 
constelação; 1 
prachorar; 1 
seleçãoagosto; 1 
jec; 1 
jecfutsal; 1 
tubarão; 1 
jaraguá; 1 
orlataumana; 1 
minas; 1 
lnf; 1 
joinville; 1 
catarinense; 1 
lnf2018; 1 
voxelart; 1 
dzy; 1 
render; 1 
voxel; 1 
magicavoxel; 1 
autumn; 1 
voxels; 1 
3drender; 1 
3d; 1 
victorian; 1 
deplacanospacel; 1 
porchatespecial; 1 
putaço; 1 
outraaaaa; 1 
cansadooo; 1 
tomaaaaaaaa; 1 
nãomedecepciona; 1 
retuítesevocê; 1 
expertxp2018; 1 
xpexpert2018; 1 
awareness; 1 
getatme; 1 
rainingblood; 1 
turnup; 1 
bbnao; 1 
rocknroll; 1 
joaoamoedopresidente; 1 
goldenpraadocao; 1 
bikerlife; 1 
rockandroll; 1 
alckminnojn; 1 
biker; 1 
rockabilly; 1 
musicianlife; 1 
musician; 1 
bikerlifestyle; 1 
piauiprimeiromundo; 1 
todeferias; 1 
vergonhadeserbrasileiro; 1 
vemdaciolo; 1 
apoiarsempre; 1 
ihrapaiz; 1 
minasmereceonovo; 1 
lulaepresidario; 1 
durvaldotri; 1 
verguezaconmebol; 1 
foraabad; 1 
cheesehead; 1 
flash; 1 
scrum; 1 
agil; 1 
squads; 1 
vidadepai; 1 
humor; 1 
9gag; 1 
rodrigodourado; 1 
maicon; 1 
maratodadodjfagner20; 1 
newprofiiepic; 1 
invincibles; 1 
afc; 1 
coyg; 1 
arsenal; 1 
f1nazglobo; 1 
oakvsmia; 1 
santuarioeuapoio; 1 
heatculture; 1 
justisebetter; 1 
wade; 1 
fórmula1naglobo; 1 
metlifetakeover; 1 
miaminorth; 1 
vamosanta; 1 
miami; 1 
americanday; 1 
css; 1 
html; 1 
manhattanconnection; 1 
boycottsaltbae; 1 
forçacapitao; 1 
estamosfazendoacampanhaporvocê; 1 
porquebolsonaro; 1 
rodadafox; 1 
quem_quer_me_ter; 1 
rtrtrtrt; 1 
rocinha; 1 
6hrsdepé; 1 
somospalmeiras; 1 
socioavanti; 1 
queremosataça; 1 
alviverdesimponentes; 1 
somosavanti; 1 
laikadopapai; 1 
kart; 1 
perdealinha; 1 
perfeicao; 1 
army; 1 
trivia; 1 
theanswerishere; 1 
pca; 1 
imfine; 1 
gustavolimaevoce; 1 
saranghae; 1 
maisamormenosbolsonaro; 1 
somostodoscumplices; 1 
mostra; 1 
chupagambá; 1 
lulaéinelegivel; 1 
sub20naespn; 1 
oplano; 1 
ouçakarma; 1 
bbbanco; 1 
pracimadeles; 1 
aislandiaeaqui; 1 
top3; 1 
devastated; 1 
devendomuito; 1 
euacreditonogordinho; 1 
tarcísionorjtv; 1 
lgbtscontrabolsonaro; 1 
salveowalter; 1 
calabocagentili; 1 
meudia19; 1 
dalvssea; 1 
oakvssea; 1 
seahawks; 1 
gohawks; 1 
relationshipgoals; 1 
forçacássio; 1 
seavschi; 1 
seavsden; 1 
nsfw; 1 
cityol; 1 
matchdaylive; 1 
roaunetnao; 1 
cameroon; 1 
godisgood; 1 
shadowhuntersseason3; 1 
thescififantasyshow; 1 
saveshadowhunter; 1 
台風21号; 1 
大阪; 1 
clace; 1 
shadowhunters; 1 
saveshadowhunters; 1 
faze5; 1 
tbtfoxsports; 1 
vemchegandovocê; 1 
homensdeverdade; 1 
textos; 1 
trechos; 1 
cuidadocomfakenews; 1 
rocketsmediaday; 1 
palmeirasminhavidaevoce; 1 
allianzparque; 1 
ataçalibertadoresobsessão; 1 
104anos; 1 
palxbah; 1 
alomãe; 1 
colxpal; 1 
comvoceateofim; 1 
casadoverdão; 1 
militãoéseleção; 1 
followthefirst; 1 
vamossaopaulo; 1 
avuá; 1 
lolósim; 1 
aprendeucdb; 1 
fase; 1 
ggwp; 1 
gowp; 1 
missclicktv; 1 
あまつ様; 1 
gentilitemrazao; 1 
billy; 1 
personagem; 1 
beagle; 1 
herói; 1 
boasvindasabordo; 1 
odisseia; 1 
oss; 1 
ajudeumzidiotti; 1 
lutopelopaidetodos; 1 
ahatintime; 1 
cutiesaturday; 1 
meetthedev; 1 
ahit; 1 
fanartfriday; 1 
tatbilb; 1 
beer; 1 
americanfootball; 1 
hoegaarden; 1 
cerveja; 1 
danielmal; 1 
naoaviolencianinja; 1 
mamaejaama; 1 
dindatbbbb; 1 
primotbm; 1 
forçaguilherme; 1 
tonidozane; 1 
cironojornaldaglobo; 1 
bolsonaroemourao; 1 
elessim; 1 
meirellesnopânico; 1 
mentesdepressivas; 1 
hbobr; 1 
respeito; 1 
jornalismo; 1 
r7; 1 
thedeuce; 1 
aporladecimocuarta; 1 
juntocomosantos; 1 
vergonhaibope; 1 
hexabilidade; 1 
foraandressanchez; 1 
stefankarl; 1 
dragonenergy; 1 
candidatolitrao; 1 
augustaconnection; 1 
apae; 1 
joãonosbt; 1 
reviravoltanaeleição; 1 
amoêdonopânico; 1 
joãoamoêdonosdebates; 1 
bbc; 1 
nasa; 1 
plutão; 1 
opressora; 1 
chupamundo; 1 
gleriani17; 1 
menosdrama; 1 
étois; 1 
nemcavaloaguenta; 1 
coxinhaxmortadela; 1 
jasc2018; 1 
santostimedavirada; 1 
pinheiropreto; 1 
essepê; 1 
showdosesportes; 1 
caçador; 1 
radiovitoriaam; 1 
parqueecologicotiete; 1 
aberturajasc2018; 1 
mulhernaovotaembozo; 1 
katzoporra; 1 
cuteness; 1 
comeoncity; 1 
pazbarbuda; 1 
renaultseguindorenault; 1 
testedeidademental; 1 
esquizofrenóias; 1 
flaviamelissa; 1 
meninasdafirma; 1 
mf; 1 
central98; 1 
corridacontraocancer; 1 
saveelephants; 1 
runforyourlife; 1 
akihito; 1 
correndocontraocancer; 1 
savewildlife; 1 
finlândia; 1 
glamping; 1 
animalrights; 1 
nolla; 1 
elephantsincrisis; 1 
theflash; 1 
1001cn; 1 
ochoroélivreeo0tbm; 1 
emmovimento; 1 
vamosespaña; 1 
unanuevailusión; 1 
almaecoracao; 1 
20tão; 1 
g1piaui; 1 
ele; 1 
salah; 1 
voltacristovãoborges; 1 
cor0x1gre; 1 
bolsonarono1oturno; 1 
suamalvada; 1 
grabovoi; 1 
reprisemasterchef; 1 
lacasadepapel; 1 
machistasnãopassarão; 1 
põenodvd; 1 
peliculacapa; 1 
obrigado; 1 
bouloinvadiumeucoração; 1 
vamossemmedo; 1 
boulosnatvaparecida; 1 
sdnfla; 1 
guerrero; 1 
flaxcea; 1 
bolsomito17; 1 
henrique_dourado; 1 
luxa_no_flamengo; 1 
isso_aqui_é_flamengo; 1 
presidente_bolsonaro17; 1 
ceflador; 1 
luxa_no_mengaaoo; 1 
cironão; 1 
centralfoxbrasil; 1 
santossempresantos; 1 
sejasócio; 1 
lagoasanta; 1 
portedearmas; 1 
mensalinhodotwiter; 1 
vamosraposa; 1 
realsocieadbarça; 1 
haddadédéciolima; 1 
lulaecandidato; 1 
freelula; 1 
haddadpresidente13; 1 
haddadélula13; 1 
copadobrasilfoxsport; 1 
semmundial; 1 
buenosaires2018; 1 
copafabiosports; 1 
sus; 1 
diadelutadaspessoascomdeficiência; 1 
gratidao; 1 
forarollo; 1 
mg1; 1 
ドット絵版毎日真剣60分1本勝負; 1 
badjokefriday; 1 
piazadadocouto; 1 
fluxcfc; 1 
fina; 1 
swc18; 1 
50breast; 1 
forcabeto; 1 
cfcxflu; 1 
ofantasmasubiu; 1 
coxacoxadoido; 1 
doha; 1 
atédaquiaporto; 1 
spagna; 1 
sextadosmamilos; 1 
sabadodoboquete; 1 
sonocú; 1 
estamoscontigodede; 1 
capxprc; 1 
blablablametro; 1 
timbeta; 1 
cancaonova; 1 
alex_brunelly; 1 
ronaldinhoart; 1 
tropada41fest; 1 
pubg; 1 
detretaemtretaeuvou; 1 
trpalestra; 1 
aposentareinaldo; 1 
calabocavilla; 1 
aposentereinaldo; 1 
emelhorjairseacostumando; 1 
strangerthings; 1 
mouraonajovempan; 1 
fotocomcelular; 1 
doleitordc; 1 
amofotogranulada; 1 
joinvillefazbem; 1 
viversc; 1 
flaviomultimarcas; 1 
ecc; 1 
sónoflaviomultimarcas; 1 
pretinhosdejesus; 1 
pj; 1 
cenpecnaseleições; 1 
educaçãocontradesigualdades; 1 
juca13; 1 
catapora; 1 
saúdesemfakenews; 1 
égolsportv; 1 
haddadélula18; 1 
sabatinasnoglobo; 1 
makingofmonday; 1 
caminhoneiros; 1 
intervençãomilitar; 1 
cometa; 1 
mourão2018; 1 
oculusgo; 1 
schwarzenegger; 1 
vamosfalarsobreleite; 1 
terminatorgenisys; 1 
lillydiabetes250; 1 
tfw; 1 
enfeite; 1 
brickyard400; 1 
bolsolulalivre2018; 1 
g1pernambuco; 1 
aerotrem; 1 
prontofalei; 1 
consuladosep; 1 
sorte; 1 
fifa18; 1 
sad; 1 
paulistao; 1 
felizcombolsonaro; 1 
giganteleo; 1 
somostodosiguais; 1 
opemfamília; 1 
somostodosgigantes; 1 
opalhures; 1 
investigafederal; 1 
independenciadobrasil; 1 
nosdois; 1 
naotempreco; 1 
sampa; 1 
descansando; 1 
oquepodefazerpormimhoje; 1 
meumenino; 1 
exercito; 1 
meubebe; 1 
melhoramigodohomem; 1 
assisindobita; 1 
mundobita; 1 
mamaeepapaiama; 1 
patriaamadabrasil; 1 
ticoguapo; 1 
papaiama; 1 
blindado; 1 
nadamais; 1 
cachorros; 1 
beautifulbaby; 1 
cao; 1 
nuncanemvi; 1 
ponte; 1 
exercitobrasileiro; 1 
uel; 1 
conferenciariscozero; 1 
riscozero; 1 
somostodoskaefer1166; 1 
90slegendday; 1 
desumilde; 1 
diadogamer; 1 
cetogenica; 1 
avantijairmessiasbolsonaro; 1 
avantibolsonaro; 1 
bolsonaroneles; 1 
tobrabo; 1 
saidaminha; 1 
8meses; 1 
petkovic46; 1 
alabama; 1 
eeuu; 1 
mondaymorning; 1 
ihatemondays; 1 
annitaisoverparty; 1 
eudepilo; 1 
eunão; 1 
karma; 1 
blackboard; 1 
brtxt; 1 
ceaxvit; 1 
diadevitória; 1 
shamanreunion; 1 
shaman; 1 
seavslac; 1 
collegenaespn; 1 
深夜の真剣お絵描き60分一本勝負; 1 
ひまあーと; 1 
少女前線; 1 
arknights; 1 
odaibako_windorche; 1 
lacradainvertida; 1 
battleforazeroth; 1 
palmeirasdegoiás; 1 
haddadirádarindultoparalula; 1 
ptquebrouobrasil; 1 
lulamachista; 1 
celsodaniel; 1 
haddadpostelula; 1 
nãoacorrupção; 1 
haddaddaráindultoaolula; 1 
haddadpostelulanão; 1 
ptquebroubrasil; 1 
pelaverdade; 1 
diasruinsseavizinham; 1 
caminhada45; 1 
nofakenews; 1 
assessoria; 1 
corrupção; 1 
ironia; 1 
lulapresidiário; 1 
resistencia148dias; 1 
aglobovetaeuvoto; 1 
planolula; 1 
linha24; 1 
voudeciro; 1 
fechadocomamáfia; 1 
flaxgalo; 1 
forçabrunosilva; 1 
daciolo51; 1 
astrothreadbr; 1 
eusim; 1 
madeincotia; 1 
geekcity; 1 
heros; 1 
osegredodaboafoto; 1 
himym; 1 
melhormerchant; 1 
superman; 1 
ucinageekcity; 1 
xvdaanaju; 1 
daciolosim; 1 
vaitomarnocuminasarena; 1 
sócio5estrelas; 1 
60mil; 1 
chacotadobrasil; 1 
humpday; 1 
earthquake; 1 
pigs; 1 
mulherescombolsoanaro; 1 
medporamor; 1 
foconojaleco; 1 
mesolta; 1 
eb; 1 
engenharia; 1 
poesiacomrapadura; 1 
psicologiaporamor; 1 
ottrj; 1 
cirogomesnao; 1 
seguimosnaluta; 1 
diadeflamengo; 1 
alôchefedeixaeuemcasa; 1 
lacrou; 1 
gobrownies; 1 
m12; 1 
x18; 1 
cachoeirinhars; 1 
gravatairs; 1 
vilanovacachoeirinha; 1 
gravatai; 1 
cachoeirinha; 1 
gravataí; 1 
promocao; 1 
bordercollie; 1 
prouddeplorable; 1 
sublimação; 1 
síria; 1 
malásia; 1 
lab2018; 1 
curdos; 1 
votemeirelles15; 1 
itália; 1 
desistam; 1 
superou; 1 
lacrei; 1 
chamaquemsabe; 1 
showdoesporte; 1 
mostrasuacarabrasil; 1 
jr; 1 
vemsetembro; 1 
botafogotv; 1 
torcedoralvinegro; 1 
joelinton; 1 
foraarnaldo; 1 
redcard; 1 
coelhomachadoartes; 1 
éboato; 1 
freddiemercury; 1 
tirasarmandinho; 1 
operacaopolicial; 1 
marieseverin; 1 
coelhomachado; 1 
groot; 1 
pinturaartistica; 1 
artesanato; 1 
9bpm; 1 
spiderwoman; 1 
typhoonmanghkut; 1 
faltapoucoparao; 1 
latribonera; 1 
blogs; 1 
cfc2018; 1 
tjb49anos; 1 
amaistradicional; 1 
radiont; 1 
avozdaesp; 1 
serdiscipulo; 1 
thewhitelist; 1 
amor; 1 
odeiocomunismo; 1 
cearasc; 1 
tuite0800; 1 
cscxvit; 1 
ascoisasvãomelhorar; 1 
facada; 1 
cadeosangue; 1 
svu; 1 
svu20; 1 
acdc; 1 
zoeiraneverends; 1 
aben; 1 
soe; 1 
timao108; 1 
giveaway; 1 
travisscott; 1 
bgaleagues; 1 
cuellar; 1 
vocênãoestásozinho; 1 
falaciro; 1 
semcandidato; 1 
votoconscienteéaúnicasolução; 1 
nãoestoudebobeira; 1 
omecanismo; 1 
baydababy; 1 
meudia; 1 
mensalinhodocoroné; 1 
paulistinhaday; 1 
salãodefestadocorinthians; 1 
criançaesperança2018; 1 
villarrealgirona; 1 
uptheante; 1 
freedomfighterorchestra; 1 
ralphbreakstheinternet; 1 
welcometobrazilnicki; 1 
5x0; 1 
deustavendo; 1 
basegremista; 1 
gobd; 1 
rixtycrossfire; 1 
pirula; 1 
venezuelatiembla; 1 
bolsonaronosestadios; 1 
soribadaawards2018; 1 
watfordfc; 1 
sabedenadacirogomes; 1 
tiraoalvez; 1 
we_go_up; 1 
vivoazzurro; 1 
palcoultra; 1 
azzurri; 1 
federerxdjokonosporttv; 1 
seb5; 1 
italiapolonia; 1 
jackryan; 1 
complimentiairagazzi; 1 
kimi7; 1 
primevideo; 1 
setembrosemprechega; 1 
parmajuve; 1 
atlvsphi; 1 
soninho; 1 
catslovers; 1 
cats; 1 
nick; 1 
amorzinho; 1 
internautas; 1 
webmigos; 1 
nationalnewyorkday; 1 
fnm; 1 
oreidojump; 1 
chupavinny; 1 
dermilivre; 1 
teamkaio; 1 
melhorgrupo; 1 
vamoosbeirario; 1 
mitodecarapebus; 1 
fliegerbombelu; 1 
cola; 1 
cadeianeles; 1 
rumoaoxerife; 1 
seenvolve; 1 
bailedemaluco; 1 
hiulipresidente; 1 
aguardem; 1 
planetasportv; 1 
florencenc; 1 
katrina; 1 
firenado; 1 
florencehurricane; 1 
bonderenault; 1 
afazenda2018; 1 
somostodos; 1 
uaiforadilma; 1 
deusolivre; 1 
sonhaalice; 1 
deusacimadetudo; 1 
reflita; 1 
6cm; 1 
sextouuu; 1 
gatosecodocaralho; 1 
tudoaovivodjnegueba; 1 
pai; 1 
mãe; 1 
valorize; 1 
g2army; 1 
ksivlogan; 1 
leiliv; 1 
bolsopicles; 1 
killingeve; 1 
rougenoraulgil; 1 
tvz; 1 
rougenofaro; 1 
proerd; 1 
eunovma; 1 
giovannachaves; 1 
finnwolfhard; 1 
asaventurasdepoliana073; 1 
romarionaband; 1 
riodasostras; 1 
botucatu; 1 
premiocongressoemfoco; 1 
guaruja; 1 
fazerobemebom; 1 
vartomanocu; 1 
sónoperíododaexpo; 1 
umloveparathaissa; 1 
dohad; 1 
physicalexercise; 1 
exerciciofisico; 1 
science; 1 
14k; 1 
vamosaopaulo; 1 
circuitouninter; 1 
1aninho; 1 
talk; 1 
1yearold; 1 
tricolorzãodamassa; 1 
run; 1 
programacaometabolica; 1 
metabolism; 1 
eucorro; 1 
strava; 1 
falamesmogentilli; 1 
patriotsbrasil; 1 
proudoflouis; 1 
apaixonada; 1 
éotek; 1 
futbol; 1 
pqfasiso; 1 
foxsportsbrasil; 1 
fodemos; 1 
mulherescontrabolsonaro; 1 
acordaflamengo; 1 
ondeestiverestarei; 1 
おいデュエルしろよ; 1 
eletalvez; 1 
behappy; 1 
máfiaazul41anos; 1 
vote17; 1 
ligadoamusica; 1 
kurtcobain; 1 
britrock; 1 
nevermind; 1 
oasis; 1 
redhotchilipeppers; 1 
thewalkingdead; 1 
bolsonazi; 1 
davidbowie; 1 
podeissoarnaldo; 1 
nirvana; 1 
bloodsugarsexmagik; 1 
travis; 1 
alzheimersday; 1 
reactjs; 1 
100daysofcode; 1 
springboot; 1 
es6; 1 
azure; 1 
vue; 1 
javaee; 1 
frontend; 1 
microservices; 1 
springone; 1 
cloud; 1 
petrolão; 1 
angularjs; 1 
openjfx; 1 
rodrigojanot; 1 
euquerociro; 1 
asminaciram; 1 
rachelsheherazade; 1 
vamociri; 1 
loss; 1 
thecomunisteconomist; 1 
inspiraçãointrínseca; 1 
intrínsecanasestrelas; 1 
trbeirario; 1 
shawnmendes; 1 
shawnmendesthealbum; 1 
shanianow; 1 
runkeeper; 1 
killingjoke; 1 
partiudubai; 1 
dvd; 1 
medodenofuturo; 1 
botl; 1 
cigaroftheday; 1 
sotl; 1 
cigarlife; 1 
cigar; 1 
semanilha; 1 
crise; 1 
bocaafiada; 1 
tvleão; 1 
cironaglobonews; 1 
meirellesgeek; 1 
遊戯王; 1 
yugioh; 1 
equipegeek; 1 
java; 1 
diadoestagiario; 1 
electricity; 1 
desafiosjovens; 1 
recebinogrupodafamilia; 1 
electrodes; 1 
givesyouwings; 1 
ceaxcor; 1 
rehab; 1 
depression; 1 
goldenmonkey; 1 
suicideprevention; 1 
pmoreart; 1 
alart; 1 
rescindeluisricardo; 1 
sanxbah; 1 
cidademaravilhosa; 1 
meusaudios; 1 
enormes; 1 
precisamaprender; 1 
aspessoas; 1 
prayforflorida; 1 
arespeitar; 1 
joicedeputadafederal1771; 1 
najuxv; 1 
euamoapoliciamilitar; 1 
naoacreditenisso; 1 
happybirthdaybeyoncé; 1 
btsnobrasilem2019; 1 
nestor5; 1 
assedioéhabitonopensi; 1 
esporteespetacular; 1 
terceirizacao; 1 
queropropostadecente; 1 
diadetricolor; 1 
votonamarinapq; 1 
diademarina18; 1 
2018chegou; 1 
cadêapropostadecente; 1 
matematicadapolítica; 1 
wearealljoanna; 1 
faca2018; 1 
contafilha; 1 
assedioehabitonomc; 1 
amordetio; 1 
sctop10; 1 
bufvsmin; 1 
mlbnaespn; 1 
tribetown; 1 
livemovel; 1 
sofazinho; 1 
redaçãosportv; 1 
wafc; 1 
thfc136; 1 
sábadouuuuuu; 1 
thfc; 1 
vascoéimortal; 1 
realroma; 1 
individualism; 1 
collectivismkills; 1 
envyisevil; 1 
forcajuan; 1 
bdc; 1 
pinscher; 1 
nicepics; 1 
tattoo; 1 
guess; 1 
puppy; 1 
lagodefurnas; 1 
capitólio; 1 
tatuagem; 1 
minasgerais; 1 
tattoomodel; 1 
passos; 1 
miniaturepinscher; 1 
diadesol; 1 
piercing; 1 
amazing; 1 
mylove; 1 
tibiagame; 1 
mizandmrs; 1 
brasileiraonojc; 1 
wrestlemania; 1 
raw; 1 
bigdog; 1 
andstill; 1 
rusevday; 1 
wwessd; 1 
creatingthemania; 1 
universalchampion; 1 
undertaker; 1 
capitaocalcinha; 1 
ff; 1 
inglesnojc; 1 
theviper; 1 
womenstitle; 1 
armbar; 1 
internojc; 1 
thebeast; 1 
wwe; 1 
jcrt; 1 
islandia; 1 
issoaqueflamengo; 1 
bad; 1 
doador; 1 
bolsafuzil; 1 
bolsonaropresidente2018; 1 
reflexão; 1 
cirolixo; 1 
tudodebom; 1 
causanobre; 1 
seuexercitonuncapara; 1 
furacao; 1 
eduardogomes; 1 
doevida; 1 
helicoptero; 1 
partidodostrabalhadores; 1 
filosofia; 1 
doesangue; 1 
multa; 1 
agoraedomingo; 1 
numdiacomohoje; 1 
hinchas; 1 
bailedoolimpo; 1 
harrypotter; 1 
vemmeugarotao; 1 
bomdiaaaaaa; 1 
sexta; 1 
blablamtvhits; 1 
mtvhitstomeblock; 1 
ripuol; 1 
mcfc; 1 
matic; 1 
polls; 1 
poll; 1 
fernandinho; 1 
mulheresdedireita; 1 
judeuscombolsonaro; 1 
sórisada; 1 
kkkkk; 1 
turndownforwhat; 1 
vaitomarnocuconmebol; 1 
aecionacadeia; 1 
eterno6x1; 1 
cirosim; 1 
primãos; 1 
primão; 1 
obmep; 1 
semluis_inácioptéfraude; 1 
dutchart; 1 
semluis_ináciotudoéfraude; 1 
brasileirãonohte; 1 
olympicgames; 1 
claudemonet; 1 
mapporn; 1 
séoul1988; 1 
malevich; 1 
diegomaradona; 1 
spfotos; 1 
candidatotraço; 1 
feministafake; 1 
assistindoanimenafirma; 1 
flaviosenador177; 1 
elanãocantanada; 1 
revolts; 1 
darksouls; 1 
façaumpedido; 1 
programmersday; 1 
youtubegaming; 1 
anime; 1 
fraseshearthstone; 1 
jogos; 1 
wattpad; 1 
bifewellington; 1 
ranço; 1 
pega_a_visão; 1 
ticano; 1 
marriati; 1 
boravitoria; 1 
zoeira; 1 
boulos; 1 
alunasqueridas; 1 
cedep; 1 
sos; 1 
amoreconfiança; 1 
nãofazsentido; 1 
15anosdaaninha; 1 
eleicoesdf; 1 
vit0x0cam; 1 
fotosnacionais; 1 
ciênciaexplica; 1 
cirosimpostenão; 1 
melhorasbolsonaro; 1 
mentira; 1 
espnnousopen; 1 
google; 1 
éfoda; 1 
usopenespn; 1 
aoa; 1 
simbora; 1 
sextafeira; 1 
usopen2018; 1 
vemcomzé; 1 
eusoudireita; 1 
falamaisjoaquimteixeira; 1 
onulixo; 1 
midialixo; 1 
bolsonaronaveja; 1 
brasilacimadetudodeusacimadetodos; 1 
zr25; 1 
b17primeiroturno; 1 
elinaldoetude; 1 
abaixoaditadura; 1 
facesgoto; 1 
esquerdanão; 1 
censuranão; 1 
bolsonaroeleitonoprimeiroturno; 1 
foranoval; 1 
embaixadasnomrn; 1 
essesnao; 1 
canallivre; 1 
dublin; 1 
hongrie; 1 
u21; 1 
metoo; 1 
goblue; 1 
quartz; 1 
conceptcar; 1 
gistemp; 1 
temperature; 1 
map; 1 
dataviz; 1 
manchester; 1 
soybeans; 1 
internetofthings; 1 
newyorkcity; 1 
chapolinnomultishowep110; 1 
35mm; 1 
luanoliveira; 1 
slspro; 1 
grizzlygang; 1 
liberaunichapados; 1 
asmariasãomunúsculas; 1 
galonãotemrivalemmg; 1 
ajudeumoreira; 1 
nuncavaicair; 1 
rumoalibertadores; 1 
mercúrio; 1 
marcocivil; 1 
museunational; 1 
respect; 1 
pcc; 1 
propagandaeleitoral; 1 
fomeporjustica; 1 
ptistacovarde; 1 
elemente; 1 
factcheckingpolitz; 1 
fabiomito; 1 
luisricardonao; 1 
juntospelobotafogo; 1 
binge; 1 
viva; 1 
doidao; 1 
éverson; 1 
2meses; 1 
viertepetz; 1 
sãoclemente; 1 
carnaval2019; 1 
suits; 1 
elanao; 1 
darvey; 1 
dogtv; 1 
garotinho; 1 
edilsonsilvanarede; 1 
professor; 1 
educacaopedesocorro; 1 
diadoradialista; 1 
vejaamarelasaovivo; 1 
vaimengao; 1 
sonho; 1 
designatedsurvivor; 1 
ativismo; 1 
beyonce; 1 
verboporelas; 1 
mulher; 1 
mulheres; 1 
series; 1 
brasileira; 1 
astelefonistas; 1 
poadecima; 1 
redetv; 1 
vizeutaaí; 1 
vivendoumsonho; 1 
dos3; 1 
pogbrutaai; 1 
deusbocontrole; 1 
tujásabeoqeufaçoencimadovasco; 1 
tchauobrigado; 1 
seguimosforte; 1 
kb9; 1 
forçasjuan; 1 
issoaquinãoevasco; 1 
diegoribas; 1 
copadobrasilebrasileiraoéobrigaçao; 1 
essegrupoéfo; 1 
sub17; 1 
hipocrita; 1 
somostodosdebora; 1 
éhoje; 1 
thiaguinho; 1 
ludimilla; 1 
mamae; 1 
praia; 1 
alegria; 1 
papai; 1 
nena; 1 
eointer; 1 
chupagazela; 1 
chupaflabosta; 1 
focco; 1 
kátiagovernadora; 1 
haddadnaglobonews; 1 
voltapt; 1 
dragonball; 1 
psv; 1 
partiutop100ligapró; 1 
firemcarthy; 1 
loser; 1 
tamochegando; 1 
esporteemdiscussao; 1 
chapolinnomultishowep114; 1 
game; 1 
caçaaotesouro; 1 
shaketowin; 1 
gearbest; 1 
jogo; 1 
atypical; 1 
novelajesus43; 1 
simoneesimarianofaro; 1 
queriadizerq; 1 
novelajesus44; 1 
readingfestival; 1 
senhorpresidente; 1 
oestexatléticogo; 1 
sérieb; 1 
ebnamídia; 1 
somos1; 1 
familyfirst; 1 
isaiah4031; 1 
redetvnews; 1 
diadebarradão; 1 
hardpobre; 1 
festejabh; 1 
somebarcos; 1 
voltalogofred; 1 
sóvemdia04; 1 
cetadoido; 1 
vemhexa; 1 
partiufestejabh; 1 
chupadiegoalvesseumerda; 1 
voltalogosassa; 1 
bosquedabarra; 1 
domingao; 1 
chamaasamigasfantasy; 1 
sóchamarnadm; 1 
kuniywsports; 1 
henik; 1 
tochigi; 1 
tocomtarcisio50; 1 
paescabralpezãotemer; 1 
supervia_trens; 1 
juntossomosumrio; 1 
brumara; 1 
word; 1 
sierraburgesseumaloser; 1 
boravitória; 1 
flamenguistascombolsonaro; 1 
domingoespetacular; 1 
helenão; 1 
voicemakers; 1 
lixoresponde; 1 
chato; 1 
vamosbaeta; 1 
chape; 1 
tite; 1 
timedeelite; 1 
voltaloss; 1 
globoplay; 1 
rj1; 1 
spacex; 1 
specad; 1 
elonmusk; 1 
certifiedfresh; 1 
oscarwilde; 1 
tesla; 1 
bonner; 1 
nãoaoimpeachment; 1 
pênaltis; 1 
tucumán; 1 
previsãodotempo; 1 
vakinha; 1 
luanel; 1 
alertapoa; 1 
grexcru; 1 
sogerodeussalva; 1 
putodacara; 1 
quatro; 1 
108anosdeglorias; 1 
br285; 1 
beto400; 1 
anos80; 1 
juntossomosmaisfortes; 1 
vempraruamourao; 1 
thiagobravanaband; 1 
re2; 1 
devilmaycry5; 1 
demodoforzahorizon4; 1 
dmc5; 1 
snooker; 1 
chamas; 1 
allnet; 1 
educacióndecalidad; 1 
brasilmaismara; 1 
rippsdb; 1 
acabouamamata; 1 
imprensavermelha; 1 
bolsonaro17eleito1oturno; 1 
vaitrabalhar; 1 
minhanegaemnt; 1 
pumafuture; 1 
1missaodepazvenezuela; 1 
ocorovaicomer; 1 
naminhatvtcl; 1 
meirelles15; 1 
micheltemer; 1 
equipehm; 1 
sabebemoquevempelafrente; 1 
fadacogitada; 1 
forasettecamara; 1 
foracazares; 1 
realityhigh; 1 
brasilumlixo; 1 
90minutosdesilêncio; 1 
pickem365; 1 
fifproworldxi; 1 
enelcorazóndeladecimotercera; 1 
solarboost; 1 
entrenamiento; 1 
ost; 1 
emirates; 1 
mrrobot; 1 
pagaumburpemeu; 1 
mulherescontraofacismo; 1 
arregoday; 1 
sensacional; 1 
joão; 1 
oscangas; 1 
pizza; 1 
pénochão; 1 
fullmanual; 1 
playstation; 1 
proevolutionsoccer2019; 1 
eagamechangers; 1 
bike; 1 
debaterjnoglobo; 1 
pes19; 1 
meups4; 1 
pes; 1 
blindspot; 1 
vemdezembro; 1 
falandodegames; 1 
jaimiealexander; 1 
teamremi; 1 
izinetpiordomundo; 1 
sony; 1 
marianamello; 1 
revistatrip; 1 
solteirosimsozinhonunca; 1 
nogueiradesencalhado; 1 
publicidade; 1 
1ddrive; 1 
decorartehogar; 1 
zombiegains; 1 
237community; 1 
teamhustler; 1 
teamdollnature; 1 
cattina3; 1 
gainwithtina; 1 
family; 1 
56guerrapelowifiemhogwarts; 1 
voteemmimpq; 1 
royalepass; 1 
terçadetremurasdv; 1 
pubgmobile075; 1 
season3; 1 
psicologia; 1 
100anosuseb; 1 
md2018; 1 
educacaoadventista; 1 
leiaolivro; 1 
growingyoung; 1 
useb; 1 
cadeuneb; 1 
epc18; 1 
god; 1 
uip20; 1 
maná; 1 
novasgerações; 1 
gya; 1 
ummc18; 1 
voltakami; 1 
celgvendidapormarconi; 1 
jcesportes; 1 
santacruz; 1 
ficaarnaldo; 1 
linhapraque; 1 
trarruda; 1 
cult; 1 
playerofthemonh; 1 
luxanomengao; 1 
gregnews; 1 
criadagavea; 1 
ihearradiommvas; 1 
ffsingleinmyblood; 1 
ffvideoinmyblood; 1 
omolixo; 1 
nãoaguentomais; 1 
semrisadinha; 1 
cruzeirosempre; 1 
gremiodetodos; 1 
tourchoranãobb; 1 
choranãobb; 1 
tourchoranaobb; 1 
sériea; 1 
forapatric; 1 
timedetodos; 1 
escolhidopelamassa; 1 
orepelobrasil; 1 
cuellarcapitán; 1 
android; 1 
blocknonoblat; 1 
cuéllarcapitán; 1 
elesnuncamais; 1 
elesim1️⃣7️⃣; 1 
linhadaquinta; 1 
boxenosportv; 1 
bumbumnanuca; 1 
scifi; 1 
poster; 1 
horror; 1 
goingfor2; 1 
nascarfoxsports; 1 
vencinavida; 1 
riptupac; 1 
50knomaraca; 1 
fluxdef; 1 
ibañeztitular; 1 
ficap9; 1 
jaytrain; 1 
féemdeus; 1 
sansao; 1 
verguenzacomebol; 1 
verguenzaindependiente; 1 
ippon; 1 
globoconfirmed; 1 
ps4live; 1 
açõescomcães; 1 
charliebrown; 1 
bac; 1 
keyboard; 1 
pixels; 1 
cat; 1 
usopen18; 1 
federer; 1 
cincytennis; 1 
elesimb17; 1 
bestfiends; 1 
babyslugsbigdayout; 1 
meubolsominiosecreto; 1 
vemzidane; 1 
bvbsge; 1 
clubvb; 1 
pragadecorinthianopega; 1 
comsanchezsemchamces; 1 
caiqueeterno; 1 
fealvinegra; 1 
timão108anos; 1 
preocupado; 1 
unidoscontrapt; 1 
joaonaredetv; 1 
minhaprimeirapaixão; 1 
indxsan; 1 
tãodeixandoagentesonhar; 1 
felipemelo; 1 
viagem; 1 
trip; 1 
juvxcri; 1 
setoressemcadeiras; 1 
viajar; 1 
clássiconogigante; 1 
endorphins; 1 
chutaprogoooolll; 1 
acorda; 1 
trellez; 1 
endomondo; 1 
sãopaulo; 1 
liziero; 1 
mamaequercasaldegemeos; 1 
papaiquermenina; 1 
prayforfefe; 1 
missalchamanois; 1 
amin111; 1 
aquiétrabalho; 1 
danielmossmann; 1 
merisio55; 1 
standupcomedydoguerrinha; 1 
paulojames; 1 
meugalpãodecaranova; 1 
raimundo555; 1 
representividade; 1 
meupresidentemeudaddy; 1 
blackcouples; 1 
mcrebecca; 1 
sassygirl; 1 
mouraonaglobonews; 1 
gomibr; 1 
ciraodamassa; 1 
chupadanielamercury; 1 
gigantecássio; 1 
liderja; 1 
xboxone; 1 
jumpforce; 1 
teresina166anos; 1 
vitxpal; 1 
foiela; 1 
vamosverdão; 1 
mito17; 1 
internationaldayofpeace; 1 
nationaldogday; 1 
raqqa; 1 
thebanditotourbrazil; 1 
gulliver; 1 
eunaomerecoserassediado; 1 
instababyduda; 1 
treinotático; 1 
instababyxande; 1 
maisamorporfavor; 1 
pinturas; 1 
egol; 1 
lulatemfimose; 1 
naotempreço; 1 
fallshuffle2018; 1 
playartifact; 1 
dbstf; 1 
goninjas; 1 
paxwest; 1 
jumentega; 1 
ithfvote; 1 
ovotoimporta; 1 
eleiçõesrbs2018; 1 
laurna; 1 
azvsdal; 1 
edicao10; 1 
jhsf3; 1 
amar3; 1 
teamlh; 1 
bidi4; 1 
fjta3; 1 
vvar11; 1 
allezparis; 1 
roadtokona; 1 
fjta4; 1 
foratuiq; 1 
rosanavalle; 1 
deputadafederal; 1 
gaia20; 1 
sucesso; 1 
voltahudson; 1 
anavitoria; 1 
flareaça; 1 
nemlulanemhaddad; 1 
poesiaacustica; 1 
dicas; 1 
quemnunca; 1 
mises; 1 
saudade; 1 
keepwalking; 1 
pequenasfelicidades; 1 
entrevista; 1 
chocada; 1 
wonderwoman; 1 
liberalismo; 1 
lindodemais; 1 
duvida; 1 
ratm; 1 
betterthanlastyear; 1 
berlinmarahon; 1 
unhas; 1 
euzinha; 1 
greatest90clsgoals; 1 
saidafrente; 1 
vergonhacontinua; 1 
forapaulinhodaforça; 1 
corruptoajudacorrupto; 1 
felizpalmeiras; 1 
milhõescombolsonaro; 1 
ansioso; 1 
eusouviuvodeizabella; 1 
dia7e17; 1 
rdsneonfantasy; 1 
rds; 1 
laportada; 1 
parabenizamento; 1 
barrigadecadela; 1 
parabens; 1 
averdadesejadita; 1 
cartola; 1 
leandromarques; 1 
maraca; 1 
parte7; 1 
parte2; 1 
power; 1 
parte4; 1 
parte1; 1 
flanovaiguaçu; 1 
parte5; 1 
altashoraspower; 1 
chi; 1 
caradojogo; 1 
qfuckingdrop; 1 
jornaldacultura; 1 
carterpresidente; 1 
estudioi; 1 
telecast; 1 
américa; 1 
honestidade; 1 
inteligencia; 1 
amoedo; 1 
transparência; 1 
fichalimpa; 1 
etica; 1 
inovação; 1 
partidonovo; 1 
bourbonmocha; 1 
mondialdelabiere; 1 
casamentolalaeruth; 1 
freepsd; 1 
freebie; 1 
psd; 1 
noitetop; 1 
bebendocomamigos; 1 
memorável; 1 
luxe; 1 
nightrj; 1 
niteroi; 1 
festadaoabitamaraju2018; 1 
cervejaehamburguertop; 1 
sempreespecial; 1 
luanetes; 1 
capa01; 1 
luansantana; 1 
livemovel00h; 1 
luansantanatv; 1 
cabodaciolo51; 1 
diadoirmao; 1 
vcsim; 1 
vamoquevamo; 1 
tamojunto; 1 
dcuenca; 1 
glow; 1 
brilhany; 1 
fancy; 1 
bomdiafoxquinta; 1 
3f; 1 
thesong; 1 
backtoyou; 1 
léosantananotvz; 1 
orcrim; 1 
criminoso; 1 
contraoaorto; 1 
verefazercinema; 1 
desafiounidasnasruas; 1 
institutolatinoamerica; 1 
cem01riachofundo; 1 
tecmundo; 1 
somosmarinapresidente; 1 
isentona; 1 
김힘찬_힘내세요; 1 
방탄소년단; 1 
김힘찬_힘내요; 1 
꾹이생일ㅊㅋ; 1 
bapfanart; 1 
젤로; 1 
곧끝; 1 
thesocialcelebrity; 1 
armyseguearmy; 1 
jungkook; 1 
대현; 1 
armyselcaday; 1 
lytourla_d4; 1 
btsmakeshistory; 1 
baby; 1 
영재; 1 
answer1onbb200; 1 
비어이피; 1 
최준홍; 1 
jimin; 1 
daehyun; 1 
태형아사랑해; 1 
love_yourself_結_answer; 1 
rm; 1 
bap; 1 
btsfanart; 1 
비에이피; 1 
지민; 1 
jkmagicday; 1 
정국이는_9월의_첫번째_기적; 1 
love_yourself; 1 
ot6; 1 
wepurpleot7bts; 1 
방용국; 1 
staystronghimchan; 1 
idolftnickiminaj; 1 
홉필름; 1 
정국; 1 
staystrongchan; 1 
presidiárionãovota; 1 
sccpxcol; 1 
cássioélindo; 1 
formaturaempedagogiaufpi; 1 
segueo8; 1 
minhaorigem; 1 
jp; 1 
meuogulho; 1 
serg10; 1 
analfabetas; 1 
saudadesdaciolo; 1 
rrebordosa; 1 
rebordosa; 1 
merevoltoquando; 1 
copasim; 1 
pink; 1 
respeitaoembaixador; 1 
hh; 1 
calaf; 1 
conferenciadestino2k18; 1 
happybirthdaydemi; 1 
assedioéhabitonocefet; 1 
horadepôrcafé; 1 
horadeporcafe; 1 
bolsonaropredidente17; 1 
horadeporcafé; 1 
vma2018; 1 
arena98; 1 
diademusiquinha98fc; 1 
tevez; 1 
michaeljackson60thbirthday; 1 
beatit; 1 
michaeljackson; 1 
lulapresidiario; 1 
direitaamordacada; 1 
ideb; 1 
campeonatobrasileiro; 1 
grupoalernado; 1 
argentina; 1 
servusbasti; 1 
marcelogrohe; 1 
ceara; 1 
passe; 1 
sóquenão; 1 
grupoalternado; 1 
selecciónmayor; 1 
bocaxriver; 1 
delpo; 1 
edinho; 1 
geromel; 1 
ripuk; 1 
ripeurope; 1 
setembro; 1 
fds; 1 
ordemdodia; 1 
sábado; 1 
lucão; 1 
pracima; 1 
amenjr; 1 
pubgmobile; 1 
lytourla_d3; 1 
pediuarrego; 1 
pea2; 1 
basecoral; 1 
corxspt; 1 
unidosporpernambuco; 1 
xovictoria; 1 
integralnojed; 1 
feitosdepaixao; 1 
segundou; 1 
friends; 1 
watchfirsttime; 1 
lpfirsttimetomorrow; 1 
firsttimestreamingparty; 1 
firsttimeoutnow; 1 
lp1iscoming; 1 
firsttimeiscoming; 1 
firsttime; 1 
maiordorio; 1 
happychenday; 1 
cru; 1 
san; 1 
tardedavitória; 1 
amovocês; 1 
adorei; 1 
fju; 1 
partiupracima; 1 
casaronaldrj; 1 
soylunaporsiempre; 1 
childishgambino; 1 
redbone; 1 
epiphone; 1 
ej200; 1 
fingerstyle; 1 
gazetatimao; 1 
sounu; 1 
lulalá; 1 
rolaneles; 1 
balançogeralespecial; 1 
venoninhoetstue400k; 1 
litdances; 1 
poderemfoco; 1 
turmadopagodenotvz; 1 
segundaloucaporjesus; 1 
riseofthetombraider; 1 
horizonzerodawn; 1 
seguimos; 1 
5sos; 1 
iheartmmvas; 1 
completediversiontour; 1 
valentinemusicvideo; 1 
mytallentown; 1 
mmva; 1 
justiceforbridgitmendler; 1 
myblood; 1 
cslewis; 1 
goliquid; 1 
mastechefprofissionais; 1 
voltaadão; 1 
vergonhafifa; 1 
rip11desetembro; 1 
thankskobe; 1 
forçaídolo; 1 
somostodosgustavo; 1 
etiópia; 1 
somália; 1 
anaamélianocanalrural; 1 
ios; 1 
verguenzaconmbebol; 1 
ripputaria; 1 
foramartin; 1 
recadodolula; 1 
minhaxpcomggtd; 1 
ufabc; 1 
gtd; 1 
2aninhos; 1 
minhaprincesinha; 1 
aupfpoxsports; 1 
quebrandootabunognt; 1 
sossegaseucúmaurocezar; 1 
lancepaca; 1 
chapolinnomultishowep86; 1 
newprofiepic; 1 
fabiocabuloso; 1 
fenómeno; 1 
amejoaomiguel; 1 
bempiorqueeu; 1 
puskás2018; 1 
campeonatomineirosicoob; 1 
pitadinhahistórica; 1 
novelasdatarde; 1 
foradeconduta; 1 
euvouprasenteavibe; 1 
euvouprasensualiza; 1 
euvouprathuglife; 1 
tiger; 1 
torcidalafe; 1 
maquinademes; 1 
fall; 1 
euseiquevocêtreme; 1 
culturadearquibancada; 1 
defensoresdomanto; 1 
pt13; 1 
sp1; 1 
jogoaberto; 1 
isaque; 1 
morumbi; 1 
stjd; 1 
rambo; 1 
lisetearelaro50; 1 
104anosdefreguesia; 1 
predator; 1 
amoedonojn; 1 
linhadedomingo; 1 
artilheiro; 1 
d5nagcmasterssp; 1 
ak; 1 
alôtite; 1 
xenobladechronicles2; 1 
たかじんちゃん; 1 
mhxxns; 1 
スクスタ; 1 
ヌォンタート; 1 
nintendodirect; 1 
freecodefriday; 1 
breathofthewild; 1 
mechamadness; 1 
どうぶつの森; 1 
nes; 1 
bf1; 1 
vメディカルテット; 1 
karte_art; 1 
random; 1 
あーと冥土; 1 
galgun; 1 
elasnãomeubrasilsim; 1 
gofontt; 1 
vamosflamego; 1 
desacreditanão; 1 
debatebandminas; 1 
olympia2018; 1 
mangkhut; 1 
mutualrespect; 1 
juizdefora; 1 
novonosdebates; 1 
novo; 1 
galata; 1 
vilxcfc; 1 
make; 1 
chat; 1 
falarcomoumpi; 1 
fea; 1 
featureme; 1 
sendmegifts; 1 
girls; 1 
coindrop; 1 
bepos; 1 
workou; 1 
sendmegif; 1 
sen; 1 
mu; 1 
en; 1 
odehojetapago; 1 
anal; 1 
rondadamadruga; 1 
vemdenude; 1 
eulcs; 1 
sigilogarantido; 1 
valeapenaverdenovo; 1 
novinhadadm; 1 
vemdedm; 1 
mitos; 1 
lanterninha; 1 
holyshit; 1 
mjmondays; 1 
thankssponsor; 1 
camxvas; 1 
edicao16; 1 
ladraodemerenda; 1 
f800gs; 1 
f800gsadv; 1 
bmwmotorradbr; 1 
bmwmotorrad; 1 
f800gsa; 1 
vamosrafa; 1 
palmarespiadamundial; 1 
mafalda; 1 
spring; 1 
primavera; 1 
forçagraça; 1 
qafcon2019; 1 
tbtzão; 1 
mambamentality; 1 
ciroserasa; 1 
nflsunday; 1 
debatecnbb; 1 
iconesports; 1 
nikegk; 1 
crac; 1 
nikephantom; 1 
celsodanielpresente; 1 
opcrepitus; 1 
quartodeguerra; 1 
atéoultimohomem; 1 
dica; 1 
maranhãocombolsonaro; 1 
elavotaemquemquiser; 1 
fla0x0vit; 1 
isaxv; 1 
nrmovimento; 1 
vamo; 1 
podcast008juninho22; 1 
ptnão; 1 
extremosnão; 1 
esquadrão; 1 
naoestacionenafonte; 1 
nãoestacionenafonte; 1 
roraima; 1 
euestou; 1 
timequeomaioridoloéofax; 1 
joãomeupresidente; 1 
essediafoilouco; 1 
104anossemmundial; 1 
foiloucoestarcomvcs; 1 
eternapiada; 1 
corinthiansparasempre; 1 
paulista2018; 1 
parabenseternapiada; 1 
birebaixado; 1 
tolerânciazero; 1 
endireitajá; 1 
ciajfl; 1 
xxvifestivalliterario; 1 
playlist; 1 
levantaamaoebatepalma; 1 
sempalhacada; 1 
brasilacimadetodos; 1 
timedionísio1255; 1 
candidato; 1 
joãoarruda15; 1 
integridade; 1 
políticacompropósito; 1 
curitiba; 1 
vempramassa; 1 
professordionísio1255; 1 
políticaspúblicas; 1 
neltonsenador123; 1 
contagemregressiva; 1 
gouradeputadoestadual12108; 1 
todoscomciro; 1 
sempregrudado; 1 
semanafarroupilha2018; 1 
bailedeformatura; 1 
saudadedorancho; 1 
studiofm; 1 
expointer; 1 
programaamúsicadoriogrande; 1 
tricolor; 1 
vocaleira; 1 
paibabão; 1 
miguelnoshowdopai; 1 
toficandovelho; 1 
gruposanguefarrapo; 1 
chimarrão; 1 
semanafarroupilha; 1 
oautênticotrancofandangueiro; 1 
amúsicadoriogrande; 1 
embuscadotetra; 1 
queremosotetra; 1 
grupodetransição; 1 
catxgre; 1 
quesemana; 1 
trágico; 1 
afazendo10; 1 
denilsonshowja; 1 
fascinante; 1 
arnoldnofx; 1 
gpsingapura; 1 
belgica; 1 
sergiomauricio; 1 
cironothenoite; 1 
parabenspaqueta; 1 
p9seleção; 1 
frosinonejuve; 1 
voltahg; 1 
foravaldirbigode; 1 
chupaflamerda; 1 
chupa; 1 
thanksgod; 1 
ciro1208; 1 
ciro2018; 1 
kingofpop; 1 
jesusteama; 1 
paulorink22011; 1 
enterprise; 1 
healthit; 1 
emergingtechnologies; 1 
pwc; 1 
disruption; 1 
wearables; 1 
analytics; 1 
healthtech; 1 
vamosfalardeeleicoes; 1 
biotech; 1 
eptv1; 1 
amarelasaovivo; 1 
andnew; 1 
summerslam; 1 
b2r; 1 
beiramarsenador; 1 
pracasar; 1 
eletavoltando; 1 
cap; 1 
debateredetvmarina; 1 
chess; 1 
impostosnobrasil; 1 
filmes; 1 
twctf; 1 
bugbountytips; 1 
bugbounty; 1 
infosec; 1 
turla; 1 
gobrasil; 1 
vemfirmito; 1 
gringodefavela; 1 
soucorinthianoevoto17; 1 
fagner; 1 
vaiicorinthians; 1 
ripx; 1 
dudaoxv; 1 
nikeboycott; 1 
mundocopia; 1 
dabears; 1 
prey4ops; 1 
allin; 1 
神戸から世界へ; 1 
佐々木大樹; 1 
agoravai; 1 
foraarnaldobarros; 1 
mauvencedor; 1 
solagratia; 1 
soluschristus; 1 
barbixas3milhões; 1 
geraldojáévivo; 1 
ansiosa; 1 
geraldojaévivo; 1 
sierraburgessisaloser; 1 
jesuséocara; 1 
jj12; 1 
vamostrabalhar; 1 
sustentabilidade; 1 
jjgovernador; 1 
debatebandrs; 1 
lulanacadeiia; 1 
eliminado; 1 
roshhashaná; 1 
é; 1 
pcx; 1 
haha; 1 
sóqueroouvirumapalavrahj; 1 
melhorforma; 1 
agibank; 1 
bbnão; 1 
eunaosei; 1 
evangélicoscombolsonaro; 1 
eutocombolsonaro; 1 
bolsonaro1️⃣7️⃣; 1 
merepresenta; 1 
tocombolsonaro; 1 
cecifaz5; 1 
eternopapai; 1 
paznosestádios; 1 
cursosead; 1 
sc30asiatour; 1 
wuhan; 1 
girodohappn; 1 
bozomito; 1 
machosarrombados; 1 
girodotinder; 1 
pbqph; 1 
nbr1575; 1 
gestaodaqualidade; 1 
sistemasgq; 1 
iso9001; 1 
certificacoesgdol; 1 
pbqp; 1 
radiocidadetb; 1 
centraldoesporte; 1 
raqueteelétricaparatodos; 1 
bocaelunicogrande; 1 
parabénspramim; 1 
ensinodomiciliar; 1 
bhamun; 1 
united; 1 
mourinhoout; 1 
tsg; 1 
fcbtsg; 1 
startelf; 1 
vasxcha; 1 
amgxfla; 1 
agoiâniaqueeuquero; 1 
vilxgoi; 1 
istoégente; 1 
walloop; 1 
ufc; 1 
anatomy; 1 
brasileirosub20; 1 
biomedicina; 1 
deusabencoe; 1 
gigantedacolina; 1 
educadorfisico; 1 
diadoortopedista; 1 
educacaofisica; 1 
raiox; 1 
protrusãodiscal; 1 
120anos; 1 
dri; 1 
fisioterapia; 1 
giselelira; 1 
forcaisaque; 1 
radiografia; 1 
melembraprêmiomultishow; 1 
vocêsabia; 1 
voltemsempre; 1 
uruguay; 1 
montevideo; 1 
ahora; 1 
rogerinhodoinga; 1 
tvquase; 1 
ultimoprogramadomundo; 1 
upm; 1 
mancity; 1 
dailyguts; 1 
championsrise; 1 
café; 1 
cfcxoes; 1 
coxanabandab; 1 
coxa; 1 
uefaawards; 1 
ocoritibavivecomvocê; 1 
coritiba; 1 
umfilhoteunaofogealuta; 1 
capellipaganois; 1 
dearmoon; 1 
gevasco; 1 
eleiçõesnamaresol; 1 
quintou; 1 
bolsonaronogab; 1 
fechadocombolsonaro17; 1 
cautelacãodidato; 1 
castelojoias; 1 
famouslylol; 1 
famously; 1 
eles; 1 
ooooooooimperadorvoltou; 1 
túneldotempo; 1 
rdrj; 1 
chamaaonu; 1 
prioridades; 1 
ídolo; 1 
renato56anos; 1 
atopelavidadebolsonaro; 1 
jairmessiasbolsonaro17; 1 
minhaprincesa; 1 
nasdaq; 1 
ruanetnão; 1 
esquerdaassassina; 1 
balsonaro17neles; 1 
lulacondenadoinalegivel; 1 
balsonaro17; 1 
falaqueeuteesculto; 1 
crime; 1 
euapoioobalsonaro17100; 1 
novasideias; 1 
trabalhodeverdade; 1 
amorporsorocaba; 1 
zelocomodinheiropúblico; 1 
sorocabaprafrente; 1 
cpidastendas; 1 
legitimidadesorocabana; 1 
gazetaestadajp; 1 
shanatova; 1 
lgbt; 1 
mamilos; 1 
podcast008dodj2kctl; 1 
funkdeluto; 1 
joaoguilherme; 1 
clipeherois; 1 
sudamericana; 1 
detvssf; 1 
49ers; 1 
vcescala; 1 
makeheadlines; 1 
lavercupnaespn; 1 
lavercup2018; 1 
ficalarghi; 1 
tiagoalves; 1 
valeuvozao; 1 
quixadá; 1 
ocaradarodada; 1 
cscxsccp; 1 
everson; 1 
mitodarodada; 1 
boravozão; 1 
tqr; 1 
geceara; 1 
cearásc; 1 
soumaisceará; 1 
catravive; 1 
newprofilepica; 1 
enterrodosossos; 1 
ceavsspa; 1 
serieb; 1 
estádios; 1 
mpf; 1 
stj; 1 
museu; 1 
turismo; 1 
belém; 1 
associações; 1 
whatsapp; 1 
custódia; 1 
marajó; 1 
sistemaacusatório; 1 
violência; 1 
stf; 1 
iphan; 1 
edital; 1 
mpu; 1 
prejuízo; 1 
pgr; 1 
2015nuncaacaba; 1 
2019temmaiscrise; 1 
ficadica; 1 
tuagloriaévencer; 1 
dúvidastardias; 1 
orei; 1 
semclubismo; 1 
diadoirmão; 1 
oremus; 1 
campnou61; 1 
maquinadememe; 1 
pramacracing; 1 
quênia; 1 
oreporbolsonaro; 1 
vacaroxa; 1 
adventuretimefinale; 1 
f1driveroftheday; 1 
1pe4; 1 
hb2; 1 
quebrandoosilêncio; 1 
2pe2; 1 
ap1; 1 
paredefumar; 1 
hb6; 1 
apocalipse; 1 
httr; 1 
hb12; 1 
hb5; 1 
2pe1; 1 
depressão; 1 
hb4; 1 
fabiopedemusica; 1 
felizsemana; 1 
hb11; 1 
retweet; 1 
1jo5; 1 
hb9; 1 
1jo3; 1 
ellenwhite; 1 
1pe1; 1 
hb3; 1 
1pe2; 1 
1jo4; 1 
tt3; 1 
tg2; 1 
hb13; 1 
tg5; 1 
rouanettparaquemprecisa; 1 
brasilacimadetudo; 1 
euquerobolsonaro17; 1 
finalspace; 1 
hof; 1 
terrafutebol; 1 
ripmuseunacional; 1 
startrekdiscovery; 1 
machinelearning; 1 
robotics; 1 
obrasilégeraldo; 1 
deeplearning; 1 
selfdrivingcars; 1 
df18; 1 
robot; 1 
gm; 1 
sabedoria; 1 
zico; 1 
cuscuz; 1 
cetv; 1 
nossasenhoradapaz; 1 
medjugorje; 1 
victorymonday; 1 
duuuval; 1 
psolmachista; 1 
speaker; 1 
pernambucob17; 1 
recife; 1 
pernambucocombolsonaro; 1 
direitapernambuco; 1 
direitape; 1 
haddadnão; 1 
milhõescombolsonaro17; 1 
correntedobem; 1 
soubolsominion; 1 
ostrapalhões; 1 
internationalorangutanday; 1 
copario2018; 1 
socialdosirmãos; 1 
estoucombolsonaro17; 1 
globosta; 1 
snick; 1 
90s; 1 
startrek; 1 
nickelodeon; 1 
greatestthingsaboutthe90s; 1 
hehe; 1 
foxkids; 1 
throwbackthursday; 1 
thetick; 1 
pensandoobrasil; 1 
levantatecapitão; 1 
vamossantos; 1 
vaisantos; 1 
segundadivisão; 1 
sac; 1 
helpme; 1 
bonus; 1 
futebolmineiro; 1 
standupandscream; 1 
meteoro; 1 
greenenergy; 1 
tech; 1 
generosidade; 1 
techhouse; 1 
sepultura; 1 
techno; 1 
projeto; 1 
prancha; 1 
arquitetura; 1 
indesign; 1 
minhocão; 1 
batman; 1 
batmandeadend; 1 
rickandmorty; 1 
starssoccersacademy; 1 
símbolosnacionais; 1 
chelsea; 1 
saoxbah; 1 
sportsbetparlay; 1 
rojo; 1 
saoxcea; 1 
saoxame; 1 
seleção; 1 
tenisxespn; 1 
nolefam; 1 
marcelobielsa; 1 
usopenxespn; 1 
cebolinha; 1 
ynwa; 1 
srfcfkj; 1 
ind; 1 
fakenewscommonicabergamo; 1 
oqueeenergia; 1 
segueotricolor; 1 
varnalibertadores; 1 
collegeki; 1 
dotnetconf; 1 
arrascapuskas; 1 
madurosejartacontudinero; 1 
17sep; 1 
brasillivre; 1 
olavoshirts; 1 
papodesegundanognt; 1 
fofocalizandonosbt; 1 
auladecozinhanognt; 1 
uniãoéocaralho; 1 
esportes; 1 
theneighbourhood; 1 
la; 1 
joãoguilherme; 1 
verãomagrão; 1 
mudaremos; 1 
vidadegamer; 1 
gamer; 1 
parabenspramim; 1 
dançadosfamosos2018; 1 
teamlarileo; 1 
libertadoresqualquerdiatamoai; 1 
tricolorpaulista; 1 
elasnao; 1 
paunocudovilla; 1 
diamundialdelimpeza; 1 
strakosha; 1 
vamosmeuleão; 1 
andersonpresente; 1 
elenemcomumcarai; 1 
comenbol; 1 
berlin42; 1 
ipêamarelo; 1 
berlinmarathon; 1 
acousticguitar; 1 
nature; 1 
economista; 1 
dinheiro; 1 
namiradoatirador; 1 
domingolindo; 1 
luxaatedezembro; 1 
qpr; 1 
warnockismo; 1 
carmci; 1 
debatebandba; 1 
perguntarnãoofende; 1 
avantemengão; 1 
gtav; 1 
goat; 1 
ficatemer; 1 
uniãofest; 1 
deustanocontrole; 1 
whowillrise; 1 
ruasescuras; 1 
forcapereira; 1 
burnoutgarrixbyaxe; 1 
bmth6; 1 
nike; 1 
robertzemeckis; 1 
backtothefuture; 1 
10daytvchallenge; 1 
podosfera; 1 
resumaoantagonista; 1 
m10; 1 
choragambá; 1 
bananafish; 1 
sheith; 1 
fde; 1 
gepeteca; 1 
f1nabp; 1 
f1nightrace; 1 
bp; 1 
worldrhinoday; 1 
nasa60th; 1 
deusabitoemmeular; 1 
jadeu; 1 
encontroabençoando; 1 
palhaçada; 1 
carlosjr; 1 
gameday; 1 
blessed; 1 
elasnunca; 1 
sourobolsonaro; 1 
desabafo; 1 
canela; 1 
gramado; 1 
serragaucha; 1 
novapetropolis; 1 
votoimpresso; 1 
fraude; 1 
votoparamudarbrasil; 1 
felizdiadosexo; 1 
jairbolsonaronaredtv; 1 
encrenca; 1 
zapzap; 1 
sextoufilhas; 1 
bozo; 1 
elasporelas; 1 
novaiguaçu; 1 
eusouhaddad; 1 
globoesporte; 1 
premierleagueredetv; 1 
novafotodeperfil; 1 
sojogadorcaro; 1 
garotaviprj; 1 
penarol; 1 
newells; 1 
nadanospara; 1 
guardiaimperial; 1 
barrabrava; 1 
barraamsterdam; 1 
nação12; 1 
undíacomohoy; 1 
bemvindos; 1 
superligaxfox; 1 
bocajuniors; 1 
seguimosvivos; 1 
archieandrews; 1 
bughead; 1 
infancia; 1 
queremostvglobinho; 1 
3season; 1 
dragonballz; 1 
tv; 1 
sugar; 1 
betty; 1 
tvgloblinho; 1 
3seasonriverdale; 1 
thearchies; 1 
jughead; 1 
malcom; 1 
rafaelnãoépolitico; 1 
vamosdourado; 1 
fladazueira81; 1 
orgulhoderibeirão; 1 
talokotio; 1 
emocaoazulestrelada; 1 
classicodospalestras; 1 
thankyou; 1 
ripburtreynolds; 1 
bestfansever; 1 
globorepórter; 1 
tveja; 1 
vergonhoso; 1 
eleseriaocaos; 1 
elecomplica; 1 
eleentãonempensar; 1 
eleesperemosquetambémnão; 1 
amoêdopresidente; 1 
elenemfudendo; 1 
queremosas2vidas; 1 
vaipracimadelesleão; 1 
tremedeira; 1 
keeppounding; 1 
pbandj; 1 
cringe; 1 
onecarolina; 1 
vianasenador310; 1 
pareigente; 1 
avozdeminasnosenado; 1 
acordamg; 1 
partiucasa; 1 
tocadaraposa4; 1 
pes2019demo; 1 
arrascaetapuskas; 1 
kaintaaihein; 1 
naveia; 1 
boletimmatutino; 1 
candreva; 1 
ilmioanniversarioditwitter; 1 
perisic; 1 
bolognainter; 1 
tardezinhadaaqc; 1 
elemuitomenos; 1 
碧蓝航线; 1 
アズールレーン一周年; 1 
アズールレーン; 1 
forcafaca; 1 
sinval93; 1 
izaquiasqueiroz; 1 
iptm; 1 
veraotaai; 1 
sextoubebe; 1 
papito; 1 
naoaofutebolmoderno; 1 
kakabadboy; 1 
peixe2018; 1 
cadacornotemochifrequemerece; 1 
riptinder; 1 
viuvasdololopéz; 1 
prayforseucreyson; 1 
pipixv; 1 
tánoleiajá; 1 
brunodiferente10345; 1 
marinapropoe; 1 
campnou; 1 
vaipromontemeirelles; 1 
mercuryprize; 1 
gincanaifpr; 1 
vermei; 1 
gincanaifpr2018; 1 
2info; 1 
diadoridiculo; 1 
tutuxv; 1 
wearemessi; 1 
brady12; 1 
bomdiafoxquarta; 1 
enrolacao; 1 
salãodefestasdamassa; 1 
vamosgalo; 1 
forabandeira; 1 
newprofilpicture; 1 
stjdvergonha; 1 
nadjaguerreira; 1 
carars; 1 
brooklyn99; 1 
caldeirão; 1 
shooter; 1 
sãojanuario; 1 
sintoniativa; 1 
picpaysquad; 1 
boiselvagem; 1 
semifinal; 1 
amistoso; 1 
elsalvador; 1 
precisoformarlogo; 1 
juizladrao; 1 
contratudoetodos; 1 
galvaonao; 1 
joaonatvgazeta; 1 
dedéfacts; 1 
ficounocheirinho; 1 
98fc; 1 
tapatraofest6; 1 
marinasilvapresidente; 1 
marinasilva; 1 
marinacomciro; 1 
marianasilva; 1 
livpsg; 1 
bolsominionsecreto; 1 
vacilo; 1 
rapgod; 1 
foconamissão; 1 
próximoaçaí; 1 
thankyoudeuce; 1 
gesso3d; 1 
anaamelianajovempan; 1 
terçodoshomens; 1 
jogaipornós; 1 
hojetemosquevencer; 1 
adylnet; 1 
lancevas; 1 
diainternacionaldapaz; 1 
interpretedelibras; 1 
gamexp; 1 
playstationnaestrada; 1 
intxprc; 1 
zéramalho; 1 
felicidade; 1 
cabulosa; 1 
sinistra; 1 
adeustodagloria; 1 
loucura; 1 
ozarkseason1; 1 
ozarkseason2; 1 
godless; 1 
marshafree; 1 
ursamarsha; 1 
vitoriaes; 1 
marshalivre; 1 
emmys70; 1 
vitória467anos; 1 
vitoria467anos; 1 
