elenão; 86 
elenao; 77 
elenunca; 48 
debateredetv; 37 
rouanetnão; 32 
newprofilepic; 32 
bolsonaronojornalnacional; 28 
eleições2018; 27 
bolsonaro17; 27 
ciro12; 25 
elesim; 24 
bolsonaro; 23 
quemmandoumatarbolsonaro; 21 
tbt; 21 
meubolsominionsecreto; 20 
afazenda10; 18 
cirofilhodaputa; 17 
euquerobolsonaro; 17 
bolsonaropresidente17; 16 
g1; 15 
gazetaestadaojp; 15 
thevoicebrasil; 14 
debateaparecida; 14 
bolsonaronãoécorrupto; 14 
jn; 13 
mulherescombolsonaro; 13 
forçabolsonaro; 13 
verguenzaconmebol; 11 
thebest; 11 
haddadélula; 11 
bolsonaropresidente; 11 
brasil; 11 
anittaisoverparty; 11 
museunacional; 11 
setembroamarelo; 11 
bolsonaronajovempan; 11 
falamaisgentili; 10 
calabocacirodenovo; 10 
reviravoltanaeleicao; 10 
masterchefbr; 9 
eleicoes2018; 9 
meuaniversáriodotwitter; 9 
lulainelegivel; 9 
uolnasurnas; 9 
ondalaranja; 9 
eusoulula; 9 
democraciasim; 9 
appleevent; 8 
mulherescontraobolsonaro; 8 
lulalivre; 8 
haddadpresidente; 8 
ocapitãovoltou; 8 
nowplaying; 8 
milhoescombolsonaro; 8 
paz; 8 
repost; 7 
avantipalestra; 7 
bolsonaro17no1ºturno; 7 
sabadodetremurasdv; 7 
twibbon; 7 
bolsonaroeleito1ºlugar; 7 
fakenews; 6 
cironojornalnacional; 6 
bomdia; 6 
haddadélulanojn; 6 
grêmio; 6 
fechadocombolsonaro; 6 
mensalinhodotwitter; 6 
redacaosportv; 6 
mpn; 6 
jornaldaglobo; 6 
libertadoresfoxsports; 5 
rip; 5 
vmas; 5 
lutomuseunacional; 5 
vasxfla; 5 
lulanacadeia; 5 
palmeiras; 5 
omemedaminhavida; 5 
vemcomjoão30; 5 
calabocaciro; 5 
bolsonaronaoecorrupto; 5 
nflnaespn; 5 
rouanetnao; 5 
política; 5 
elasim; 5 
vamosrenovartudo; 5 
manunojaburu; 5 
forcabolsonaro; 5 
b17; 5 
domingodetremurasdv; 5 
joãonaband; 5 
vote30; 5 
afazenda; 5 
novafotodoperfil; 5 
rt; 5 
art; 4 
sentagostosobozo; 4 
hurricaneflorence; 4 
mito; 4 
pas; 4 
gameofthrones; 4 
lulaépresidiário; 4 
sanatóriogeral; 4 
lulainelegível; 4 
venezuela; 4 
cirogomes; 4 
ciropresidente; 4 
calabocagentilli; 4 
mariellepresente; 4 
forcaanitta; 4 
brasilcommarina; 4 
marina18; 4 
joaonosdebates; 4 
mulheresunidascontrabolsonaro; 4 
cblol; 4 
bts; 4 
sextou; 4 
familia; 4 
deusfamiliabolsonaro; 4 
votomarinapq; 4 
ps4share; 4 
onthisday; 4 
bolsonaro2018; 4 
segundadetremurasdv; 4 
giveaway; 4 
globonews; 4 
estudioi; 4 
fifa19; 4 
corinthians; 4 
nofapseptember; 4 
foratemer; 4 
selecaosportv; 4 
fantastico; 4 
obrasilfelizdenovo; 4 
porenganomeuovo; 4 
direitaseguedireita; 4 
debatebandminas; 4 
bonderenault; 4 
grexest; 3 
queremosacopa; 3 
amassajogajunto; 3 
palmeiras104anos; 3 
corinthians108anos; 3 
timão108; 3 
crf; 3 
lulaépresidiario; 3 
ptnuncamais; 3 
f1; 3 
trocadepasses; 3 
ciraonosegundoturno; 3 
elesnunca; 3 
bongocat; 3 
girlpower; 3 
amor; 3 
chamaomeirelles; 3 
7desetembro; 3 
santamarta; 3 
diadegrêmio; 3 
libertadores; 3 
sabeserbrasileiro; 3 
ahora; 3 
haddad; 3 
urgente; 3 
premierleaguenaespn; 3 
vergonha; 3 
falabrasil; 3 
segundosol; 3 
haddadelulanojn; 3 
prp; 3 
luto; 3 
debateband; 3 
criançaesperança; 3 
brasilacimadaonu; 3 
fofocalizandonosbt; 3 
spidermanps4; 3 
galo; 3 
estoucombolsonaro; 3 
joganogoogle; 3 
quintadetremurasdv; 3 
quartadetremurasdv; 3 
votobolsonaro17; 3 
datafolha; 3 
onu; 3 
programaraulgil; 3 
selecaobrasileira; 3 
lula; 3 
vice; 3 
geraldonagazeta; 3 
vemcomjoao30; 3 
maisanicholas; 3 
ospingonosis; 3 
educação; 3 
mulherescontrabolsonaro; 3 
fé; 3 
aquário; 3 
dançadosfamosos; 3 
pensamentododia; 3 
flaviobolsonarosenador177; 3 
nationalvideogamesday; 3 
mulherescontraofascismo; 3 
vamosflamengo; 3 
como; 3 
direitaunida; 3 
cruzeiro; 3 
fsradiobrasil; 3 
brasileirão2018; 3 
reclamoaquinotwitterpq; 3 
elesim17; 3 
reagesantos; 3 
geraldo45; 3 
f1nosportv; 3 
bbdebate; 3 
maislidas; 3 
ciro; 3 
photography; 3 
pergunteaociro12; 3 
joaoamoedo; 3 
amoedonopanico; 3 
bolsonaronaredetv; 3 
fantástico; 3 
youtube; 3 
altashoras; 3 
marinacomciro; 3 
inter; 3 
votemarina18; 3 
timelulu; 2 
ficadica; 2 
stfvergonhanacional; 2 
futebol; 2 
ucl; 2 
anos80; 2 
ospingosnosis; 2 
todoscontraopt; 2 
geraldonojn; 2 
vaicorinthians; 2 
novo; 2 
amoedonosdebates; 2 
amoedo; 2 
partidonovo; 2 
tchauquerido; 2 
elesnão; 2 
neverforget; 2 
elasnão; 2 
bbnaveia; 2 
italiangp; 2 
cironosegundoturno; 2 
sabatinaestadaofaap; 2 
falaciro12; 2 
dia07é17; 2 
mucbvive; 2 
metroid; 2 
gaming; 2 
bolivia; 2 
motivação; 2 
frases; 2 
flamengo; 2 
flaxcam; 2 
homofobia; 2 
ele; 2 
debodecir; 2 
fichalimpa; 2 
fuerzaargentina; 2 
boulosnaredetv; 2 
vacinaréproteger; 2 
mood; 2 
camilacabello; 2 
gremio115anos; 2 
salvemasbaleias; 2 
museus; 2 
disappointed; 2 
mondaymood; 2 
mondaymorning; 2 
reconquista; 2 
respect; 2 
globolixo; 2 
emmys; 2 
spoxpal; 2 
marchanacionaluniversitaria; 2 
mendoza; 2 
astilleroríosantiago; 2 
movilización; 2 
marchanacionaleducativa; 2 
senado; 2 
unlp; 2 
lista10; 2 
universidadesenpeligro; 2 
chegadeprivilegios; 2 
joaonosbt; 2 
intxfla; 2 
timedavirada; 2 
vasxacf; 2 
zlatan500; 2 
diademarina; 2 
centraldaseleições; 2 
unga; 2 
oriotemjeito; 2 
haddadnojornalnacional; 2 
tocomtarcisio50; 2 
lulahaddadmanu13; 2 
jimin; 2 
riodejaneiro; 2 
deputadofederal; 2 
parabéns; 2 
teamo; 2 
afazendaaovivo; 2 
bolsonaronaglobonews; 2 
pose; 2 
bomdiafoxsports; 2 
greysanatomy; 2 
nojo; 2 
eliana; 2 
psblog; 2 
cpmf; 2 
masterchefprofissionais; 2 
elesnao; 2 
fabiomelhorgoleirodobrasil; 2 
expedientefutebol; 2 
grêmio115anos; 2 
catxgre; 2 
libertadores2018; 2 
conmebollibertadores; 2 
boulosterrorista; 2 
estamoscombolsonaro17; 2 
jairmessiasbolsonaro; 2 
ripcatra; 2 
jairbolsonaro17; 2 
vascodagama; 2 
sextadetremurasdv; 2 
sdv; 2 
tercadetremurasdv; 2 
lulapresidiario; 2 
orntemjeito; 2 
soudedireitaporque; 2 
thevoicebr; 2 
haddadnaglobonews; 2 
ocoisosim; 2 
foraptcrimeeleitoral; 2 
likelaleyenda; 2 
catra; 2 
segurança; 2 
écomciroqueeuvou; 2 
livemovel; 2 
cirofilhodapauta; 2 
vasco120; 2 
newyork; 2 
informei; 2 
textaocientifico; 2 
aquecimentoglobal; 2 
batmanday; 2 
empatia; 2 
ciência; 2 
primavera; 2 
quemmandoumatarobolsonaro; 2 
elesimbolsonaro17; 2 
associavasco; 2 
diadoprogramador; 2 
mucb; 2 
tocadaraposa3; 2 
éverdadeessebilete; 2 
debatedacnbb; 2 
assedioéhabitonopensi; 2 
forçajuan; 2 
leão; 2 
halamadrid; 2 
lafabrica; 2 
triste; 2 
paunocudaonu; 2 
boulosresponde; 2 
forçaanitta; 2 
noalajuste; 2 
unju; 2 
noalfmi; 2 
moreno; 2 
amoêdonosdebates; 2 
natgeovideo; 2 
premierleagueredetv; 2 
áries; 2 
videoshowaovivo; 2 
rodaviva; 2 
fifafootballawards; 2 
politica; 2 
jornalnacional; 2 
cruxsan; 2 
euvotojb17; 2 
forçafaca; 2 
forçaboulos; 2 
haddadélulanatv; 2 
fifathebest; 2 
casadachampions; 2 
marta; 2 
championsleaguenoeiplus; 2 
nofapsetember; 2 
falamaisgentilli; 2 
idol; 2 
forçapedro; 2 
respectariana; 2 
word; 2 
cbng1; 2 
nopsg; 2 
justdoit; 2 
biothreadbr; 2 
coelhão; 2 
oujairoujaera; 2 
bispoossesiofederal1012; 2 
pevaimudar; 2 
deus; 2 
gecomvc; 2 
ocapitaovoltou; 2 
estúdioi; 2 
spfc; 2 
orgulhoepaixão; 2 
falta3mesespradezembroeeu; 2 
haddad13; 2 
aovivo; 2 
haddadnojn; 2 
democracia; 2 
lulaço; 2 
anticapitalistasenred; 2 
stockcar; 2 
novo30; 2 
tuitutil; 2 
games; 2 
arquivobbc; 2 
laligafoxpremium; 2 
elavotaemquemquiser; 2 
anaamélianabandeirantes; 2 
elenaoelenunca; 2 
bigdata; 2 
regina14580; 2 
novelajesus43; 2 
novelajesus44; 2 
novelajesus39; 2 
novelajesus38; 2 
novelajesus; 2 
novelajesus40; 2 
mufc; 2 
balancogeralrj; 2 
tmjcombolsonaro17; 2 
balançogeralrj; 2 
gneleicoes2018; 2 
musica; 2 
canto; 2 
music; 2 
melhorcovernotvz; 2 
desenrolanotvz; 2 
joãocom6; 2 
joãonosbt; 2 
sundaymotivation; 2 
euvou; 2 
hoje; 2 
habemussemifinal; 2 
pcas; 2 
forapt; 2 
finalcantacomigo; 2 
arte; 2 
joãonosdebates; 2 
calabocagentili; 2 
aquiécorinthians; 2 
gorpg; 2 
marinanojornalnacional; 2 
meuprimeirotweet; 2 
bottledupoutnow; 2 
travel; 2 
nature; 2 
vocênãoestásozinho; 2 
debatesbtrio; 2 
smartcity; 2 
ai; 2 
2kday; 2 
desemprego; 2 
calabocatas; 1 
metrosp; 1 
google; 1 
zeedogbrasil; 1 
connectingdogsandpeople; 1 
angraéassim; 1 
zeedog; 1 
pagaogabriel; 1 
waterspout; 1 
florence; 1 
weather; 1 
lightning; 1 
noaa42; 1 
gordon; 1 
hurricanelane; 1 
hawaii; 1 
switzerland; 1 
meteorologia; 1 
ncwx; 1 
scwx; 1 
ge; 1 
trbrasil; 1 
sad; 1 
mostraseuburaco; 1 
southamericamemes; 1 
vempraruamourão; 1 
porvocêportodos; 1 
7setembro; 1 
alckiminnojornalnacional; 1 
odeionovela; 1 
fútbol; 1 
colven; 1 
boca; 1 
vo; 1 
emmys2018; 1 
dorotheatanning; 1 
avrillavigne; 1 
wellingtondiasgate; 1 
generalmourao; 1 
botd; 1 
jessicabiel; 1 
masterminds11; 1 
dostoiévski; 1 
nightnight; 1 
ahsapocalypse; 1 
ernst; 1 
emmy2018; 1 
perdeutiffany; 1 
jrnews; 1 
meseguenogab; 1 
medo; 1 
expertxp; 1 
danilomito; 1 
duasferasdochelsea; 1 
jsbt; 1 
sónacausa; 1 
elanão; 1 
ciroécoroné; 1 
haddadédilma; 1 
caiuem90; 1 
timedopovo; 1 
semcopinha; 1 
semmundial; 1 
jogaipornós; 1 
nuncafoifácil; 1 
eterno6a1; 1 
revoltadasbistecas; 1 
tombraider; 1 
lagrandesophie; 1 
psdb; 1 
pracegover; 1 
bolsonaronao; 1 
personalité; 1 
acessibilidade; 1 
proenemaovivo; 1 
vieirapresidente; 1 
intensivaproenem; 1 
teambiologicas; 1 
livresdolula; 1 
elesnuncamais; 1 
helenao; 1 
lulacontinuapreso; 1 
ptnão; 1 
kirchner; 1 
pateandojuntos; 1 
operativocandidata; 1 
cristina; 1 
ms2; 1 
guerreiroscampeões; 1 
sep; 1 
machado; 1 
aeroportocongonhas; 1 
latam; 1 
duendeésocialista; 1 
euacreditonoduende; 1 
seomengaoseclassificar; 1 
euvotonoduende; 1 
queremoslaterais; 1 
forarodinei; 1 
voltaimperador; 1 
euacreditoemduende; 1 
votosocioambiental; 1 
brazil; 1 
almaecoração; 1 
famíliapalmeiras; 1 
aindomadanoviva; 1 
alwaystired; 1 
internationaldayofpeace; 1 
amy35; 1 
egyptstation; 1 
ixpónuncaserá; 1 
pergunteaojoao; 1 
libertarian; 1 
diadarevoluçãofarroupilha; 1 
elesimpiririm; 1 
fullyfox; 1 
brasilacimadetudoedeusacimadetodos; 1 
andersonpresente; 1 
festivallulalivresp; 1 
videoshow; 1 
thevoice; 1 
maisumpedaço; 1 
guerreirascombolsonaro; 1 
bolsomitoooo; 1 
outlander; 1 
truedetective; 1 
retrogaming; 1 
pixelart; 1 
banjokazooie; 1 
samus; 1 
wip; 1 
8bit; 1 
samuscosplay; 1 
cosplay; 1 
lingerie; 1 
16bit; 1 
thelegendofzelda; 1 
myheroacademia; 1 
metroid32; 1 
uru; 1 
rede; 1 
nicaragua; 1 
leydebolsas; 1 
oeaenbrasil; 1 
oea; 1 
juizdefora; 1 
cartagena; 1 
oeanobrasil; 1 
pasantíasoea; 1 
brasil2018; 1 
montevideo; 1 
deco; 1 
mex; 1 
invictafc31; 1 
chato; 1 
mulherdefrases; 1 
frasesfernandamello; 1 
gratidao; 1 
feminismo; 1 
relacionamentoabusivo; 1 
princesaderua; 1 
textos; 1 
krash; 1 
empoderamentofeminino; 1 
metaopé; 1 
letitgo; 1 
frasedodia; 1 
quotes; 1 
fimderelacionamento; 1 
lutecomoumagarota; 1 
sororidade; 1 
quotesaboutlife; 1 
fernandamello; 1 
quoteoftheday; 1 
relacionamento; 1 
issonaoehamor; 1 
amarépunk; 1 
frasefernandamello; 1 
trechosdelivros; 1 
esperança; 1 
spacejam2; 1 
ccrbarcas; 1 
kingjames; 1 
cinefoot2018; 1 
lbj; 1 
nyjvscle; 1 
bmth; 1 
quemestapagandoosadvohados; 1 
quemestapagandoosadvogados; 1 
elasnao; 1 
bolsonarosim; 1 
bolsonaroprimeiroturno; 1 
elenãoelenunca; 1 
loscuadernosdelacoima; 1 
todorojo; 1 
macriyotebanco; 1 
libertadoresfoxcports; 1 
queenradio; 1 
linhadedomingo; 1 
fila; 1 
ensinodomiciliar; 1 
mondaymotivaton; 1 
priscilatossan; 1 
salvemestepaís; 1 
vacineseufilho; 1 
transcol; 1 
museunacionalemchamas; 1 
bolsonaropresidente2018; 1 
f2b; 1 
disclosure; 1 
ufo; 1 
media; 1 
kgra; 1 
me_irl; 1 
borabora; 1 
devastatedday; 1 
biscoionão; 1 
bolsominionsecreto; 1 
inspirador; 1 
inthedark; 1 
real; 1 
jão; 1 
eita; 1 
dog; 1 
bottleup; 1 
scandal; 1 
papotech; 1 
pernambuco; 1 
caruaru; 1 
blogdoadrianoluiiz; 1 
notíciaeentretenimento; 1 
blogdoadrianoluiz; 1 
blondie; 1 
playstationclassic; 1 
bolsonaroreturn; 1 
friendsday; 1 
risos; 1 
florida; 1 
giantspride; 1 
mangkhut; 1 
20desetembro; 1 
sextanacbn; 1 
deutschland; 1 
nflbrasil; 1 
blocksestúpidos; 1 
saveversaillesseries; 1 
alemanha; 1 
catsoftwitter; 1 
thursdaythoughts; 1 
história; 1 
ompongph; 1 
dragrace; 1 
slbscp; 1 
atletismobenfica; 1 
tudoporportugal; 1 
jsdmatosinhos; 1 
psd; 1 
jsd; 1 
umacamisolaváriasemoções; 1 
announcemalcom; 1 
shwwol; 1 
psdmatosinhos; 1 
watfordfc; 1 
usopen2018; 1 
choquedemonstro; 1 
danielamercurynao; 1 
anittanao; 1 
alumack; 1 
ehisto; 1 
carlinhosmaianotvz; 1 
bonecasafadinha; 1 
naosomosumafraquejada; 1 
onufakenews; 1 
followfriday; 1 
wwe2k19ratingreveal; 1 
wwe2k19; 1 
kingmaxelforwwedabut; 1 
dota2ti; 1 
donaldtrump; 1 
dilmasenadora; 1 
nike; 1 
vuelvesexypipol; 1 
women; 1 
aprvscha; 1 
bastaderepresion; 1 
bastadeajuste; 1 
bastadepersecución; 1 
macri; 1 
educación; 1 
chichamariani; 1 
pasaron1000cosas; 1 
bastadeperseguir; 1 
17deagosto; 1 
garro; 1 
nomearrepiento; 1 
parogeneral; 1 
lagarcía; 1 
vidalespeorquemacri; 1 
recomendada; 1 
nochedeloslapices; 1 
navarro2019; 1 
eleccionesctadelxstrabajadorxs; 1 
juliolópez; 1 
militarizaciónfrontera; 1 
díadelaniñez; 1 
conferenciadeprensa; 1 
nasimiusef; 1 
aumentatodo; 1 
hay2019; 1 
represion; 1 
vidal; 1 
bastadetarifazos; 1 
cristinaconduccion; 1 
buenmartes; 1 
sanmartin; 1 
bastadementiras; 1 
eldestaperadio; 1 
elecionescta; 1 
noesjusticiaesvenganza; 1 
banderazonacional; 1 
ateneonk_laplata; 1 
libertadordeamerica; 1 
jwcooke; 1 
arrancamos; 1 
bastadedespidos; 1 
diadelaniñez; 1 
reprimevidal; 1 
eeuu; 1 
constitucional; 1 
ayer; 1 
laplata; 1 
cuba; 1 
tristerumbo; 1 
unidad; 1 
londres; 1 
tomadelrectorado; 1 
persecuciónpolítica; 1 
luisalmagro; 1 
felizprimavera; 1 
fuerzadecristina; 1 
hayquesalvarlapatria; 1 
represión; 1 
regióncapital; 1 
bastadehambre; 1 
barriofuturo; 1 
elastilleronosetoca; 1 
diadelestudiante; 1 
ferro; 1 
camioneros; 1 
astillerosriosantiago; 1 
vote13; 1 
reforma; 1 
fuerzacristina; 1 
cfk; 1 
bastamacri; 1 
ataque; 1 
falsabandera; 1 
unidoscontraacorrupção; 1 
timealexis; 1 
somostodoslavajato; 1 
imagemdasemana; 1 
unidoscontraacorrupcao; 1 
joãoamoêdonosdebates; 1 
nãoreelejaninguém; 1 
tenereroraima; 1 
amajari; 1 
tenere; 1 
brasildoextremonorte; 1 
roraima; 1 
brasildoextronorte; 1 
tenererr; 1 
uphilltepequém; 1 
roraimadefato; 1 
tepequem; 1 
boavista; 1 
tepequemuphill; 1 
uphilltepequem; 1 
makebrasilgreatagain; 1 
jdk12; 1 
centraldaseleicoes; 1 
torvla; 1 
comunismo; 1 
raiz; 1 
citecoisasaleatorias; 1 
segundosol100; 1 
diadetricolor; 1 
icechad2018; 1 
citinewsroom; 1 
tedxnations; 1 
iffs; 1 
madiba; 1 
youneedtoknow; 1 
africa; 1 
cathedralsenanu; 1 
climateaction; 1 
centralafrica; 1 
peoplevspurpose; 1 
amen; 1 
cnr; 1 
antoniopedro; 1 
hrc39; 1 
unyoungleaders; 1 
southernafrica; 1 
parisagreement; 1 
notetoself; 1 
rohingyas; 1 
ramaphosa; 1 
globalgoals; 1 
corruption; 1 
igad; 1 
youth2030; 1 
chad; 1 
eastafrica; 1 
taxation; 1 
rwanda; 1 
ethiopia; 1 
acathedralsenanu; 1 
fbf; 1 
afcfta; 1 
mauritius; 1 
ffmmyanmar; 1 
humandevelopmentindex; 1 
myanmar; 1 
eca; 1 
sercop; 1 
cnt; 1 
galápagos; 1 
compromisoparaservir; 1 
mariellevive; 1 
confirma13; 1 
justicaparamarielleeanderson; 1 
haddadpresidente13; 1 
haddademanu; 1 
tocomogordinho; 1 
justiçaparamarielle; 1 
vitoria; 1 
euacreditonogordinho; 1 
sóalutamudaavida; 1 
justiçapormarielle; 1 
euacreditonogatinho; 1 
movimentoestudantil; 1 
tarcisio50; 1 
alerj; 1 
inclusão; 1 
50nopeito; 1 
divulgue50; 1 
haddadelula; 1 
euacreditono50; 1 
tocomtarcisio; 1 
dúvida; 1 
내마음; 1 
오늘의방탄; 1 
generationunlimited; 1 
포트워스2회차공연; 1 
lasvegas; 1 
namanana; 1 
btsloveyourselftour; 1 
thesocialcelebrity; 1 
꾹; 1 
오키나와; 1 
bt21; 1 
btsonagt; 1 
종대야생일축하해; 1 
exo_musicbankinberlin; 1 
lay; 1 
happychenday; 1 
벌칙아님; 1 
autumn; 1 
gucci_kai; 1 
callmebaby200m; 1 
btsxunitednations; 1 
vante; 1 
exo; 1 
방탄밤; 1 
종대야사랑해; 1 
happybirthdaychen; 1 
진호; 1 
itaboraí; 1 
joãocarlosjk4412; 1 
mudança; 1 
sãogonçalo; 1 
niterói; 1 
joaocarlosjk; 1 
niteroi; 1 
renovação; 1 
renovarépreciso; 1 
naobolsonaro; 1 
libra; 1 
horadeporcafé; 1 
parabénspalmeiras; 1 
afreira; 1 
borala; 1 
magra; 1 
whatsapp; 1 
academiatour; 1 
diadosprofessores; 1 
chile; 1 
gorda; 1 
hannibal; 1 
pipoca; 1 
brunohenrique; 1 
mulheresnaapicultura; 1 
apucultura; 1 
otempoanaopara; 1 
otemponaopara; 1 
apiariomaenatureza; 1 
beekeepers; 1 
beekeeping; 1 
abelhas; 1 
debatebandpr; 1 
lier; 1 
holidays; 1 
goprofusion; 1 
bullying; 1 
typhoonjebi; 1 
goodmorning; 1 
gettingstronger; 1 
gettingstrong; 1 
stupid; 1 
winter2018; 1 
winter; 1 
islamic; 1 
happydays; 1 
fellingstronger; 1 
toyforadults; 1 
newreleases; 1 
jetlag; 1 
gymmotivation; 1 
ridiculous; 1 
flyers; 1 
brexit; 1 
bully; 1 
motivation; 1 
wore; 1 
ek203; 1 
gymtime; 1 
dubai; 1 
towerbridge; 1 
disgrace; 1 
digusting; 1 
greatservice; 1 
iphones; 1 
noforbullying; 1 
saturdaymotivation; 1 
typhoon21; 1 
newiphone; 1 
boarding; 1 
excited; 1 
mondayvibes; 1 
mondayfeeling; 1 
ukburkaban; 1 
gopro; 1 
opredador; 1 
canalsandrorocha; 1 
elevaiserseupresidente; 1 
resenha; 1 
tvtime; 1 
rihanna; 1 
emmytnt; 1 
poseonfx; 1 
boruto; 1 
poc; 1 
superdrags; 1 
borutonarutonextgenerations; 1 
frasesinspiradoras; 1 
oabxxvii; 1 
moocaémooca; 1 
oab; 1 
bolo; 1 
frasescurtas; 1 
meucurso; 1 
girlboss; 1 
atardeesua; 1 
sony; 1 
vemmeteoro; 1 
symbiote; 1 
marvelsspiderman; 1 
venom; 1 
pixaloop; 1 
begreater; 1 
dica; 1 
ps4; 1 
deathstranding; 1 
marvel; 1 
vascoserieb; 1 
cadêaraçamengão; 1 
ibope; 1 
aquiéflamengo; 1 
marterchefbr; 1 
meuamor; 1 
ei; 1 
muitoamor; 1 
dificildecomer; 1 
meugrudinho; 1 
turminhadocoração; 1 
cbfsemmoral; 1 
xboxone; 1 
argentinofoxsports; 1 
disi; 1 
hansenpresidente; 1 
ps; 1 
rio2016; 1 
liampaynevmas; 1 
won1dz; 1 
happybirthdayliam; 1 
lpfirsttime; 1 
liampayne; 1 
1000dayswithout1d; 1 
dedeselecao; 1 
pergunteaogeraldo45; 1 
soytridaamérica; 1 
donosdaamérica; 1 
embuscadotetra; 1 
esporteinterativomorreu; 1 
bolsonarodebateredetv; 1 
presidente; 1 
marcelobretas; 1 
mimimi; 1 
ibopemeexplicaisso; 1 
herbalifenutrition; 1 
bpc; 1 
colagenoverisol; 1 
herbalifebrasil; 1 
alimentacao; 1 
rendaextra; 1 
cheers; 1 
artemilenar; 1 
resilienciahumana; 1 
ensinamento8; 1 
bonsai; 1 
professorenio; 1 
varandinha; 1 
crimesemrespostasmeexplica; 1 
sigameetesigo; 1 
opinesobreamaconha; 1 
boletimmatutino; 1 
datafalha; 1 
betoricha; 1 
trackdodia; 1 
gravíssimo; 1 
nuevafotodeperfil; 1 
lulanoinferno2018; 1 
mbl; 1 
cbm; 1 
aqueleabraço; 1 
manusofreumachismo; 1 
originpcfamily; 1 
intelgamerdays; 1 
superchef; 1 
rj; 1 
plagueinc; 1 
chico500; 1 
tarcisionaband; 1 
peakyblinders; 1 
quemmandomatarbolsonaro; 1 
rbd; 1 
welcometobrazilnicki; 1 
mentirasverdaderas; 1 
lovebychanceseries; 1 
prêmiomultishow; 1 
likelalayenda; 1 
videofavorito; 1 
sexta; 1 
fazenda10; 1 
cuiaba; 1 
estagiotwitter2019; 1 
latinamas; 1 
globorepórter; 1 
segundou; 1 
saudemental; 1 
segundafeira; 1 
animal; 1 
like; 1 
diadaárvore; 1 
trump; 1 
dia7é17; 1 
biweek; 1 
elejamais; 1 
coitada; 1 
eusougv; 1 
luladrão; 1 
coisasquepenso; 1 
bo2; 1 
fato; 1 
haedbanger; 1 
aprende; 1 
twitter; 1 
rock; 1 
babymetal; 1 
blackops2; 1 
mudabrasildeverdade; 1 
prouni; 1 
sóverdades; 1 
paidemenina; 1 
rainha; 1 
popstar; 1 
cironacnbb; 1 
conhecemos; 1 
acelerasp; 1 
vicerodrigogarcia; 1 
segue; 1 
viceanamelialemos; 1 
alcknim; 1 
joaodoria; 1 
sabe; 1 
joão; 1 
vitorias; 1 
geraldoalcknim; 1 
45governador; 1 
estamos; 1 
mudabrasilparamelhor45; 1 
geraldonaglobonews; 1 
quempagouadelio; 1 
brasilacimadetudodeusacimadetodos; 1 
soacho; 1 
sdnsul; 1 
sdnriobonito; 1 
nãoaguentogenteque; 1 
saibadizernaosp; 1 
bellator204; 1 
foxfightclub; 1 
sul; 1 
desapontado; 1 
movimentolaranja; 1 
dineyworld; 1 
amoedo30; 1 
joaoamoedo2018; 1 
starwars; 1 
intersexo; 1 
dialaranja; 1 
ripmrcatra; 1 
nodjseptember; 1 
azarado; 1 
cassionatvarapuan; 1 
luiainelegivel; 1 
debatearapuan; 1 
bolsonaro2018euvoto; 1 
zonarojanfl; 1 
sfb8; 1 
maratón; 1 
falhanossa; 1 
realmadridcastilla; 1 
atletieibar; 1 
metropolitano; 1 
laliga; 1 
voacondor; 1 
raiders; 1 
nfl; 1 
laurna; 1 
atleti; 1 
balondor; 1 
cretinicefundamental; 1 
khalilmack; 1 
49ers; 1 
nevergiveup; 1 
quagliarella; 1 
fantasyfootball; 1 
esqueceomundolafora; 1 
seraley; 1 
télam; 1 
lineab; 1 
dementia; 1 
mariadorosario1370; 1 
haddademanu13; 1 
bvlab; 1 
feriadao; 1 
turistando; 1 
essipe; 1 
amelhormaedomundo; 1 
colodemae; 1 
becodobatman; 1 
altasresenhas; 1 
saopaulo; 1 
maisasilva; 1 
maisasilvaig; 1 
omecanismo; 1 
maisasilvatv; 1 
ficamarcela; 1 
meetings; 1 
equinox2018; 1 
equinócio; 1 
coaching; 1 
notíciasabc; 1 
worldsuicidepreventionday; 1 
sbpc; 1 
palestras; 1 
suicídio; 1 
talklikeapirateday; 1 
saúdemental; 1 
imunidade; 1 
science; 1 
depressão; 1 
comunicação; 1 
academia; 1 
ensino; 1 
saúde; 1 
vacinas; 1 
caridade; 1 
universidades; 1 
desenvolvimento; 1 
sarampo; 1 
pesquisa; 1 
symposia; 1 
observatóriodoclima; 1 
superlidas; 1 
career; 1 
cnpq; 1 
conferences; 1 
southernhemisphere; 1 
jahreszeiten; 1 
jornalismo; 1 
imigrantes; 1 
carreira; 1 
frühling; 1 
spring; 1 
17paraobemdobrasil; 1 
emilioaposentou; 1 
ruanetnao; 1 
lulavre; 1 
capitãovoltou; 1 
ultimato; 1 
meucandidato; 1 
debatebandrio; 1 
debategazeta; 1 
sótocatop; 1 
otemponãopara; 1 
compartilheaverdade; 1 
endireitebr; 1 
quevergonha; 1 
vamocruzeiro; 1 
jogoseducacionais; 1 
leitura; 1 
aprendizado; 1 
mem10anos; 1 
campogrande; 1 
dancadosfamosos; 1 
maisvocê; 1 
foxsports; 1 
mclan2018; 1 
evangelion; 1 
lulahaddadmanu; 1 
lulanasurnastse; 1 
dcuniverse; 1 
gamescom; 1 
cirodaputa; 1 
mulherescontraofacismo; 1 
mulheresunidascontraobolsonaro; 1 
cruzeirocabuloso; 1 
quemmandoumatarjb; 1 
forçarafa; 1 
lulaladrao; 1 
ksivlogan; 1 
ksivslogan; 1 
programadoporchat; 1 
façaumpedido; 1 
otwitternãoéfacebook; 1 
divadepressao; 1 
guaibanews; 1 
liganaguaiba; 1 
semneurose; 1 
bolsolixo; 1 
smurfsdabarragem; 1 
botafogo; 1 
paixão; 1 
diadospais; 1 
botxcam; 1 
suavidaimporta; 1 
vermelhopornós; 1 
museunacionaldorj; 1 
genarowlands; 1 
missdandme; 1 
annebancroft; 1 
melbrooks; 1 
ingridbergman; 1 
bettedavis; 1 
johncassavetes; 1 
cabodaciolo51; 1 
voudeciroporque; 1 
pugb; 1 
안엑컴_365일_같이듣자_365; 1 
algunsdefeitos; 1 
rmcity; 1 
zédarecaída; 1 
donamaria; 1 
conceptcar; 1 
dindindin; 1 
aimeusfilhos; 1 
flaxvit; 1 
mulambos; 1 
shownagávea; 1 
promundomelhorarsófalta; 1 
timedetradição; 1 
quartz; 1 
garotosdoninho; 1 
fechamento; 1 
horadofaro; 1 
flaxcha; 1 
flabasquete; 1 
tevejoemtodososcantos; 1 
arquibancadaincendeia; 1 
queseitaehessa; 1 
premioassembleialegislativa; 1 
taxuvenduai; 1 
radareleitoral; 1 
ovotoimporta; 1 
41expointer; 1 
jornalistaagredidopelocirogomes; 1 
segueolider; 1 
expointer2018; 1 
euconfionapf; 1 
akitaxuvendu; 1 
chocada; 1 
tval; 1 
curiosa; 1 
pesquisaibope; 1 
lavajatodotwitter; 1 
curtasgauchos2018; 1 
bolsonaroesfaqueado; 1 
cultura; 1 
semanafarroupilha; 1 
corajoso; 1 
esteiors; 1 
morningglory; 1 
jamiroquai; 1 
facebook; 1 
sobremesa; 1 
domingo; 1 
wutang; 1 
vaisernoprimeiroturno17; 1 
eusouespm; 1 
arenaofvalor; 1 
aov; 1 
rov; 1 
deusdemilares; 1 
impostosnobrasil; 1 
selobrazyl; 1 
mouraonagnews; 1 
sbtnotícias; 1 
fail; 1 
discordototalmente; 1 
neuquen; 1 
docente; 1 
lomas; 1 
cgt; 1 
diecis1e7e; 1 
juventudjudicial; 1 
montegrande; 1 
chubut; 1 
bsas; 1 
sanluis; 1 
txs; 1 
neuquén; 1 
garcas; 1 
uncaus; 1 
jup; 1 
díadelestudiante; 1 
rosario; 1 
santacruz; 1 
unl; 1 
jujuy; 1 
sanjuan; 1 
larioja; 1 
secgralfua; 1 
unq; 1 
fuj; 1 
juventud; 1 
ceuncaus; 1 
funyp; 1 
salta; 1 
ceunaj; 1 
mejorquedecireshacer; 1 
prohibidoolvidar; 1 
juventudsindical; 1 
defendamoslauniversidad; 1 
defendamoslaeducaciónpública; 1 
diadelniño; 1 
fuses; 1 
congresodelanación; 1 
rectores; 1 
leydebecas; 1 
utn; 1 
sgodelestero; 1 
unpsjb; 1 
chaco; 1 
unqui; 1 
misiones; 1 
jurídicas; 1 
corrientes; 1 
catamarca; 1 
fulz; 1 
stacruz; 1 
rionegro; 1 
100años; 1 
formosa; 1 
defendamoslauniversidadpublica; 1 
lapampa; 1 
azulalcentro; 1 
fantasmadelaalianza; 1 
noocente; 1 
chetosdelortooooo; 1 
leynacionaldebecas; 1 
launiversidadnosevende; 1 
sindicatos; 1 
marchafederaluniversitaria; 1 
unidosxlaunaj; 1 
entreríos; 1 
universidadpública; 1 
nacionalpopularfeminista; 1 
unse; 1 
uejn; 1 
podemoshablar; 1 
unca; 1 
sempneuzinhoevcsabebemmmm; 1 
vemcomjoão; 1 
vitinhopreguiça; 1 
lombapresidente; 1 
jeongyeon; 1 
momo; 1 
nayeon; 1 
bdz; 1 
sana; 1 
사나; 1 
나연; 1 
twicetagram; 1 
정연; 1 
soribada; 1 
jihyo; 1 
シブヤノオト; 1 
mina; 1 
모모; 1 
쯔위; 1 
nayeon_com_franja; 1 
dahyun; 1 
tt; 1 
beanpole; 1 
미나; 1 
트와이스; 1 
tzuyu; 1 
다현; 1 
티티; 1 
chaeyoung; 1 
채영; 1 
nayeon_tv; 1 
지효; 1 
twice; 1 
pranamorarcmgtemq; 1 
estudianteslp; 1 
copaargentina; 1 
sorrisomarotonotvz; 1 
liganagazeta; 1 
bahxint; 1 
grexpar; 1 
intxpar; 1 
hobby; 1 
nationaldogday; 1 
happy; 1 
nationalhoneymonth; 1 
topten; 1 
worldfirstaidday; 1 
mondaymotivation; 1 
healthy; 1 
nationalreadabookday; 1 
intotheunknown; 1 
wealthy; 1 
lulaécandidato; 1 
todosbolsonaro; 1 
gopaitrots; 1 
capxbah; 1 
capxfla; 1 
brasileirão; 1 
danilogentili; 1 
gentili; 1 
datafraude; 1 
calaabocaciro; 1 
bolsonarosimnoprimeiroturno; 1 
saudadedapreta; 1 
aminhavidavaimedaroutra; 1 
euplanteipalmeirasnocoração; 1 
arkit; 1 
hologram; 1 
zappeando; 1 
snapar; 1 
ar; 1 
vamosbrazil; 1 
manofmedan; 1 
oscarwilde; 1 
aceitaimperador; 1 
rifadobem; 1 
eliminado; 1 
djh7; 1 
jahbless; 1 
eazyclub; 1 
baladamortosvivos; 1 
moluscopreso; 1 
chorapetista; 1 
somostodosdesajustados; 1 
temperaturamáxima; 1 
modric; 1 
fcbfca; 1 
psgsdr; 1 
boatardefox; 1 
flaxgre; 1 
job; 1 
prettyhurts; 1 
surto; 1 
me; 1 
foralomba; 1 
girl; 1 
recordaréviver; 1 
brazilian; 1 
quefestaodaporra; 1 
spirit6anos; 1 
posteiehsaicorrendo; 1 
flaxcor; 1 
openfuture; 1 
bolsonaronoprimeiroturno; 1 
geraldoalckmin; 1 
bolsonarojn; 1 
bolsonaro17no1oturno; 1 
dinheiro; 1 
feministas; 1 
ninguém; 1 
alckminpresidente; 1 
politicamenteincorreto2018; 1 
globo; 1 
polemica; 1 
caixa2; 1 
brazilloveszayn; 1 
valentinemusicvideo; 1 
harrystyles; 1 
artistafavoritocrossover; 1 
directioners; 1 
faltam8pts; 1 
cruxcam; 1 
bbmp; 1 
portchatespecial; 1 
porchatespecial; 1 
sanxbah; 1 
verguenzaconmenbol; 1 
rumoaotetra; 1 
destaquesdobrasileirão; 1 
ficaperes; 1 
dodôcafonadobem; 1 
jogosagrado; 1 
semteuolhar; 1 
substitutadechiquutitas; 1 
detalhe; 1 
amanhãeparasempre; 1 
audienciassel; 1 
acordapaixão; 1 
gataselvagemnatvaparexida; 1 
morrabolsonaro; 1 
fracassaparasempre; 1 
gataselvagemnatvaparecida; 1 
mortebolsonaro; 1 
elcolordelapasión; 1 
aquenãopodiaamar; 1 
coraçãoesmeralda; 1 
novohorario; 1 
carrossel; 1 
novelasdatarde; 1 
leodiasforadofofocalizando; 1 
laquenopodiaamar; 1 
sintumirada; 1 
domingoespetacular; 1 
fikadika; 1 
vaaaaaaipomba; 1 
vemmaisporaí; 1 
duvida; 1 
viciante; 1 
confrariarsmusic; 1 
fifaratings; 1 
copadobrasil2018; 1 
letstalk; 1 
depression; 1 
vamostricolor; 1 
sérieb2018; 1 
ursoo; 1 
idolchallenge; 1 
pai; 1 
wakandaforever; 1 
endviolence; 1 
엔티크; 1 
love_yourself_結_answer; 1 
cantacomigo; 1 
jaguarsvsgiants; 1 
foreveralone; 1 
princesinha; 1 
duuuval; 1 
amigão; 1 
lisete50; 1 
lisetenosbt; 1 
lisetenagazeta; 1 
debatesbt; 1 
lutopelomuseunacional; 1 
mercadodecapitales; 1 
silvercloudadvisors; 1 
pablo; 1 
iago; 1 
roger; 1 
jadson; 1 
maidana; 1 
cartolafcnaradioglobo; 1 
pjl; 1 
lucaslima; 1 
pantera; 1 
projetobiquininhonotusca2018; 1 
g; 1 
50milnomaraca; 1 
vempracolina; 1 
prontofalei; 1 
boapetrucci; 1 
taosso; 1 
vasxafc; 1 
guerra; 1 
diadevasco; 1 
torcidavascopatrocionadormaster; 1 
e24vas; 1 
lancearena; 1 
novoalmirante; 1 
vascoxbahia; 1 
obrigadosenhor; 1 
rumoaos50mil; 1 
sempreaoladodovasco; 1 
kyokushin; 1 
blablabla; 1 
oss; 1 
shinkyokushin; 1 
copa; 1 
karate; 1 
osu; 1 
luta; 1 
fight; 1 
skateboard; 1 
torneio; 1 
skate; 1 
oyama; 1 
weyne; 1 
osegundosol; 1 
timão; 1 
yanroberto; 1 
molly; 1 
korea; 1 
chelsea; 1 
brady; 1 
brownlow; 1 
onstorm; 1 
ottawaoutage; 1 
issa; 1 
wots2018; 1 
armyrun; 1 
cccagm18; 1 
sundaymorning; 1 
insecurehbo; 1 
pats; 1 
patriots; 1 
lions; 1 
nevsdet; 1 
abc; 1 
recadodolula; 1 
umtetotododelas; 1 
skoob; 1 
lulapresidente; 1 
folha; 1 
alexandregarcia; 1 
jairbolsonaroesfaqueado; 1 
blouin_artinfo; 1 
fashiondesigners; 1 
punk; 1 
wedding; 1 
mattybovan; 1 
flow; 1 
virginia; 1 
boho; 1 
weddinghour; 1 
designer; 1 
instagramsuperstar; 1 
artinfo; 1 
mariagraziachiuri; 1 
ss2019; 1 
blouin; 1 
hatsoff; 1 
southcarolina; 1 
fossilfriday; 1 
marykatrantzou; 1 
northcarolina; 1 
weddingvenue; 1 
cmcuncrated; 1 
inlove; 1 
lfw; 1 
nyfw; 1 
theedge; 1 
onlinesamplesale; 1 
fallinlove; 1 
partiudubai; 1 
odeiojenteq; 1 
linhadequinta; 1 
linhapraque; 1 
sqn; 1 
poesiaacustica5; 1 
afilhadafaz15; 1 
piquemicheldouglas; 1 
prahjbasta; 1 
caosnorio; 1 
paznocore; 1 
cozinhaaquatromaos; 1 
físicathreadbr; 1 
lukelivre; 1 
matthreadbr; 1 
astrothreadbr; 1 
yorkshire; 1 
biewerterrier; 1 
eugostoquando; 1 
fdp; 1 
palmeirasxcruzeiro; 1 
varpraque; 1 
roubaramoporco; 1 
estadao; 1 
nossaselecao; 1 
goat; 1 
portaldosprocurados; 1 
eduardogomes; 1 
porinteiro; 1 
leandrocontraela; 1 
apae; 1 
jairoujaera; 1 
novoaliadodopt; 1 
loverosie; 1 
cartola; 1 
weezer; 1 
pianista; 1 
felipevalente; 1 
lauredaigle; 1 
musicvideos; 1 
artista; 1 
kennychesney; 1 
onerepublic; 1 
shawnmendes; 1 
morganevans; 1 
mudar; 1 
teoriadaconspiracao; 1 
arethafranklin; 1 
billboard; 1 
grammy; 1 
dylanscott; 1 
kanebrown; 1 
johnwilliams; 1 
whatshappeningtomusic; 1 
imaginedragons; 1 
billboardhot100; 1 
panicatthedisco; 1 
edsheeran; 1 
figxcsa; 1 
indiretasdiretas; 1 
estadualwilliambrigido; 1 
williambrigido10123; 1 
deagora; 1 
agoramudoubispoossesioefederal; 1 
fechadocombispoossesio; 1 
umdiadedomingo; 1 
israeltrip; 1 
porai; 1 
bahia; 1 
salvador; 1 
ótimodomingo; 1 
thursday; 1 
deputadofederal1012; 1 
tracunhaém; 1 
universalpernambuco; 1 
setembro; 1 
tuesday; 1 
praiadabarra; 1 
viagens; 1 
éfederal; 1 
marido; 1 
éfederal1012; 1 
agoramudou; 1 
bispoossesioéfederal; 1 
agoramudou1012; 1 
eestadual10123; 1 
federalé1012; 1 
unidas; 1 
porcopeiro; 1 
verdãodobrasil; 1 
bbbanco; 1 
somos; 1 
bbtchau; 1 
sylvia13713; 1 
somosaluta; 1 
pracimadelescoelho; 1 
simborsmengao; 1 
tamojuntobmd; 1 
tamojuntobmdboa; 1 
f1driveroftheday; 1 
avantitricolor; 1 
vamossaopaulo; 1 
tricolorpaulista; 1 
govrj; 1 
vote; 1 
souatd; 1 
faetec; 1 
cbf; 1 
forasidão; 1 
brasileirao2018; 1 
edicao18; 1 
empauta; 1 
saoxflu; 1 
brasileiraonosportv; 1 
bolsonaronão; 1 
lavercup; 1 
elenaoecorrupto; 1 
anittanão; 1 
elenaoestapreso; 1 
cbfvergonha; 1 
saladeredação; 1 
centraldotorcedor; 1 
bigode; 1 
pitadinhahistórica; 1 
eduardojorgenaveja; 1 
always; 1 
somosmadeinbrazil; 1 
tudomec; 1 
luladissesouhaddad; 1 
partidonovomeusovo; 1 
seureimandouavisar; 1 
haddadélulalá; 1 
lulaladrãodecoração; 1 
tapresonoscorações; 1 
torturanuncamais; 1 
ditaduranuncamais; 1 
lulanocoração; 1 
noissofremaiznoisgoza; 1 
off; 1 
savecleytin; 1 
ciropresidente12; 1 
setienenqueir; 1 
sonellxsonosotrxs; 1 
fueraelfmi; 1 
sosnicaragua; 1 
defendamoslasaludpublica; 1 
todescontrabolsonaro; 1 
fueramacri; 1 
dujovne; 1 
medicina; 1 
hospitalposadas; 1 
ganamosmedicina; 1 
diadeljubilado; 1 
stockcarnosportv; 1 
smokeyandthebandit; 1 
burtreynolds; 1 
ponitac; 1 
glasurit; 1 
transam; 1 
jacksonville; 1 
boraprasemi; 1 
amoedonodebate; 1 
joaoamoedo30; 1 
roubartilhei; 1 
embairrodepobretem; 1 
sagat; 1 
curso; 1 
visualstudio; 1 
javascript; 1 
canalcodificando; 1 
laravel; 1 
dev; 1 
mask; 1 
eagames; 1 
22defevereiro; 1 
jquery; 1 
streetfighter; 1 
castlevania; 1 
timezone; 1 
sfv; 1 
html; 1 
tutorial; 1 
php; 1 
gilmarmendes; 1 
somostodosvaleriasantos; 1 
masterchef; 1 
eaconnected; 1 
wakeupandwatchanne; 1 
renovada; 1 
annewithane; 1 
foi; 1 
191covas; 1 
45alckmin; 1 
457maragabrilli; 1 
45doria; 1 
kungfu; 1 
júliocésarsantoscuzão; 1 
fridayfeeling; 1 
bomdiafox; 1 
cristiano; 1 
melhorcovenotvz; 1 
sorteio; 1 
dianacionaldecombateaofumo; 1 
terranotícias; 1 
hojenahistória; 1 
1minuto; 1 
fatosreais; 1 
dosesdetequila; 1 
alemãofoxsports; 1 
nossofutebol; 1 
felipão; 1 
minhaesquerdistasecreta; 1 
captainmarvel; 1 
vergonhaalheia; 1 
sempalavras; 1 
alckmin45; 1 
sbt; 1 
globosemnocao; 1 
fomedefood; 1 
alckminpedeprasair; 1 
publipost; 1 
eianitavaitomarnocu; 1 
mytwitteranniversary; 1 
lulaépresidário; 1 
extremosnão; 1 
meubolsominionsecretovoce; 1 
extremosnao; 1 
blogdobispomacedo; 1 
govk; 1 
thegooddoctor; 1 
ladygaganofantastico; 1 
anittaeresmiorgullo; 1 
ladygaga; 1 
backtohogwarts; 1 
fodasemoluscoebolsoneca; 1 
killthepoor; 1 
bigmouth; 1 
basquetenosportv; 1 
17neles; 1 
mauperdedor; 1 
vaivetor; 1 
indústria; 1 
sermaodomonte; 1 
profesionprofesor; 1 
parque; 1 
alc; 1 
professores; 1 
urbano; 1 
ernestosanctuary; 1 
houseofcats; 1 
pelosanimais; 1 
pelosanimaisportodosnós; 1 
orçamentoparticipativo; 1 
lyaluftt; 1 
redefortunati4018; 1 
educaçao; 1 
portodosnós; 1 
deputadaestadual; 1 
deputadofederal4018; 1 
idosos; 1 
poa; 1 
voteconsciente; 1 
reginabeckerfortunati; 1 
ciclovias; 1 
reginabeckerfortuanti; 1 
diadogaúcho; 1 
sonegação; 1 
justiçaeleitoral; 1 
notafiscaleletrônica; 1 
turismo; 1 
opendata; 1 
poadigital; 1 
escritora; 1 
diamundialdelimpeza; 1 
redefortunati; 1 
fundaçãorockefeller; 1 
iluminaçãopública; 1 
forçatransformadora; 1 
worldcleanupday; 1 
transporte; 1 
portoalegreresiliente; 1 
vaquinhasvirtuais; 1 
escola; 1 
tradutora; 1 
vemcomagente; 1 
transparência; 1 
linhastransversais; 1 
aberturadedados; 1 
foramarchezan; 1 
hackathonpoa; 1 
causaanimal; 1 
datapoa; 1 
fortunati4018; 1 
chaves; 1 
programasilviosantos; 1 
acusações; 1 
soylunaporsiempre; 1 
caixinhadepromessas; 1 
repórterrecordinvestigação; 1 
paraliticonotelhado; 1 
aterraprometida; 1 
cura; 1 
tristeza; 1 
superando; 1 
espíritosanto; 1 
jesus21; 1 
loveyourselfruggerista; 1 
diferente; 1 
programadoratinho; 1 
divertido; 1 
travessiadoriojordão; 1 
jesuscristo; 1 
mariamadalena; 1 
pgmsilviosantos; 1 
doido; 1 
formula1; 1 
bdmg; 1 
greysdepressao; 1 
whuche; 1 
leaderpool; 1 
melhorgoleirodobrasil; 1 
odolareeu; 1 
lixeiramemes; 1 
stivejobs; 1 
internationaldayofcharity; 1 
cironaredetv; 1 
battlefieldv; 1 
rainingblood; 1 
turnup; 1 
getatme; 1 
cyberpunk2077; 1 
obreirosuniversal; 1 
jejumdedaniel; 1 
16ºdiadojejumdedaniel; 1 
congressorenovação; 1 
fjusaopaulo; 1 
oriopedepaes; 1 
geraldonaredetv; 1 
gêmeos; 1 
bet365; 1 
oqueeumaisqueriaagora; 1 
andreia; 1 
tmjcombolsonaro; 1 
microconto; 1 
miniconto; 1 
nemai; 1 
joãonojn; 1 
voteno30; 1 
diasdeluta; 1 
diasdegloria; 1 
setransbel; 1 
coisasdeabaete; 1 
ldsdevo; 1 
aovivoeacores; 1 
ldsfacetoface; 1 
tvz; 1 
bomdiabrasil; 1 
braxeua; 1 
bananakong; 1 
edutubers; 1 
gagamilano; 1 
greatness; 1 
whpcolorpalette; 1 
youtubeeducon; 1 
gagamilanofriend; 1 
votoimpressoja; 1 
vamosfalardaseleicoes; 1 
temponorj; 1 
anerj; 1 
sensacional; 1 
annerj; 1 
apoiehaddadmanu; 1 
suitedbyboss; 1 
england; 1 
glorytogod; 1 
goldenboot; 1 
worldcup; 1 
flashbackfriday; 1 
asiangames; 1 
premierleague; 1 
bosssports; 1 
ucldraw; 1 
threelions; 1 
coys; 1 
jesusmylord; 1 
championsleague; 1 
debut; 1 
nationsleague; 1 
asiangames2018; 1 
thfc; 1 
casolan; 1 
informeespecial; 1 
puyehue; 1 
gloriasdelejercito; 1 
convictorenlamemoria; 1 
piñeracobarde; 1 
seikongen; 1 
estoysinluz; 1 
pilmaiquen; 1 
imbecironao; 1 
estoucomolucas; 1 
rockinrio2016; 1 
baixo; 1 
bass; 1 
piano; 1 
youtubers; 1 
cantar; 1 
band; 1 
violão; 1 
acousticguitar; 1 
violao; 1 
robô; 1 
contrabaixo; 1 
guitar; 1 
videoaulas; 1 
vocal; 1 
aulas; 1 
sing; 1 
keys; 1 
robot; 1 
teclado; 1 
keyboard; 1 
singer; 1 
youtuber; 1 
11september; 1 
fazenda; 1 
socio5estrelas; 1 
thaynanotvz; 1 
riverdale; 1 
znation; 1 
4dias; 1 
naoénao; 1 
recebinogrupodafamilia; 1 
desafiounidasnasruas; 1 
egiptologia; 1 
fapesp; 1 
corrupção; 1 
crimimoso; 1 
ufrj; 1 
facistas; 1 
agrotóxicos; 1 
myfirsttweet; 1 
instantkarma; 1 
barbacabeloebigode; 1 
apostadacueca; 1 
bcbigode; 1 
somos17; 1 
chateada; 1 
cacafaz5; 1 
presidente2018; 1 
tite; 1 
fechou; 1 
irmãodojorel; 1 
haddadmanu; 1 
ecg; 1 
jogacomelas; 1 
respeitaasminas; 1 
vamospassarobrasilalimpo; 1 
brasilmereceonovo; 1 
amoêdonopânico; 1 
cbn; 1 
cbngoodnews; 1 
rbsnotícias; 1 
feat_nickiminaj; 1 
família; 1 
doideira; 1 
fullrelax; 1 
ripmuseunacional; 1 
quehomem; 1 
chupageraldo; 1 
falei; 1 
lixoresponde; 1 
roubo; 1 
ynwa; 1 
força; 1 
blablablametro; 1 
timbeta; 1 
pingonosis; 1 
17pela; 1 
capitãmarvel; 1 
microservices; 1 
lambda3; 1 
docker; 1 
guerreiro; 1 
saibadizernão; 1 
jovensvisionários; 1 
universalce; 1 
algoamais; 1 
algoa; 1 
sdn2018; 1 
fju; 1 
sdnceará; 1 
pauloguedesnaglobonews; 1 
craquedoverdão; 1 
melhortorcida2018; 1 
gefla; 1 
pscj; 1 
melhortorcida; 1 
interjovem2018; 1 
floridacup; 1 
pajuvin; 1 
handebol; 1 
bailedasagrado; 1 
funkonycc; 1 
theactionmoviestar; 1 
danaigurira; 1 
doctorwho; 1 
scarlettjohansson; 1 
blackwidowmovie; 1 
thefemalemoviestar; 1 
chrishemsworth; 1 
boatarde; 1 
euacreditonaforçadobem; 1 
1first; 1 
pederastiasim; 1 
sabadoelitedosdv; 1 
raiseyourvoice; 1 
forçabarça; 1 
deleallichallenge; 1 
batebola; 1 
tiohaddad; 1 
tiociro; 1 
atenção; 1 
cironao; 1 
vote17; 1 
cirofilhadaputa; 1 
forarodrigomaia; 1 
malasia; 1 
foconavitória; 1 
acimadetudorubronegro; 1 
forabananademelo; 1 
issoaquiéflamengo; 1 
ficacampelo; 1 
edlp; 1 
grêmiotv; 1 
seguequem; 1 
gremio; 1 
feedly; 1 
dareal; 1 
henfil; 1 
fantasmanafinal; 1 
vamosubirsanta; 1 
operário; 1 
operárioferroviário; 1 
ofec; 1 
préjogo; 1 
ofantasmasubiu; 1 
sériec; 1 
juninhofake; 1 
csgogiveaway; 1 
csgo; 1 
1contratodos; 1 
manumasterchef; 1 
chorando; 1 
answernow; 1 
jatenteivariasvezes; 1 
zumbi; 1 
ffartistcamila; 1 
carallo; 1 
ffartistshawn; 1 
descubra; 1 
turmadamêmica; 1 
portodevitória; 1 
taipan; 1 
ebnamídia; 1 
confidentgirl; 1 
petquefazfeliz; 1 
maedepet; 1 
quetardeboa; 1 
omalley; 1 
queamigamaravilhosa; 1 
quesialindo; 1 
runkeeper; 1 
vamossãopaulo; 1 
k9; 1 
vasco120anos; 1 
elemente; 1 
drummer; 1 
ator; 1 
emoção; 1 
pramim; 1 
maisqurumacançao; 1 
spiderbim; 1 
amigos; 1 
fabio; 1 
meia; 1 
diadoator; 1 
pimentel; 1 
eleiçoes; 1 
bateras; 1 
kkkkk; 1 
dia; 1 
hexa; 1 
teatro; 1 
ouviu; 1 
dudu; 1 
prefiroamari; 1 
descanso; 1 
single; 1 
banda; 1 
chupatafarel; 1 
drums; 1 
obgdidi; 1 
vmscruzeiro; 1 
mj; 1 
presente; 1 
fábio; 1 
isabelazico; 1 
barcos; 1 
tudo; 1 
chupatafarelseubosta; 1 
naraça; 1 
top; 1 
sobencomenda; 1 
gospel; 1 
sefaz; 1 
gratidão; 1 
existencia; 1 
completeai; 1 
rener; 1 
egidio; 1 
duplasertaneja; 1 
lulaepresidiario; 1 
tchauqueridos; 1 
nem; 1 
eatickets; 1 
startup; 1 
patreon; 1 
crowdfunding; 1 
indiegames; 1 
precisoamar; 1 
passandofome; 1 
quemderaeu; 1 
holywater; 1 
stevenkleinstudio; 1 
mdnaskin; 1 
chromeclaymask; 1 
lulapreso; 1 
globalcitizens; 1 
sheiswe; 1 
amem; 1 
menstrualhygiene; 1 
sdgs; 1 
arianagrande; 1 
ahuman; 1 
sdg3; 1 
globalcitizenindia; 1 
take3forthesea; 1 
bethegeneration; 1 
sheisequal; 1 
kardashians; 1 
endperiodpoverty; 1 
kimkardashian; 1 
nickiminaj; 1 
friend; 1 
safesludge; 1 
globalcitizen; 1 
oceanguardian; 1 
likeagirl; 1 
laligapratodos; 1 
vasxsan; 1 
ficacuellar; 1 
sãopaulo; 1 
okd; 1 
wowcopaamerica; 1 
kimi7; 1 
welcomekimi; 1 
novoclipeiza; 1 
joaonaband; 1 
novonosdebates; 1 
joaonaredetv; 1 
zemanosdebates; 1 
amoêdo2018; 1 
vemcomojoao30; 1 
reviravoltanaeleição; 1 
alexandreguerranosdebates; 1 
trindadenosdebates; 1 
joãoamoêdo; 1 
vocenao; 1 
anastasiaéaécio; 1 
aculpaédopt; 1 
lulaéhaddad; 1 
reginaldolopes1312; 1 
golpistas; 1 
onugarantelula; 1 
foraandres; 1 
caiuemitaquerajáera; 1 
decepção; 1 
xupaantis; 1 
inconformada; 1 
choraporco; 1 
alckmin; 1 
foraloss; 1 
põenodvd; 1 
paulistinhaday; 1 
conmebol; 1 
mrcatra; 1 
boicote; 1 
marinasilvanopanico; 1 
futebolnaveia; 1 
linhadequarta; 1 
linhapraquê; 1 
tombraidernoeigames; 1 
vaisccp; 1 
nothim; 1 
brazillovesprettymuch; 1 
projetonacionaldedesenvolvimento; 1 
mudeciropresidente; 1 
vamociro; 1 
sodisseverdade; 1 
quemnunca; 1 
boaquarta; 1 
usopensportv; 1 
pedro; 1 
lulanao; 1 
haddadnão; 1 
ptlixo; 1 
lulaéinelegível; 1 
sabadoédia; 1 
oscar; 1 
friends; 1 
alert; 1 
embreagem; 1 
citepolemicas; 1 
emocionante; 1 
correios; 1 
souotipodepessoaq; 1 
vamosfalarsobrelúpulo; 1 
tenso; 1 
eleiçōes2018; 1 
amas; 1 
bottedupoutnow; 1 
havanaliveisout; 1 
luansantanatv; 1 
djsnake; 1 
dinahjane; 1 
themusicvideo; 1 
luanetes; 1 
thealbum; 1 
cardib; 1 
bottledup; 1 
prettymuch; 1 
neverbethesame; 1 
bottleduptonight; 1 
rapdevilstreamingparty; 1 
ozuna; 1 
luansantana; 1 
camila; 1 
weallwithmgkrapdevil; 1 
havanalive; 1 
calabocaanitta; 1 
geraldoalckmincovarde; 1 
equipega; 1 
lulapresidiário; 1 
bolsonaroinocente; 1 
relax; 1 
libertad; 1 
paintings; 1 
tiradocebolinha; 1 
filosofía; 1 
mystreetinspiration; 1 
lesclassiquesasterix; 1 
felizviernes; 1 
sqlvh; 1 
painting; 1 
marktwain; 1 
miguelito; 1 
nbaplayoffs; 1 
photo; 1 
thanhmediaarts; 1 
religion; 1 
outdoors; 1 
landscape; 1 
thefreeexhibition; 1 
harukimurakami; 1 
mafalda; 1 
apescamaravilhosa; 1 
novelajesus41; 1 
novelajesus31; 1 
novelajesus26; 1 
novelajesus24; 1 
novelajesus29; 1 
7desetembronbr; 1 
corridadebigas; 1 
novelajesus28; 1 
novelajesus42; 1 
novelajesus27; 1 
novela; 1 
novelajesus36; 1 
help; 1 
novelajesus37; 1 
novelajesus35; 1 
novelajesus30; 1 
novelajesus34; 1 
mostraonuglobo; 1 
bauhaus; 1 
chess; 1 
paulklee; 1 
adoro; 1 
elzasoares; 1 
passoapaço; 1 
naturanão; 1 
jairbolsonaro; 1 
em5500; 1 
beer; 1 
federaldobolsonaro; 1 
jiraiya; 1 
forçaehonra; 1 
partiu; 1 
euvoto17; 1 
começou; 1 
bodasdealgumcoisa; 1 
vamointer; 1 
libertadores2010; 1 
vamuinter; 1 
15dami; 1 
diadeinter; 1 
ouroolimpico; 1 
grenal417; 1 
futdosulscfacts; 1 
serenatadeamor; 1 
terceirizanãostf; 1 
mpn2018; 1 
btsarmy; 1 
getyou50dol; 1 
vemmarina; 1 
pttbnão; 1 
houthis; 1 
iran; 1 
qatar; 1 
kiss; 1 
megadeth; 1 
stf; 1 
quemtefalou; 1 
modabruta; 1 
jets; 1 
camxcap; 1 
arenamrv; 1 
ganggreen; 1 
ocapirotonao; 1 
gopackgo; 1 
herdbrowns; 1 
bolsonaronojn; 1 
folhaeleições2018; 1 
smartcities; 1 
audaz; 1 
direitodetentar; 1 
milêniognews; 1 
helparhino; 1 
aibo; 1 
worldrhinoday; 1 
istartmydayby; 1 
happybirthday; 1 
socialmedia; 1 
fridaymotivation; 1 
some; 1 
mara; 1 
losangeles; 1 
ottobock; 1 
dançadosfamososnao; 1 
talisewelinton; 1 
aídesgramou; 1 
ironia; 1 
dormindonoestrado; 1 
gutsguts; 1 
daaovivoemgoiânia; 1 
éciradabino; 1 
galaxynote9; 1 
bomdiatts; 1 
lacuenta; 1 
delasota; 1 
lssc; 1 
yemen; 1 
joselopez; 1 
breaking; 1 
usopen; 1 
ppt; 1 
metoo; 1 
cineargentino; 1 
win; 1 
sfvae; 1 
cowboys; 1 
ufc228; 1 
ufcspnocombate; 1 
trcoluna; 1 
ufcsp; 1 
citeumatretaesaia; 1 
thinkbigsundaywithmarsha; 1 
successtrain; 1 
genexus; 1 
gx28; 1 
weekendbrunch; 1 
barbixas3milhões; 1 
teotfw; 1 
somostodosbolsonaro; 1 
forcacapitao; 1 
motogpnosportv; 1 
detestoquandofalam; 1 
quemtemmaistem9; 1 
significa; 1 
anaamélianajp; 1 
ética; 1 
horadepôrcafé; 1 
floripa; 1 
singaporegp; 1 
espelhodavida; 1 
hajacoração; 1 
nbalive19; 1 
nba2k19; 1 
forçabrunosilva; 1 
jandirafeghali6565; 1 
millôr; 1 
iphone; 1 
100k; 1 
saveyourinternet; 1 
sportingcp; 1 
exitprostitution; 1 
autofollow; 1 
autofollowback; 1 
riseupagainstoppression; 1 
وُردُهِہ; 1 
openfollow; 1 
teamfollowback; 1 
آلَفُيـلَسًـوُفُ_لَلَآضـآفُآتُ; 1 
ff; 1 
followme; 1 
deeplearning; 1 
industry40; 1 
iiot; 1 
robotics; 1 
infographic; 1 
dl; 1 
innovation; 1 
artificialintelligence; 1 
healthtech; 1 
iot; 1 
crb106anos; 1 
dragonballsupernocn; 1 
galodapraiaorgulhodealagoas; 1 
redetv; 1 
worlds2018; 1 
motogp; 1 
bolsonaronaband; 1 
boslonaro17; 1 
orgulho; 1 
peças_arqueológicas; 1 
ipva; 1 
escada; 1 
escavações; 1 
fred_ferreira; 1 
reciclagem; 1 
seminário; 1 
olinda; 1 
debate; 1 
luciano_levits; 1 
petrolina; 1 
campanha_de_bolsonaro; 1 
proibição_de_campanha_em_templos_religiosos; 1 
gastronomia; 1 
registro_de_candidatura; 1 
candidaturas_indígenas; 1 
ministério_público_do_trabalho; 1 
capacitações_gratuitas; 1 
discurso; 1 
investimentos_na_construção_civil; 1 
reportagem; 1 
paulo_câmara; 1 
edilene; 1 
obras; 1 
fraude; 1 
psb; 1 
escolas_prisionais; 1 
adutora_do_moxotó; 1 
poema; 1 
escola_cícero_dias; 1 
paulo_guedes; 1 
pt; 1 
fake_news; 1 
empresa; 1 
concurso; 1 
agreste; 1 
luciano_duque; 1 
investimentos_em_segurança_e_educação_básica; 1 
ex_deputado_estadual_geraldo_coelho; 1 
creche_professora_esmeraldo_reis; 1 
graça_araújo; 1 
marina_silva; 1 
ifpe; 1 
frexeiras; 1 
hospital_esperança; 1 
sobrevivência; 1 
justiça_eleitoral; 1 
rejeição; 1 
arcoverde; 1 
centro_do_recife; 1 
unicef; 1 
julio_lossio; 1 
governo_de_pernambuco; 1 
mata_sul; 1 
sebrae; 1 
armando_monteiro; 1 
senador; 1 
senar; 1 
mudar_constituição; 1 
boatos; 1 
fhc; 1 
títulos_de_posse; 1 
propaganda_irregular; 1 
tse; 1 
oposição; 1 
povos_indígenas; 1 
crônica; 1 
quilombolas; 1 
deputada_estadual; 1 
ensino_domiciliar_no_brasil; 1 
catolicoorante; 1 
elenão; 86 
elenao; 77 
elenunca; 48 
debateredetv; 37 
rouanetnão; 32 
newprofilepic; 32 
bolsonaronojornalnacional; 28 
eleições2018; 27 
bolsonaro17; 27 
ciro12; 25 
elesim; 24 
bolsonaro; 23 
quemmandoumatarbolsonaro; 21 
tbt; 21 
meubolsominionsecreto; 20 
afazenda10; 18 
cirofilhodaputa; 17 
euquerobolsonaro; 17 
bolsonaropresidente17; 16 
g1; 15 
gazetaestadaojp; 15 
thevoicebrasil; 14 
debateaparecida; 14 
bolsonaronãoécorrupto; 14 
jn; 13 
mulherescombolsonaro; 13 
forçabolsonaro; 13 
verguenzaconmebol; 11 
thebest; 11 
haddadélula; 11 
bolsonaropresidente; 11 
brasil; 11 
anittaisoverparty; 11 
museunacional; 11 
setembroamarelo; 11 
bolsonaronajovempan; 11 
falamaisgentili; 10 
calabocacirodenovo; 10 
reviravoltanaeleicao; 10 
masterchefbr; 9 
eleicoes2018; 9 
meuaniversáriodotwitter; 9 
lulainelegivel; 9 
uolnasurnas; 9 
ondalaranja; 9 
eusoulula; 9 
democraciasim; 9 
appleevent; 8 
mulherescontraobolsonaro; 8 
lulalivre; 8 
haddadpresidente; 8 
ocapitãovoltou; 8 
nowplaying; 8 
milhoescombolsonaro; 8 
paz; 8 
repost; 7 
avantipalestra; 7 
bolsonaro17no1ºturno; 7 
sabadodetremurasdv; 7 
twibbon; 7 
bolsonaroeleito1ºlugar; 7 
fakenews; 6 
cironojornalnacional; 6 
bomdia; 6 
haddadélulanojn; 6 
grêmio; 6 
fechadocombolsonaro; 6 
mensalinhodotwitter; 6 
redacaosportv; 6 
mpn; 6 
jornaldaglobo; 6 
libertadoresfoxsports; 5 
rip; 5 
vmas; 5 
lutomuseunacional; 5 
vasxfla; 5 
lulanacadeia; 5 
palmeiras; 5 
omemedaminhavida; 5 
vemcomjoão30; 5 
calabocaciro; 5 
bolsonaronaoecorrupto; 5 
nflnaespn; 5 
rouanetnao; 5 
política; 5 
elasim; 5 
vamosrenovartudo; 5 
manunojaburu; 5 
forcabolsonaro; 5 
b17; 5 
domingodetremurasdv; 5 
joãonaband; 5 
vote30; 5 
afazenda; 5 
novafotodoperfil; 5 
rt; 5 
art; 4 
sentagostosobozo; 4 
hurricaneflorence; 4 
mito; 4 
pas; 4 
gameofthrones; 4 
lulaépresidiário; 4 
sanatóriogeral; 4 
lulainelegível; 4 
venezuela; 4 
cirogomes; 4 
ciropresidente; 4 
calabocagentilli; 4 
mariellepresente; 4 
forcaanitta; 4 
brasilcommarina; 4 
marina18; 4 
joaonosdebates; 4 
mulheresunidascontrabolsonaro; 4 
cblol; 4 
bts; 4 
sextou; 4 
familia; 4 
deusfamiliabolsonaro; 4 
votomarinapq; 4 
ps4share; 4 
onthisday; 4 
bolsonaro2018; 4 
segundadetremurasdv; 4 
giveaway; 4 
globonews; 4 
estudioi; 4 
fifa19; 4 
corinthians; 4 
nofapseptember; 4 
foratemer; 4 
selecaosportv; 4 
fantastico; 4 
obrasilfelizdenovo; 4 
porenganomeuovo; 4 
direitaseguedireita; 4 
debatebandminas; 4 
bonderenault; 4 
grexest; 3 
queremosacopa; 3 
amassajogajunto; 3 
palmeiras104anos; 3 
corinthians108anos; 3 
timão108; 3 
crf; 3 
lulaépresidiario; 3 
ptnuncamais; 3 
f1; 3 
trocadepasses; 3 
ciraonosegundoturno; 3 
elesnunca; 3 
bongocat; 3 
girlpower; 3 
amor; 3 
chamaomeirelles; 3 
7desetembro; 3 
santamarta; 3 
diadegrêmio; 3 
libertadores; 3 
sabeserbrasileiro; 3 
ahora; 3 
haddad; 3 
urgente; 3 
premierleaguenaespn; 3 
vergonha; 3 
falabrasil; 3 
segundosol; 3 
haddadelulanojn; 3 
prp; 3 
luto; 3 
debateband; 3 
criançaesperança; 3 
brasilacimadaonu; 3 
fofocalizandonosbt; 3 
spidermanps4; 3 
galo; 3 
estoucombolsonaro; 3 
joganogoogle; 3 
quintadetremurasdv; 3 
quartadetremurasdv; 3 
votobolsonaro17; 3 
datafolha; 3 
onu; 3 
programaraulgil; 3 
selecaobrasileira; 3 
lula; 3 
vice; 3 
geraldonagazeta; 3 
vemcomjoao30; 3 
maisanicholas; 3 
ospingonosis; 3 
educação; 3 
mulherescontrabolsonaro; 3 
fé; 3 
aquário; 3 
dançadosfamosos; 3 
pensamentododia; 3 
flaviobolsonarosenador177; 3 
nationalvideogamesday; 3 
mulherescontraofascismo; 3 
vamosflamengo; 3 
como; 3 
direitaunida; 3 
cruzeiro; 3 
fsradiobrasil; 3 
brasileirão2018; 3 
reclamoaquinotwitterpq; 3 
elesim17; 3 
reagesantos; 3 
geraldo45; 3 
f1nosportv; 3 
bbdebate; 3 
maislidas; 3 
ciro; 3 
photography; 3 
pergunteaociro12; 3 
joaoamoedo; 3 
amoedonopanico; 3 
bolsonaronaredetv; 3 
fantástico; 3 
youtube; 3 
altashoras; 3 
marinacomciro; 3 
inter; 3 
votemarina18; 3 
timelulu; 2 
ficadica; 2 
stfvergonhanacional; 2 
futebol; 2 
ucl; 2 
anos80; 2 
ospingosnosis; 2 
todoscontraopt; 2 
geraldonojn; 2 
vaicorinthians; 2 
novo; 2 
amoedonosdebates; 2 
amoedo; 2 
partidonovo; 2 
tchauquerido; 2 
elesnão; 2 
neverforget; 2 
elasnão; 2 
bbnaveia; 2 
italiangp; 2 
cironosegundoturno; 2 
sabatinaestadaofaap; 2 
falaciro12; 2 
dia07é17; 2 
mucbvive; 2 
metroid; 2 
gaming; 2 
bolivia; 2 
motivação; 2 
frases; 2 
flamengo; 2 
flaxcam; 2 
homofobia; 2 
ele; 2 
debodecir; 2 
fichalimpa; 2 
fuerzaargentina; 2 
boulosnaredetv; 2 
vacinaréproteger; 2 
mood; 2 
camilacabello; 2 
gremio115anos; 2 
salvemasbaleias; 2 
museus; 2 
disappointed; 2 
mondaymood; 2 
mondaymorning; 2 
reconquista; 2 
respect; 2 
globolixo; 2 
emmys; 2 
spoxpal; 2 
marchanacionaluniversitaria; 2 
mendoza; 2 
astilleroríosantiago; 2 
movilización; 2 
marchanacionaleducativa; 2 
senado; 2 
unlp; 2 
lista10; 2 
universidadesenpeligro; 2 
chegadeprivilegios; 2 
joaonosbt; 2 
intxfla; 2 
timedavirada; 2 
vasxacf; 2 
zlatan500; 2 
diademarina; 2 
centraldaseleições; 2 
unga; 2 
oriotemjeito; 2 
haddadnojornalnacional; 2 
tocomtarcisio50; 2 
lulahaddadmanu13; 2 
jimin; 2 
riodejaneiro; 2 
deputadofederal; 2 
parabéns; 2 
teamo; 2 
afazendaaovivo; 2 
bolsonaronaglobonews; 2 
pose; 2 
bomdiafoxsports; 2 
greysanatomy; 2 
nojo; 2 
eliana; 2 
psblog; 2 
cpmf; 2 
masterchefprofissionais; 2 
elesnao; 2 
fabiomelhorgoleirodobrasil; 2 
expedientefutebol; 2 
grêmio115anos; 2 
catxgre; 2 
libertadores2018; 2 
conmebollibertadores; 2 
boulosterrorista; 2 
estamoscombolsonaro17; 2 
jairmessiasbolsonaro; 2 
ripcatra; 2 
jairbolsonaro17; 2 
vascodagama; 2 
sextadetremurasdv; 2 
sdv; 2 
tercadetremurasdv; 2 
lulapresidiario; 2 
orntemjeito; 2 
soudedireitaporque; 2 
thevoicebr; 2 
haddadnaglobonews; 2 
ocoisosim; 2 
foraptcrimeeleitoral; 2 
likelaleyenda; 2 
catra; 2 
segurança; 2 
écomciroqueeuvou; 2 
livemovel; 2 
cirofilhodapauta; 2 
vasco120; 2 
newyork; 2 
informei; 2 
textaocientifico; 2 
aquecimentoglobal; 2 
batmanday; 2 
empatia; 2 
ciência; 2 
primavera; 2 
quemmandoumatarobolsonaro; 2 
elesimbolsonaro17; 2 
associavasco; 2 
diadoprogramador; 2 
mucb; 2 
tocadaraposa3; 2 
éverdadeessebilete; 2 
debatedacnbb; 2 
assedioéhabitonopensi; 2 
forçajuan; 2 
leão; 2 
halamadrid; 2 
lafabrica; 2 
triste; 2 
paunocudaonu; 2 
boulosresponde; 2 
forçaanitta; 2 
noalajuste; 2 
unju; 2 
noalfmi; 2 
moreno; 2 
amoêdonosdebates; 2 
natgeovideo; 2 
premierleagueredetv; 2 
áries; 2 
videoshowaovivo; 2 
rodaviva; 2 
fifafootballawards; 2 
politica; 2 
jornalnacional; 2 
cruxsan; 2 
euvotojb17; 2 
forçafaca; 2 
forçaboulos; 2 
haddadélulanatv; 2 
fifathebest; 2 
casadachampions; 2 
marta; 2 
championsleaguenoeiplus; 2 
nofapsetember; 2 
falamaisgentilli; 2 
idol; 2 
forçapedro; 2 
respectariana; 2 
word; 2 
cbng1; 2 
nopsg; 2 
justdoit; 2 
biothreadbr; 2 
coelhão; 2 
oujairoujaera; 2 
bispoossesiofederal1012; 2 
pevaimudar; 2 
deus; 2 
gecomvc; 2 
ocapitaovoltou; 2 
estúdioi; 2 
spfc; 2 
orgulhoepaixão; 2 
falta3mesespradezembroeeu; 2 
haddad13; 2 
aovivo; 2 
haddadnojn; 2 
democracia; 2 
lulaço; 2 
anticapitalistasenred; 2 
stockcar; 2 
novo30; 2 
tuitutil; 2 
games; 2 
arquivobbc; 2 
laligafoxpremium; 2 
elavotaemquemquiser; 2 
anaamélianabandeirantes; 2 
elenaoelenunca; 2 
bigdata; 2 
regina14580; 2 
novelajesus43; 2 
novelajesus44; 2 
novelajesus39; 2 
novelajesus38; 2 
novelajesus; 2 
novelajesus40; 2 
mufc; 2 
balancogeralrj; 2 
tmjcombolsonaro17; 2 
balançogeralrj; 2 
gneleicoes2018; 2 
musica; 2 
canto; 2 
music; 2 
melhorcovernotvz; 2 
desenrolanotvz; 2 
joãocom6; 2 
joãonosbt; 2 
sundaymotivation; 2 
euvou; 2 
hoje; 2 
habemussemifinal; 2 
pcas; 2 
forapt; 2 
finalcantacomigo; 2 
arte; 2 
joãonosdebates; 2 
calabocagentili; 2 
aquiécorinthians; 2 
gorpg; 2 
marinanojornalnacional; 2 
meuprimeirotweet; 2 
bottledupoutnow; 2 
travel; 2 
nature; 2 
vocênãoestásozinho; 2 
debatesbtrio; 2 
smartcity; 2 
ai; 2 
2kday; 2 
desemprego; 2 
calabocatas; 1 
metrosp; 1 
google; 1 
zeedogbrasil; 1 
connectingdogsandpeople; 1 
angraéassim; 1 
zeedog; 1 
pagaogabriel; 1 
waterspout; 1 
florence; 1 
weather; 1 
lightning; 1 
noaa42; 1 
gordon; 1 
hurricanelane; 1 
hawaii; 1 
switzerland; 1 
meteorologia; 1 
ncwx; 1 
scwx; 1 
ge; 1 
trbrasil; 1 
sad; 1 
mostraseuburaco; 1 
southamericamemes; 1 
vempraruamourão; 1 
porvocêportodos; 1 
7setembro; 1 
alckiminnojornalnacional; 1 
odeionovela; 1 
fútbol; 1 
colven; 1 
boca; 1 
vo; 1 
emmys2018; 1 
dorotheatanning; 1 
avrillavigne; 1 
wellingtondiasgate; 1 
generalmourao; 1 
botd; 1 
jessicabiel; 1 
masterminds11; 1 
dostoiévski; 1 
nightnight; 1 
ahsapocalypse; 1 
ernst; 1 
emmy2018; 1 
perdeutiffany; 1 
jrnews; 1 
meseguenogab; 1 
medo; 1 
expertxp; 1 
danilomito; 1 
duasferasdochelsea; 1 
jsbt; 1 
sónacausa; 1 
elanão; 1 
ciroécoroné; 1 
haddadédilma; 1 
caiuem90; 1 
timedopovo; 1 
semcopinha; 1 
semmundial; 1 
jogaipornós; 1 
nuncafoifácil; 1 
eterno6a1; 1 
revoltadasbistecas; 1 
tombraider; 1 
lagrandesophie; 1 
psdb; 1 
pracegover; 1 
bolsonaronao; 1 
personalité; 1 
acessibilidade; 1 
proenemaovivo; 1 
vieirapresidente; 1 
intensivaproenem; 1 
teambiologicas; 1 
livresdolula; 1 
elesnuncamais; 1 
helenao; 1 
lulacontinuapreso; 1 
ptnão; 1 
kirchner; 1 
pateandojuntos; 1 
operativocandidata; 1 
cristina; 1 
ms2; 1 
guerreiroscampeões; 1 
sep; 1 
machado; 1 
aeroportocongonhas; 1 
latam; 1 
duendeésocialista; 1 
euacreditonoduende; 1 
seomengaoseclassificar; 1 
euvotonoduende; 1 
queremoslaterais; 1 
forarodinei; 1 
voltaimperador; 1 
euacreditoemduende; 1 
votosocioambiental; 1 
brazil; 1 
almaecoração; 1 
famíliapalmeiras; 1 
aindomadanoviva; 1 
alwaystired; 1 
internationaldayofpeace; 1 
amy35; 1 
egyptstation; 1 
ixpónuncaserá; 1 
pergunteaojoao; 1 
libertarian; 1 
diadarevoluçãofarroupilha; 1 
elesimpiririm; 1 
fullyfox; 1 
brasilacimadetudoedeusacimadetodos; 1 
andersonpresente; 1 
festivallulalivresp; 1 
videoshow; 1 
thevoice; 1 
maisumpedaço; 1 
guerreirascombolsonaro; 1 
bolsomitoooo; 1 
outlander; 1 
truedetective; 1 
retrogaming; 1 
pixelart; 1 
banjokazooie; 1 
samus; 1 
wip; 1 
8bit; 1 
samuscosplay; 1 
cosplay; 1 
lingerie; 1 
16bit; 1 
thelegendofzelda; 1 
myheroacademia; 1 
metroid32; 1 
uru; 1 
rede; 1 
nicaragua; 1 
leydebolsas; 1 
oeaenbrasil; 1 
oea; 1 
juizdefora; 1 
cartagena; 1 
oeanobrasil; 1 
pasantíasoea; 1 
brasil2018; 1 
montevideo; 1 
deco; 1 
mex; 1 
invictafc31; 1 
chato; 1 
mulherdefrases; 1 
frasesfernandamello; 1 
gratidao; 1 
feminismo; 1 
relacionamentoabusivo; 1 
princesaderua; 1 
textos; 1 
krash; 1 
empoderamentofeminino; 1 
metaopé; 1 
letitgo; 1 
frasedodia; 1 
quotes; 1 
fimderelacionamento; 1 
lutecomoumagarota; 1 
sororidade; 1 
quotesaboutlife; 1 
fernandamello; 1 
quoteoftheday; 1 
relacionamento; 1 
issonaoehamor; 1 
amarépunk; 1 
frasefernandamello; 1 
trechosdelivros; 1 
esperança; 1 
spacejam2; 1 
ccrbarcas; 1 
kingjames; 1 
cinefoot2018; 1 
lbj; 1 
nyjvscle; 1 
bmth; 1 
quemestapagandoosadvohados; 1 
quemestapagandoosadvogados; 1 
elasnao; 1 
bolsonarosim; 1 
bolsonaroprimeiroturno; 1 
elenãoelenunca; 1 
loscuadernosdelacoima; 1 
todorojo; 1 
macriyotebanco; 1 
libertadoresfoxcports; 1 
queenradio; 1 
linhadedomingo; 1 
fila; 1 
ensinodomiciliar; 1 
mondaymotivaton; 1 
priscilatossan; 1 
salvemestepaís; 1 
vacineseufilho; 1 
transcol; 1 
museunacionalemchamas; 1 
bolsonaropresidente2018; 1 
f2b; 1 
disclosure; 1 
ufo; 1 
media; 1 
kgra; 1 
me_irl; 1 
borabora; 1 
devastatedday; 1 
biscoionão; 1 
bolsominionsecreto; 1 
inspirador; 1 
inthedark; 1 
real; 1 
jão; 1 
eita; 1 
dog; 1 
bottleup; 1 
scandal; 1 
papotech; 1 
pernambuco; 1 
caruaru; 1 
blogdoadrianoluiiz; 1 
notíciaeentretenimento; 1 
blogdoadrianoluiz; 1 
blondie; 1 
playstationclassic; 1 
bolsonaroreturn; 1 
friendsday; 1 
risos; 1 
florida; 1 
giantspride; 1 
mangkhut; 1 
20desetembro; 1 
sextanacbn; 1 
deutschland; 1 
nflbrasil; 1 
blocksestúpidos; 1 
saveversaillesseries; 1 
alemanha; 1 
catsoftwitter; 1 
thursdaythoughts; 1 
história; 1 
ompongph; 1 
dragrace; 1 
slbscp; 1 
atletismobenfica; 1 
tudoporportugal; 1 
jsdmatosinhos; 1 
psd; 1 
jsd; 1 
umacamisolaváriasemoções; 1 
announcemalcom; 1 
shwwol; 1 
psdmatosinhos; 1 
watfordfc; 1 
usopen2018; 1 
choquedemonstro; 1 
danielamercurynao; 1 
anittanao; 1 
alumack; 1 
ehisto; 1 
carlinhosmaianotvz; 1 
bonecasafadinha; 1 
naosomosumafraquejada; 1 
onufakenews; 1 
followfriday; 1 
wwe2k19ratingreveal; 1 
wwe2k19; 1 
kingmaxelforwwedabut; 1 
dota2ti; 1 
donaldtrump; 1 
dilmasenadora; 1 
nike; 1 
vuelvesexypipol; 1 
women; 1 
aprvscha; 1 
bastaderepresion; 1 
bastadeajuste; 1 
bastadepersecución; 1 
macri; 1 
educación; 1 
chichamariani; 1 
pasaron1000cosas; 1 
bastadeperseguir; 1 
17deagosto; 1 
garro; 1 
nomearrepiento; 1 
parogeneral; 1 
lagarcía; 1 
vidalespeorquemacri; 1 
recomendada; 1 
nochedeloslapices; 1 
navarro2019; 1 
eleccionesctadelxstrabajadorxs; 1 
juliolópez; 1 
militarizaciónfrontera; 1 
díadelaniñez; 1 
conferenciadeprensa; 1 
nasimiusef; 1 
aumentatodo; 1 
hay2019; 1 
represion; 1 
vidal; 1 
bastadetarifazos; 1 
cristinaconduccion; 1 
buenmartes; 1 
sanmartin; 1 
bastadementiras; 1 
eldestaperadio; 1 
elecionescta; 1 
noesjusticiaesvenganza; 1 
banderazonacional; 1 
ateneonk_laplata; 1 
libertadordeamerica; 1 
jwcooke; 1 
arrancamos; 1 
bastadedespidos; 1 
diadelaniñez; 1 
reprimevidal; 1 
eeuu; 1 
constitucional; 1 
ayer; 1 
laplata; 1 
cuba; 1 
tristerumbo; 1 
unidad; 1 
londres; 1 
tomadelrectorado; 1 
persecuciónpolítica; 1 
luisalmagro; 1 
felizprimavera; 1 
fuerzadecristina; 1 
hayquesalvarlapatria; 1 
represión; 1 
regióncapital; 1 
bastadehambre; 1 
barriofuturo; 1 
elastilleronosetoca; 1 
diadelestudiante; 1 
ferro; 1 
camioneros; 1 
astillerosriosantiago; 1 
vote13; 1 
reforma; 1 
fuerzacristina; 1 
cfk; 1 
bastamacri; 1 
ataque; 1 
falsabandera; 1 
unidoscontraacorrupção; 1 
timealexis; 1 
somostodoslavajato; 1 
imagemdasemana; 1 
unidoscontraacorrupcao; 1 
joãoamoêdonosdebates; 1 
nãoreelejaninguém; 1 
tenereroraima; 1 
amajari; 1 
tenere; 1 
brasildoextremonorte; 1 
roraima; 1 
brasildoextronorte; 1 
tenererr; 1 
uphilltepequém; 1 
roraimadefato; 1 
tepequem; 1 
boavista; 1 
tepequemuphill; 1 
uphilltepequem; 1 
makebrasilgreatagain; 1 
jdk12; 1 
centraldaseleicoes; 1 
torvla; 1 
comunismo; 1 
raiz; 1 
citecoisasaleatorias; 1 
segundosol100; 1 
diadetricolor; 1 
icechad2018; 1 
citinewsroom; 1 
tedxnations; 1 
iffs; 1 
madiba; 1 
youneedtoknow; 1 
africa; 1 
cathedralsenanu; 1 
climateaction; 1 
centralafrica; 1 
peoplevspurpose; 1 
amen; 1 
cnr; 1 
antoniopedro; 1 
hrc39; 1 
unyoungleaders; 1 
southernafrica; 1 
parisagreement; 1 
notetoself; 1 
rohingyas; 1 
ramaphosa; 1 
globalgoals; 1 
corruption; 1 
igad; 1 
youth2030; 1 
chad; 1 
eastafrica; 1 
taxation; 1 
rwanda; 1 
ethiopia; 1 
acathedralsenanu; 1 
fbf; 1 
afcfta; 1 
mauritius; 1 
ffmmyanmar; 1 
humandevelopmentindex; 1 
myanmar; 1 
eca; 1 
sercop; 1 
cnt; 1 
galápagos; 1 
compromisoparaservir; 1 
mariellevive; 1 
confirma13; 1 
justicaparamarielleeanderson; 1 
haddadpresidente13; 1 
haddademanu; 1 
tocomogordinho; 1 
justiçaparamarielle; 1 
vitoria; 1 
euacreditonogordinho; 1 
sóalutamudaavida; 1 
justiçapormarielle; 1 
euacreditonogatinho; 1 
movimentoestudantil; 1 
tarcisio50; 1 
alerj; 1 
inclusão; 1 
50nopeito; 1 
divulgue50; 1 
haddadelula; 1 
euacreditono50; 1 
tocomtarcisio; 1 
dúvida; 1 
내마음; 1 
오늘의방탄; 1 
generationunlimited; 1 
포트워스2회차공연; 1 
lasvegas; 1 
namanana; 1 
btsloveyourselftour; 1 
thesocialcelebrity; 1 
꾹; 1 
오키나와; 1 
bt21; 1 
btsonagt; 1 
종대야생일축하해; 1 
exo_musicbankinberlin; 1 
lay; 1 
happychenday; 1 
벌칙아님; 1 
autumn; 1 
gucci_kai; 1 
callmebaby200m; 1 
btsxunitednations; 1 
vante; 1 
exo; 1 
방탄밤; 1 
종대야사랑해; 1 
happybirthdaychen; 1 
진호; 1 
itaboraí; 1 
joãocarlosjk4412; 1 
mudança; 1 
sãogonçalo; 1 
niterói; 1 
joaocarlosjk; 1 
niteroi; 1 
renovação; 1 
renovarépreciso; 1 
naobolsonaro; 1 
libra; 1 
horadeporcafé; 1 
parabénspalmeiras; 1 
afreira; 1 
borala; 1 
magra; 1 
whatsapp; 1 
academiatour; 1 
diadosprofessores; 1 
chile; 1 
gorda; 1 
hannibal; 1 
pipoca; 1 
brunohenrique; 1 
mulheresnaapicultura; 1 
apucultura; 1 
otempoanaopara; 1 
otemponaopara; 1 
apiariomaenatureza; 1 
beekeepers; 1 
beekeeping; 1 
abelhas; 1 
debatebandpr; 1 
lier; 1 
holidays; 1 
goprofusion; 1 
bullying; 1 
typhoonjebi; 1 
goodmorning; 1 
gettingstronger; 1 
gettingstrong; 1 
stupid; 1 
winter2018; 1 
winter; 1 
islamic; 1 
happydays; 1 
fellingstronger; 1 
toyforadults; 1 
newreleases; 1 
jetlag; 1 
gymmotivation; 1 
ridiculous; 1 
flyers; 1 
brexit; 1 
bully; 1 
motivation; 1 
wore; 1 
ek203; 1 
gymtime; 1 
dubai; 1 
towerbridge; 1 
disgrace; 1 
digusting; 1 
greatservice; 1 
iphones; 1 
noforbullying; 1 
saturdaymotivation; 1 
typhoon21; 1 
newiphone; 1 
boarding; 1 
excited; 1 
mondayvibes; 1 
mondayfeeling; 1 
ukburkaban; 1 
gopro; 1 
opredador; 1 
canalsandrorocha; 1 
elevaiserseupresidente; 1 
resenha; 1 
tvtime; 1 
rihanna; 1 
emmytnt; 1 
poseonfx; 1 
boruto; 1 
poc; 1 
superdrags; 1 
borutonarutonextgenerations; 1 
frasesinspiradoras; 1 
oabxxvii; 1 
moocaémooca; 1 
oab; 1 
bolo; 1 
frasescurtas; 1 
meucurso; 1 
girlboss; 1 
atardeesua; 1 
sony; 1 
vemmeteoro; 1 
symbiote; 1 
marvelsspiderman; 1 
venom; 1 
pixaloop; 1 
begreater; 1 
dica; 1 
ps4; 1 
deathstranding; 1 
marvel; 1 
vascoserieb; 1 
cadêaraçamengão; 1 
ibope; 1 
aquiéflamengo; 1 
marterchefbr; 1 
meuamor; 1 
ei; 1 
muitoamor; 1 
dificildecomer; 1 
meugrudinho; 1 
turminhadocoração; 1 
cbfsemmoral; 1 
xboxone; 1 
argentinofoxsports; 1 
disi; 1 
hansenpresidente; 1 
ps; 1 
rio2016; 1 
liampaynevmas; 1 
won1dz; 1 
happybirthdayliam; 1 
lpfirsttime; 1 
liampayne; 1 
1000dayswithout1d; 1 
dedeselecao; 1 
pergunteaogeraldo45; 1 
soytridaamérica; 1 
donosdaamérica; 1 
embuscadotetra; 1 
esporteinterativomorreu; 1 
bolsonarodebateredetv; 1 
presidente; 1 
marcelobretas; 1 
mimimi; 1 
ibopemeexplicaisso; 1 
herbalifenutrition; 1 
bpc; 1 
colagenoverisol; 1 
herbalifebrasil; 1 
alimentacao; 1 
rendaextra; 1 
cheers; 1 
artemilenar; 1 
resilienciahumana; 1 
ensinamento8; 1 
bonsai; 1 
professorenio; 1 
varandinha; 1 
crimesemrespostasmeexplica; 1 
sigameetesigo; 1 
opinesobreamaconha; 1 
boletimmatutino; 1 
datafalha; 1 
betoricha; 1 
trackdodia; 1 
gravíssimo; 1 
nuevafotodeperfil; 1 
lulanoinferno2018; 1 
mbl; 1 
cbm; 1 
aqueleabraço; 1 
manusofreumachismo; 1 
originpcfamily; 1 
intelgamerdays; 1 
superchef; 1 
rj; 1 
plagueinc; 1 
chico500; 1 
tarcisionaband; 1 
peakyblinders; 1 
quemmandomatarbolsonaro; 1 
rbd; 1 
welcometobrazilnicki; 1 
mentirasverdaderas; 1 
lovebychanceseries; 1 
prêmiomultishow; 1 
likelalayenda; 1 
videofavorito; 1 
sexta; 1 
fazenda10; 1 
cuiaba; 1 
estagiotwitter2019; 1 
latinamas; 1 
globorepórter; 1 
segundou; 1 
saudemental; 1 
segundafeira; 1 
animal; 1 
like; 1 
diadaárvore; 1 
trump; 1 
dia7é17; 1 
biweek; 1 
elejamais; 1 
coitada; 1 
eusougv; 1 
luladrão; 1 
coisasquepenso; 1 
bo2; 1 
fato; 1 
haedbanger; 1 
aprende; 1 
twitter; 1 
rock; 1 
babymetal; 1 
blackops2; 1 
mudabrasildeverdade; 1 
prouni; 1 
sóverdades; 1 
paidemenina; 1 
rainha; 1 
popstar; 1 
cironacnbb; 1 
conhecemos; 1 
acelerasp; 1 
vicerodrigogarcia; 1 
segue; 1 
viceanamelialemos; 1 
alcknim; 1 
joaodoria; 1 
sabe; 1 
joão; 1 
vitorias; 1 
geraldoalcknim; 1 
45governador; 1 
estamos; 1 
mudabrasilparamelhor45; 1 
geraldonaglobonews; 1 
quempagouadelio; 1 
brasilacimadetudodeusacimadetodos; 1 
soacho; 1 
sdnsul; 1 
sdnriobonito; 1 
nãoaguentogenteque; 1 
saibadizernaosp; 1 
bellator204; 1 
foxfightclub; 1 
sul; 1 
desapontado; 1 
movimentolaranja; 1 
dineyworld; 1 
amoedo30; 1 
joaoamoedo2018; 1 
starwars; 1 
intersexo; 1 
dialaranja; 1 
ripmrcatra; 1 
nodjseptember; 1 
azarado; 1 
cassionatvarapuan; 1 
luiainelegivel; 1 
debatearapuan; 1 
bolsonaro2018euvoto; 1 
zonarojanfl; 1 
sfb8; 1 
maratón; 1 
falhanossa; 1 
realmadridcastilla; 1 
atletieibar; 1 
metropolitano; 1 
laliga; 1 
voacondor; 1 
raiders; 1 
nfl; 1 
laurna; 1 
atleti; 1 
balondor; 1 
cretinicefundamental; 1 
khalilmack; 1 
49ers; 1 
nevergiveup; 1 
quagliarella; 1 
fantasyfootball; 1 
esqueceomundolafora; 1 
seraley; 1 
télam; 1 
lineab; 1 
dementia; 1 
mariadorosario1370; 1 
haddademanu13; 1 
bvlab; 1 
feriadao; 1 
turistando; 1 
essipe; 1 
amelhormaedomundo; 1 
colodemae; 1 
becodobatman; 1 
altasresenhas; 1 
saopaulo; 1 
maisasilva; 1 
maisasilvaig; 1 
omecanismo; 1 
maisasilvatv; 1 
ficamarcela; 1 
meetings; 1 
equinox2018; 1 
equinócio; 1 
coaching; 1 
notíciasabc; 1 
worldsuicidepreventionday; 1 
sbpc; 1 
palestras; 1 
suicídio; 1 
talklikeapirateday; 1 
saúdemental; 1 
imunidade; 1 
science; 1 
depressão; 1 
comunicação; 1 
academia; 1 
ensino; 1 
saúde; 1 
vacinas; 1 
caridade; 1 
universidades; 1 
desenvolvimento; 1 
sarampo; 1 
pesquisa; 1 
symposia; 1 
observatóriodoclima; 1 
superlidas; 1 
career; 1 
cnpq; 1 
conferences; 1 
southernhemisphere; 1 
jahreszeiten; 1 
jornalismo; 1 
imigrantes; 1 
carreira; 1 
frühling; 1 
spring; 1 
17paraobemdobrasil; 1 
emilioaposentou; 1 
ruanetnao; 1 
lulavre; 1 
capitãovoltou; 1 
ultimato; 1 
meucandidato; 1 
debatebandrio; 1 
debategazeta; 1 
sótocatop; 1 
otemponãopara; 1 
compartilheaverdade; 1 
endireitebr; 1 
quevergonha; 1 
vamocruzeiro; 1 
jogoseducacionais; 1 
leitura; 1 
aprendizado; 1 
mem10anos; 1 
campogrande; 1 
dancadosfamosos; 1 
maisvocê; 1 
foxsports; 1 
mclan2018; 1 
evangelion; 1 
lulahaddadmanu; 1 
lulanasurnastse; 1 
dcuniverse; 1 
gamescom; 1 
cirodaputa; 1 
mulherescontraofacismo; 1 
mulheresunidascontraobolsonaro; 1 
cruzeirocabuloso; 1 
quemmandoumatarjb; 1 
forçarafa; 1 
lulaladrao; 1 
ksivlogan; 1 
ksivslogan; 1 
programadoporchat; 1 
façaumpedido; 1 
otwitternãoéfacebook; 1 
divadepressao; 1 
guaibanews; 1 
liganaguaiba; 1 
semneurose; 1 
bolsolixo; 1 
smurfsdabarragem; 1 
botafogo; 1 
paixão; 1 
diadospais; 1 
botxcam; 1 
suavidaimporta; 1 
vermelhopornós; 1 
museunacionaldorj; 1 
genarowlands; 1 
missdandme; 1 
annebancroft; 1 
melbrooks; 1 
ingridbergman; 1 
bettedavis; 1 
johncassavetes; 1 
cabodaciolo51; 1 
voudeciroporque; 1 
pugb; 1 
안엑컴_365일_같이듣자_365; 1 
algunsdefeitos; 1 
rmcity; 1 
zédarecaída; 1 
donamaria; 1 
conceptcar; 1 
dindindin; 1 
aimeusfilhos; 1 
flaxvit; 1 
mulambos; 1 
shownagávea; 1 
promundomelhorarsófalta; 1 
timedetradição; 1 
quartz; 1 
garotosdoninho; 1 
fechamento; 1 
horadofaro; 1 
flaxcha; 1 
flabasquete; 1 
tevejoemtodososcantos; 1 
arquibancadaincendeia; 1 
queseitaehessa; 1 
premioassembleialegislativa; 1 
taxuvenduai; 1 
radareleitoral; 1 
ovotoimporta; 1 
41expointer; 1 
jornalistaagredidopelocirogomes; 1 
segueolider; 1 
expointer2018; 1 
euconfionapf; 1 
akitaxuvendu; 1 
chocada; 1 
tval; 1 
curiosa; 1 
pesquisaibope; 1 
lavajatodotwitter; 1 
curtasgauchos2018; 1 
bolsonaroesfaqueado; 1 
cultura; 1 
semanafarroupilha; 1 
corajoso; 1 
esteiors; 1 
morningglory; 1 
jamiroquai; 1 
facebook; 1 
sobremesa; 1 
domingo; 1 
wutang; 1 
vaisernoprimeiroturno17; 1 
eusouespm; 1 
arenaofvalor; 1 
aov; 1 
rov; 1 
deusdemilares; 1 
impostosnobrasil; 1 
selobrazyl; 1 
mouraonagnews; 1 
sbtnotícias; 1 
fail; 1 
discordototalmente; 1 
neuquen; 1 
docente; 1 
lomas; 1 
cgt; 1 
diecis1e7e; 1 
juventudjudicial; 1 
montegrande; 1 
chubut; 1 
bsas; 1 
sanluis; 1 
txs; 1 
neuquén; 1 
garcas; 1 
uncaus; 1 
jup; 1 
díadelestudiante; 1 
rosario; 1 
santacruz; 1 
unl; 1 
jujuy; 1 
sanjuan; 1 
larioja; 1 
secgralfua; 1 
unq; 1 
fuj; 1 
juventud; 1 
ceuncaus; 1 
funyp; 1 
salta; 1 
ceunaj; 1 
mejorquedecireshacer; 1 
prohibidoolvidar; 1 
juventudsindical; 1 
defendamoslauniversidad; 1 
defendamoslaeducaciónpública; 1 
diadelniño; 1 
fuses; 1 
congresodelanación; 1 
rectores; 1 
leydebecas; 1 
utn; 1 
sgodelestero; 1 
unpsjb; 1 
chaco; 1 
unqui; 1 
misiones; 1 
jurídicas; 1 
corrientes; 1 
catamarca; 1 
fulz; 1 
stacruz; 1 
rionegro; 1 
100años; 1 
formosa; 1 
defendamoslauniversidadpublica; 1 
lapampa; 1 
azulalcentro; 1 
fantasmadelaalianza; 1 
noocente; 1 
chetosdelortooooo; 1 
leynacionaldebecas; 1 
launiversidadnosevende; 1 
sindicatos; 1 
marchafederaluniversitaria; 1 
unidosxlaunaj; 1 
entreríos; 1 
universidadpública; 1 
nacionalpopularfeminista; 1 
unse; 1 
uejn; 1 
podemoshablar; 1 
unca; 1 
sempneuzinhoevcsabebemmmm; 1 
vemcomjoão; 1 
vitinhopreguiça; 1 
lombapresidente; 1 
jeongyeon; 1 
momo; 1 
nayeon; 1 
bdz; 1 
sana; 1 
사나; 1 
나연; 1 
twicetagram; 1 
정연; 1 
soribada; 1 
jihyo; 1 
シブヤノオト; 1 
mina; 1 
모모; 1 
쯔위; 1 
nayeon_com_franja; 1 
dahyun; 1 
tt; 1 
beanpole; 1 
미나; 1 
트와이스; 1 
tzuyu; 1 
다현; 1 
티티; 1 
chaeyoung; 1 
채영; 1 
nayeon_tv; 1 
지효; 1 
twice; 1 
pranamorarcmgtemq; 1 
estudianteslp; 1 
copaargentina; 1 
sorrisomarotonotvz; 1 
liganagazeta; 1 
bahxint; 1 
grexpar; 1 
intxpar; 1 
hobby; 1 
nationaldogday; 1 
happy; 1 
nationalhoneymonth; 1 
topten; 1 
worldfirstaidday; 1 
mondaymotivation; 1 
healthy; 1 
nationalreadabookday; 1 
intotheunknown; 1 
wealthy; 1 
lulaécandidato; 1 
todosbolsonaro; 1 
gopaitrots; 1 
capxbah; 1 
capxfla; 1 
brasileirão; 1 
danilogentili; 1 
gentili; 1 
datafraude; 1 
calaabocaciro; 1 
bolsonarosimnoprimeiroturno; 1 
saudadedapreta; 1 
aminhavidavaimedaroutra; 1 
euplanteipalmeirasnocoração; 1 
arkit; 1 
hologram; 1 
zappeando; 1 
snapar; 1 
ar; 1 
vamosbrazil; 1 
manofmedan; 1 
oscarwilde; 1 
aceitaimperador; 1 
rifadobem; 1 
eliminado; 1 
djh7; 1 
jahbless; 1 
eazyclub; 1 
baladamortosvivos; 1 
moluscopreso; 1 
chorapetista; 1 
somostodosdesajustados; 1 
temperaturamáxima; 1 
modric; 1 
fcbfca; 1 
psgsdr; 1 
boatardefox; 1 
flaxgre; 1 
job; 1 
prettyhurts; 1 
surto; 1 
me; 1 
foralomba; 1 
girl; 1 
recordaréviver; 1 
brazilian; 1 
quefestaodaporra; 1 
spirit6anos; 1 
posteiehsaicorrendo; 1 
flaxcor; 1 
openfuture; 1 
bolsonaronoprimeiroturno; 1 
geraldoalckmin; 1 
bolsonarojn; 1 
bolsonaro17no1oturno; 1 
dinheiro; 1 
feministas; 1 
ninguém; 1 
alckminpresidente; 1 
politicamenteincorreto2018; 1 
globo; 1 
polemica; 1 
caixa2; 1 
brazilloveszayn; 1 
valentinemusicvideo; 1 
harrystyles; 1 
artistafavoritocrossover; 1 
directioners; 1 
faltam8pts; 1 
cruxcam; 1 
bbmp; 1 
portchatespecial; 1 
porchatespecial; 1 
sanxbah; 1 
verguenzaconmenbol; 1 
rumoaotetra; 1 
destaquesdobrasileirão; 1 
ficaperes; 1 
dodôcafonadobem; 1 
jogosagrado; 1 
semteuolhar; 1 
substitutadechiquutitas; 1 
detalhe; 1 
amanhãeparasempre; 1 
audienciassel; 1 
acordapaixão; 1 
gataselvagemnatvaparexida; 1 
morrabolsonaro; 1 
fracassaparasempre; 1 
gataselvagemnatvaparecida; 1 
mortebolsonaro; 1 
elcolordelapasión; 1 
aquenãopodiaamar; 1 
coraçãoesmeralda; 1 
novohorario; 1 
carrossel; 1 
novelasdatarde; 1 
leodiasforadofofocalizando; 1 
laquenopodiaamar; 1 
sintumirada; 1 
domingoespetacular; 1 
fikadika; 1 
vaaaaaaipomba; 1 
vemmaisporaí; 1 
duvida; 1 
viciante; 1 
confrariarsmusic; 1 
fifaratings; 1 
copadobrasil2018; 1 
letstalk; 1 
depression; 1 
vamostricolor; 1 
sérieb2018; 1 
ursoo; 1 
idolchallenge; 1 
pai; 1 
wakandaforever; 1 
endviolence; 1 
엔티크; 1 
love_yourself_結_answer; 1 
cantacomigo; 1 
jaguarsvsgiants; 1 
foreveralone; 1 
princesinha; 1 
duuuval; 1 
amigão; 1 
lisete50; 1 
lisetenosbt; 1 
lisetenagazeta; 1 
debatesbt; 1 
lutopelomuseunacional; 1 
mercadodecapitales; 1 
silvercloudadvisors; 1 
pablo; 1 
iago; 1 
roger; 1 
jadson; 1 
maidana; 1 
cartolafcnaradioglobo; 1 
pjl; 1 
lucaslima; 1 
pantera; 1 
projetobiquininhonotusca2018; 1 
g; 1 
50milnomaraca; 1 
vempracolina; 1 
prontofalei; 1 
boapetrucci; 1 
taosso; 1 
vasxafc; 1 
guerra; 1 
diadevasco; 1 
torcidavascopatrocionadormaster; 1 
e24vas; 1 
lancearena; 1 
novoalmirante; 1 
vascoxbahia; 1 
obrigadosenhor; 1 
rumoaos50mil; 1 
sempreaoladodovasco; 1 
kyokushin; 1 
blablabla; 1 
oss; 1 
shinkyokushin; 1 
copa; 1 
karate; 1 
osu; 1 
luta; 1 
fight; 1 
skateboard; 1 
torneio; 1 
skate; 1 
oyama; 1 
weyne; 1 
osegundosol; 1 
timão; 1 
yanroberto; 1 
molly; 1 
korea; 1 
chelsea; 1 
brady; 1 
brownlow; 1 
onstorm; 1 
ottawaoutage; 1 
issa; 1 
wots2018; 1 
armyrun; 1 
cccagm18; 1 
sundaymorning; 1 
insecurehbo; 1 
pats; 1 
patriots; 1 
lions; 1 
nevsdet; 1 
abc; 1 
recadodolula; 1 
umtetotododelas; 1 
skoob; 1 
lulapresidente; 1 
folha; 1 
alexandregarcia; 1 
jairbolsonaroesfaqueado; 1 
blouin_artinfo; 1 
fashiondesigners; 1 
punk; 1 
wedding; 1 
mattybovan; 1 
flow; 1 
virginia; 1 
boho; 1 
weddinghour; 1 
designer; 1 
instagramsuperstar; 1 
artinfo; 1 
mariagraziachiuri; 1 
ss2019; 1 
blouin; 1 
hatsoff; 1 
southcarolina; 1 
fossilfriday; 1 
marykatrantzou; 1 
northcarolina; 1 
weddingvenue; 1 
cmcuncrated; 1 
inlove; 1 
lfw; 1 
nyfw; 1 
theedge; 1 
onlinesamplesale; 1 
fallinlove; 1 
partiudubai; 1 
odeiojenteq; 1 
linhadequinta; 1 
linhapraque; 1 
sqn; 1 
poesiaacustica5; 1 
afilhadafaz15; 1 
piquemicheldouglas; 1 
prahjbasta; 1 
caosnorio; 1 
paznocore; 1 
cozinhaaquatromaos; 1 
físicathreadbr; 1 
lukelivre; 1 
matthreadbr; 1 
astrothreadbr; 1 
yorkshire; 1 
biewerterrier; 1 
eugostoquando; 1 
fdp; 1 
palmeirasxcruzeiro; 1 
varpraque; 1 
roubaramoporco; 1 
estadao; 1 
nossaselecao; 1 
goat; 1 
portaldosprocurados; 1 
eduardogomes; 1 
porinteiro; 1 
leandrocontraela; 1 
apae; 1 
jairoujaera; 1 
novoaliadodopt; 1 
loverosie; 1 
cartola; 1 
weezer; 1 
pianista; 1 
felipevalente; 1 
lauredaigle; 1 
musicvideos; 1 
artista; 1 
kennychesney; 1 
onerepublic; 1 
shawnmendes; 1 
morganevans; 1 
mudar; 1 
teoriadaconspiracao; 1 
arethafranklin; 1 
billboard; 1 
grammy; 1 
dylanscott; 1 
kanebrown; 1 
johnwilliams; 1 
whatshappeningtomusic; 1 
imaginedragons; 1 
billboardhot100; 1 
panicatthedisco; 1 
edsheeran; 1 
figxcsa; 1 
indiretasdiretas; 1 
estadualwilliambrigido; 1 
williambrigido10123; 1 
deagora; 1 
agoramudoubispoossesioefederal; 1 
fechadocombispoossesio; 1 
umdiadedomingo; 1 
israeltrip; 1 
porai; 1 
bahia; 1 
salvador; 1 
ótimodomingo; 1 
thursday; 1 
deputadofederal1012; 1 
tracunhaém; 1 
universalpernambuco; 1 
setembro; 1 
tuesday; 1 
praiadabarra; 1 
viagens; 1 
éfederal; 1 
marido; 1 
éfederal1012; 1 
agoramudou; 1 
bispoossesioéfederal; 1 
agoramudou1012; 1 
eestadual10123; 1 
federalé1012; 1 
unidas; 1 
porcopeiro; 1 
verdãodobrasil; 1 
bbbanco; 1 
somos; 1 
bbtchau; 1 
sylvia13713; 1 
somosaluta; 1 
pracimadelescoelho; 1 
simborsmengao; 1 
tamojuntobmd; 1 
tamojuntobmdboa; 1 
f1driveroftheday; 1 
avantitricolor; 1 
vamossaopaulo; 1 
tricolorpaulista; 1 
govrj; 1 
vote; 1 
souatd; 1 
faetec; 1 
cbf; 1 
forasidão; 1 
brasileirao2018; 1 
edicao18; 1 
empauta; 1 
saoxflu; 1 
brasileiraonosportv; 1 
bolsonaronão; 1 
lavercup; 1 
elenaoecorrupto; 1 
anittanão; 1 
elenaoestapreso; 1 
cbfvergonha; 1 
saladeredação; 1 
centraldotorcedor; 1 
bigode; 1 
pitadinhahistórica; 1 
eduardojorgenaveja; 1 
always; 1 
somosmadeinbrazil; 1 
tudomec; 1 
luladissesouhaddad; 1 
partidonovomeusovo; 1 
seureimandouavisar; 1 
haddadélulalá; 1 
lulaladrãodecoração; 1 
tapresonoscorações; 1 
torturanuncamais; 1 
ditaduranuncamais; 1 
lulanocoração; 1 
noissofremaiznoisgoza; 1 
off; 1 
savecleytin; 1 
ciropresidente12; 1 
setienenqueir; 1 
sonellxsonosotrxs; 1 
fueraelfmi; 1 
sosnicaragua; 1 
defendamoslasaludpublica; 1 
todescontrabolsonaro; 1 
fueramacri; 1 
dujovne; 1 
medicina; 1 
hospitalposadas; 1 
ganamosmedicina; 1 
diadeljubilado; 1 
stockcarnosportv; 1 
smokeyandthebandit; 1 
burtreynolds; 1 
ponitac; 1 
glasurit; 1 
transam; 1 
jacksonville; 1 
boraprasemi; 1 
amoedonodebate; 1 
joaoamoedo30; 1 
roubartilhei; 1 
embairrodepobretem; 1 
sagat; 1 
curso; 1 
visualstudio; 1 
javascript; 1 
canalcodificando; 1 
laravel; 1 
dev; 1 
mask; 1 
eagames; 1 
22defevereiro; 1 
jquery; 1 
streetfighter; 1 
castlevania; 1 
timezone; 1 
sfv; 1 
html; 1 
tutorial; 1 
php; 1 
gilmarmendes; 1 
somostodosvaleriasantos; 1 
masterchef; 1 
eaconnected; 1 
wakeupandwatchanne; 1 
renovada; 1 
annewithane; 1 
foi; 1 
191covas; 1 
45alckmin; 1 
457maragabrilli; 1 
45doria; 1 
kungfu; 1 
júliocésarsantoscuzão; 1 
fridayfeeling; 1 
bomdiafox; 1 
cristiano; 1 
melhorcovenotvz; 1 
sorteio; 1 
dianacionaldecombateaofumo; 1 
terranotícias; 1 
hojenahistória; 1 
1minuto; 1 
fatosreais; 1 
dosesdetequila; 1 
alemãofoxsports; 1 
nossofutebol; 1 
felipão; 1 
minhaesquerdistasecreta; 1 
captainmarvel; 1 
vergonhaalheia; 1 
sempalavras; 1 
alckmin45; 1 
sbt; 1 
globosemnocao; 1 
fomedefood; 1 
alckminpedeprasair; 1 
publipost; 1 
eianitavaitomarnocu; 1 
mytwitteranniversary; 1 
lulaépresidário; 1 
extremosnão; 1 
meubolsominionsecretovoce; 1 
extremosnao; 1 
blogdobispomacedo; 1 
govk; 1 
thegooddoctor; 1 
ladygaganofantastico; 1 
anittaeresmiorgullo; 1 
ladygaga; 1 
backtohogwarts; 1 
fodasemoluscoebolsoneca; 1 
killthepoor; 1 
bigmouth; 1 
basquetenosportv; 1 
17neles; 1 
mauperdedor; 1 
vaivetor; 1 
indústria; 1 
sermaodomonte; 1 
profesionprofesor; 1 
parque; 1 
alc; 1 
professores; 1 
urbano; 1 
ernestosanctuary; 1 
houseofcats; 1 
pelosanimais; 1 
pelosanimaisportodosnós; 1 
orçamentoparticipativo; 1 
lyaluftt; 1 
redefortunati4018; 1 
educaçao; 1 
portodosnós; 1 
deputadaestadual; 1 
deputadofederal4018; 1 
idosos; 1 
poa; 1 
voteconsciente; 1 
reginabeckerfortunati; 1 
ciclovias; 1 
reginabeckerfortuanti; 1 
diadogaúcho; 1 
sonegação; 1 
justiçaeleitoral; 1 
notafiscaleletrônica; 1 
turismo; 1 
opendata; 1 
poadigital; 1 
escritora; 1 
diamundialdelimpeza; 1 
redefortunati; 1 
fundaçãorockefeller; 1 
iluminaçãopública; 1 
forçatransformadora; 1 
worldcleanupday; 1 
transporte; 1 
portoalegreresiliente; 1 
vaquinhasvirtuais; 1 
escola; 1 
tradutora; 1 
vemcomagente; 1 
transparência; 1 
linhastransversais; 1 
aberturadedados; 1 
foramarchezan; 1 
hackathonpoa; 1 
causaanimal; 1 
datapoa; 1 
fortunati4018; 1 
chaves; 1 
programasilviosantos; 1 
acusações; 1 
soylunaporsiempre; 1 
caixinhadepromessas; 1 
repórterrecordinvestigação; 1 
paraliticonotelhado; 1 
aterraprometida; 1 
cura; 1 
tristeza; 1 
superando; 1 
espíritosanto; 1 
jesus21; 1 
loveyourselfruggerista; 1 
diferente; 1 
programadoratinho; 1 
divertido; 1 
travessiadoriojordão; 1 
jesuscristo; 1 
mariamadalena; 1 
pgmsilviosantos; 1 
doido; 1 
formula1; 1 
bdmg; 1 
greysdepressao; 1 
whuche; 1 
leaderpool; 1 
melhorgoleirodobrasil; 1 
odolareeu; 1 
lixeiramemes; 1 
stivejobs; 1 
internationaldayofcharity; 1 
cironaredetv; 1 
battlefieldv; 1 
rainingblood; 1 
turnup; 1 
getatme; 1 
cyberpunk2077; 1 
obreirosuniversal; 1 
jejumdedaniel; 1 
16ºdiadojejumdedaniel; 1 
congressorenovação; 1 
fjusaopaulo; 1 
oriopedepaes; 1 
geraldonaredetv; 1 
gêmeos; 1 
bet365; 1 
oqueeumaisqueriaagora; 1 
andreia; 1 
tmjcombolsonaro; 1 
microconto; 1 
miniconto; 1 
nemai; 1 
joãonojn; 1 
voteno30; 1 
diasdeluta; 1 
diasdegloria; 1 
setransbel; 1 
coisasdeabaete; 1 
ldsdevo; 1 
aovivoeacores; 1 
ldsfacetoface; 1 
tvz; 1 
bomdiabrasil; 1 
braxeua; 1 
bananakong; 1 
edutubers; 1 
gagamilano; 1 
greatness; 1 
whpcolorpalette; 1 
youtubeeducon; 1 
gagamilanofriend; 1 
votoimpressoja; 1 
vamosfalardaseleicoes; 1 
temponorj; 1 
anerj; 1 
sensacional; 1 
annerj; 1 
apoiehaddadmanu; 1 
suitedbyboss; 1 
england; 1 
glorytogod; 1 
goldenboot; 1 
worldcup; 1 
flashbackfriday; 1 
asiangames; 1 
premierleague; 1 
bosssports; 1 
ucldraw; 1 
threelions; 1 
coys; 1 
jesusmylord; 1 
championsleague; 1 
debut; 1 
nationsleague; 1 
asiangames2018; 1 
thfc; 1 
casolan; 1 
informeespecial; 1 
puyehue; 1 
gloriasdelejercito; 1 
convictorenlamemoria; 1 
piñeracobarde; 1 
seikongen; 1 
estoysinluz; 1 
pilmaiquen; 1 
imbecironao; 1 
estoucomolucas; 1 
rockinrio2016; 1 
baixo; 1 
bass; 1 
piano; 1 
youtubers; 1 
cantar; 1 
band; 1 
violão; 1 
acousticguitar; 1 
violao; 1 
robô; 1 
contrabaixo; 1 
guitar; 1 
videoaulas; 1 
vocal; 1 
aulas; 1 
sing; 1 
keys; 1 
robot; 1 
teclado; 1 
keyboard; 1 
singer; 1 
youtuber; 1 
11september; 1 
fazenda; 1 
socio5estrelas; 1 
thaynanotvz; 1 
riverdale; 1 
znation; 1 
4dias; 1 
naoénao; 1 
recebinogrupodafamilia; 1 
desafiounidasnasruas; 1 
egiptologia; 1 
fapesp; 1 
corrupção; 1 
crimimoso; 1 
ufrj; 1 
facistas; 1 
agrotóxicos; 1 
myfirsttweet; 1 
instantkarma; 1 
barbacabeloebigode; 1 
apostadacueca; 1 
bcbigode; 1 
somos17; 1 
chateada; 1 
cacafaz5; 1 
presidente2018; 1 
tite; 1 
fechou; 1 
irmãodojorel; 1 
haddadmanu; 1 
ecg; 1 
jogacomelas; 1 
respeitaasminas; 1 
vamospassarobrasilalimpo; 1 
brasilmereceonovo; 1 
amoêdonopânico; 1 
cbn; 1 
cbngoodnews; 1 
rbsnotícias; 1 
feat_nickiminaj; 1 
família; 1 
doideira; 1 
fullrelax; 1 
ripmuseunacional; 1 
quehomem; 1 
chupageraldo; 1 
falei; 1 
lixoresponde; 1 
roubo; 1 
ynwa; 1 
força; 1 
blablablametro; 1 
timbeta; 1 
pingonosis; 1 
17pela; 1 
capitãmarvel; 1 
microservices; 1 
lambda3; 1 
docker; 1 
guerreiro; 1 
saibadizernão; 1 
jovensvisionários; 1 
universalce; 1 
algoamais; 1 
algoa; 1 
sdn2018; 1 
fju; 1 
sdnceará; 1 
pauloguedesnaglobonews; 1 
craquedoverdão; 1 
melhortorcida2018; 1 
gefla; 1 
pscj; 1 
melhortorcida; 1 
interjovem2018; 1 
floridacup; 1 
pajuvin; 1 
handebol; 1 
bailedasagrado; 1 
funkonycc; 1 
theactionmoviestar; 1 
danaigurira; 1 
doctorwho; 1 
scarlettjohansson; 1 
blackwidowmovie; 1 
thefemalemoviestar; 1 
chrishemsworth; 1 
boatarde; 1 
euacreditonaforçadobem; 1 
1first; 1 
pederastiasim; 1 
sabadoelitedosdv; 1 
raiseyourvoice; 1 
forçabarça; 1 
deleallichallenge; 1 
batebola; 1 
tiohaddad; 1 
tiociro; 1 
atenção; 1 
cironao; 1 
vote17; 1 
cirofilhadaputa; 1 
forarodrigomaia; 1 
malasia; 1 
foconavitória; 1 
acimadetudorubronegro; 1 
forabananademelo; 1 
issoaquiéflamengo; 1 
ficacampelo; 1 
edlp; 1 
grêmiotv; 1 
seguequem; 1 
gremio; 1 
feedly; 1 
dareal; 1 
henfil; 1 
fantasmanafinal; 1 
vamosubirsanta; 1 
operário; 1 
operárioferroviário; 1 
ofec; 1 
préjogo; 1 
ofantasmasubiu; 1 
sériec; 1 
juninhofake; 1 
csgogiveaway; 1 
csgo; 1 
1contratodos; 1 
manumasterchef; 1 
chorando; 1 
answernow; 1 
jatenteivariasvezes; 1 
zumbi; 1 
ffartistcamila; 1 
carallo; 1 
ffartistshawn; 1 
descubra; 1 
turmadamêmica; 1 
portodevitória; 1 
taipan; 1 
ebnamídia; 1 
confidentgirl; 1 
petquefazfeliz; 1 
maedepet; 1 
quetardeboa; 1 
omalley; 1 
queamigamaravilhosa; 1 
quesialindo; 1 
runkeeper; 1 
vamossãopaulo; 1 
k9; 1 
vasco120anos; 1 
elemente; 1 
drummer; 1 
ator; 1 
emoção; 1 
pramim; 1 
maisqurumacançao; 1 
spiderbim; 1 
amigos; 1 
fabio; 1 
meia; 1 
diadoator; 1 
pimentel; 1 
eleiçoes; 1 
bateras; 1 
kkkkk; 1 
dia; 1 
hexa; 1 
teatro; 1 
ouviu; 1 
dudu; 1 
prefiroamari; 1 
descanso; 1 
single; 1 
banda; 1 
chupatafarel; 1 
drums; 1 
obgdidi; 1 
vmscruzeiro; 1 
mj; 1 
presente; 1 
fábio; 1 
isabelazico; 1 
barcos; 1 
tudo; 1 
chupatafarelseubosta; 1 
naraça; 1 
top; 1 
sobencomenda; 1 
gospel; 1 
sefaz; 1 
gratidão; 1 
existencia; 1 
completeai; 1 
rener; 1 
egidio; 1 
duplasertaneja; 1 
lulaepresidiario; 1 
tchauqueridos; 1 
nem; 1 
eatickets; 1 
startup; 1 
patreon; 1 
crowdfunding; 1 
indiegames; 1 
precisoamar; 1 
passandofome; 1 
quemderaeu; 1 
holywater; 1 
stevenkleinstudio; 1 
mdnaskin; 1 
chromeclaymask; 1 
lulapreso; 1 
globalcitizens; 1 
sheiswe; 1 
amem; 1 
menstrualhygiene; 1 
sdgs; 1 
arianagrande; 1 
ahuman; 1 
sdg3; 1 
globalcitizenindia; 1 
take3forthesea; 1 
bethegeneration; 1 
sheisequal; 1 
kardashians; 1 
endperiodpoverty; 1 
kimkardashian; 1 
nickiminaj; 1 
friend; 1 
safesludge; 1 
globalcitizen; 1 
oceanguardian; 1 
likeagirl; 1 
laligapratodos; 1 
vasxsan; 1 
ficacuellar; 1 
sãopaulo; 1 
okd; 1 
wowcopaamerica; 1 
kimi7; 1 
welcomekimi; 1 
novoclipeiza; 1 
joaonaband; 1 
novonosdebates; 1 
joaonaredetv; 1 
zemanosdebates; 1 
amoêdo2018; 1 
vemcomojoao30; 1 
reviravoltanaeleição; 1 
alexandreguerranosdebates; 1 
trindadenosdebates; 1 
joãoamoêdo; 1 
vocenao; 1 
anastasiaéaécio; 1 
aculpaédopt; 1 
lulaéhaddad; 1 
reginaldolopes1312; 1 
golpistas; 1 
onugarantelula; 1 
foraandres; 1 
caiuemitaquerajáera; 1 
decepção; 1 
xupaantis; 1 
inconformada; 1 
choraporco; 1 
alckmin; 1 
foraloss; 1 
põenodvd; 1 
paulistinhaday; 1 
conmebol; 1 
mrcatra; 1 
boicote; 1 
marinasilvanopanico; 1 
futebolnaveia; 1 
linhadequarta; 1 
linhapraquê; 1 
tombraidernoeigames; 1 
vaisccp; 1 
nothim; 1 
brazillovesprettymuch; 1 
projetonacionaldedesenvolvimento; 1 
mudeciropresidente; 1 
vamociro; 1 
sodisseverdade; 1 
quemnunca; 1 
boaquarta; 1 
usopensportv; 1 
pedro; 1 
lulanao; 1 
haddadnão; 1 
ptlixo; 1 
lulaéinelegível; 1 
sabadoédia; 1 
oscar; 1 
friends; 1 
alert; 1 
embreagem; 1 
citepolemicas; 1 
emocionante; 1 
correios; 1 
souotipodepessoaq; 1 
vamosfalarsobrelúpulo; 1 
tenso; 1 
eleiçōes2018; 1 
amas; 1 
bottedupoutnow; 1 
havanaliveisout; 1 
luansantanatv; 1 
djsnake; 1 
dinahjane; 1 
themusicvideo; 1 
luanetes; 1 
thealbum; 1 
cardib; 1 
bottledup; 1 
prettymuch; 1 
neverbethesame; 1 
bottleduptonight; 1 
rapdevilstreamingparty; 1 
ozuna; 1 
luansantana; 1 
camila; 1 
weallwithmgkrapdevil; 1 
havanalive; 1 
calabocaanitta; 1 
geraldoalckmincovarde; 1 
equipega; 1 
lulapresidiário; 1 
bolsonaroinocente; 1 
relax; 1 
libertad; 1 
paintings; 1 
tiradocebolinha; 1 
filosofía; 1 
mystreetinspiration; 1 
lesclassiquesasterix; 1 
felizviernes; 1 
sqlvh; 1 
painting; 1 
marktwain; 1 
miguelito; 1 
nbaplayoffs; 1 
photo; 1 
thanhmediaarts; 1 
religion; 1 
outdoors; 1 
landscape; 1 
thefreeexhibition; 1 
harukimurakami; 1 
mafalda; 1 
apescamaravilhosa; 1 
novelajesus41; 1 
novelajesus31; 1 
novelajesus26; 1 
novelajesus24; 1 
novelajesus29; 1 
7desetembronbr; 1 
corridadebigas; 1 
novelajesus28; 1 
novelajesus42; 1 
novelajesus27; 1 
novela; 1 
novelajesus36; 1 
help; 1 
novelajesus37; 1 
novelajesus35; 1 
novelajesus30; 1 
novelajesus34; 1 
mostraonuglobo; 1 
bauhaus; 1 
chess; 1 
paulklee; 1 
adoro; 1 
elzasoares; 1 
passoapaço; 1 
naturanão; 1 
jairbolsonaro; 1 
em5500; 1 
beer; 1 
federaldobolsonaro; 1 
jiraiya; 1 
forçaehonra; 1 
partiu; 1 
euvoto17; 1 
começou; 1 
bodasdealgumcoisa; 1 
vamointer; 1 
libertadores2010; 1 
vamuinter; 1 
15dami; 1 
diadeinter; 1 
ouroolimpico; 1 
grenal417; 1 
futdosulscfacts; 1 
serenatadeamor; 1 
terceirizanãostf; 1 
mpn2018; 1 
btsarmy; 1 
getyou50dol; 1 
vemmarina; 1 
pttbnão; 1 
houthis; 1 
iran; 1 
qatar; 1 
kiss; 1 
megadeth; 1 
stf; 1 
quemtefalou; 1 
modabruta; 1 
jets; 1 
camxcap; 1 
arenamrv; 1 
ganggreen; 1 
ocapirotonao; 1 
gopackgo; 1 
herdbrowns; 1 
bolsonaronojn; 1 
folhaeleições2018; 1 
smartcities; 1 
audaz; 1 
direitodetentar; 1 
milêniognews; 1 
helparhino; 1 
aibo; 1 
worldrhinoday; 1 
istartmydayby; 1 
happybirthday; 1 
socialmedia; 1 
fridaymotivation; 1 
some; 1 
mara; 1 
losangeles; 1 
ottobock; 1 
dançadosfamososnao; 1 
talisewelinton; 1 
aídesgramou; 1 
ironia; 1 
dormindonoestrado; 1 
gutsguts; 1 
daaovivoemgoiânia; 1 
éciradabino; 1 
galaxynote9; 1 
bomdiatts; 1 
lacuenta; 1 
delasota; 1 
lssc; 1 
yemen; 1 
joselopez; 1 
breaking; 1 
usopen; 1 
ppt; 1 
metoo; 1 
cineargentino; 1 
win; 1 
sfvae; 1 
cowboys; 1 
ufc228; 1 
ufcspnocombate; 1 
trcoluna; 1 
ufcsp; 1 
citeumatretaesaia; 1 
thinkbigsundaywithmarsha; 1 
successtrain; 1 
genexus; 1 
gx28; 1 
weekendbrunch; 1 
barbixas3milhões; 1 
teotfw; 1 
somostodosbolsonaro; 1 
forcacapitao; 1 
motogpnosportv; 1 
detestoquandofalam; 1 
quemtemmaistem9; 1 
significa; 1 
anaamélianajp; 1 
ética; 1 
horadepôrcafé; 1 
floripa; 1 
singaporegp; 1 
espelhodavida; 1 
hajacoração; 1 
nbalive19; 1 
nba2k19; 1 
forçabrunosilva; 1 
jandirafeghali6565; 1 
millôr; 1 
iphone; 1 
100k; 1 
saveyourinternet; 1 
sportingcp; 1 
exitprostitution; 1 
autofollow; 1 
autofollowback; 1 
riseupagainstoppression; 1 
وُردُهِہ; 1 
openfollow; 1 
teamfollowback; 1 
آلَفُيـلَسًـوُفُ_لَلَآضـآفُآتُ; 1 
ff; 1 
followme; 1 
deeplearning; 1 
industry40; 1 
iiot; 1 
robotics; 1 
infographic; 1 
dl; 1 
innovation; 1 
artificialintelligence; 1 
healthtech; 1 
iot; 1 
crb106anos; 1 
dragonballsupernocn; 1 
galodapraiaorgulhodealagoas; 1 
redetv; 1 
worlds2018; 1 
motogp; 1 
bolsonaronaband; 1 
boslonaro17; 1 
orgulho; 1 
peças_arqueológicas; 1 
ipva; 1 
escada; 1 
escavações; 1 
fred_ferreira; 1 
reciclagem; 1 
seminário; 1 
olinda; 1 
debate; 1 
luciano_levits; 1 
petrolina; 1 
campanha_de_bolsonaro; 1 
proibição_de_campanha_em_templos_religiosos; 1 
gastronomia; 1 
registro_de_candidatura; 1 
candidaturas_indígenas; 1 
ministério_público_do_trabalho; 1 
capacitações_gratuitas; 1 
discurso; 1 
investimentos_na_construção_civil; 1 
reportagem; 1 
paulo_câmara; 1 
edilene; 1 
obras; 1 
fraude; 1 
psb; 1 
escolas_prisionais; 1 
adutora_do_moxotó; 1 
poema; 1 
escola_cícero_dias; 1 
paulo_guedes; 1 
pt; 1 
fake_news; 1 
empresa; 1 
concurso; 1 
agreste; 1 
luciano_duque; 1 
investimentos_em_segurança_e_educação_básica; 1 
ex_deputado_estadual_geraldo_coelho; 1 
creche_professora_esmeraldo_reis; 1 
graça_araújo; 1 
marina_silva; 1 
ifpe; 1 
frexeiras; 1 
hospital_esperança; 1 
sobrevivência; 1 
justiça_eleitoral; 1 
rejeição; 1 
arcoverde; 1 
centro_do_recife; 1 
unicef; 1 
julio_lossio; 1 
governo_de_pernambuco; 1 
mata_sul; 1 
sebrae; 1 
armando_monteiro; 1 
senador; 1 
senar; 1 
mudar_constituição; 1 
boatos; 1 
fhc; 1 
títulos_de_posse; 1 
propaganda_irregular; 1 
tse; 1 
oposição; 1 
povos_indígenas; 1 
crônica; 1 
quilombolas; 1 
deputada_estadual; 1 
ensino_domiciliar_no_brasil; 1 
catolicoorante; 1 
