elenão; 236 
elenao; 155 
elenunca; 113 
debateaparecida; 80 
meubolsominionsecreto; 71 
eleições2018; 66 
debateredetv; 65 
ciro12; 64 
gazetaestadaojp; 49 
eusoulula; 44 
haddadpresidente; 43 
g1; 42 
elasim; 37 
lulalivre; 35 
haddadélula; 35 
newprofilepic; 33 
omemedaminhavida; 31 
pstu16; 30 
tôcomvera; 30 
anittaisoverparty; 29 
museunacional; 28 
eleicoes2018; 28 
bolsonaronojornalnacional; 26 
haddadélulanojn; 26 
mulherescontraobolsonaro; 26 
tbt; 25 
brasil; 24 
elesim; 23 
manunojaburu; 23 
pergunteaociro12; 23 
euquerobolsonaro; 23 
democraciasim; 23 
bolsonaro; 22 
jn; 21 
calabocagentilli; 21 
uolnasurnas; 20 
sentagostosobozo; 19 
ciropresidente; 19 
boulosesonia50; 19 
obrasilfelizdenovo; 18 
apoiehaddadmanu; 17 
quemmandoumatarbolsonaro; 17 
elejamais; 16 
aovivo; 15 
bolsonaronãoécorrupto; 15 
lulapresidente; 14 
ciropresidente12; 14 
lula; 14 
mulheresunidascontrabolsonaro; 14 
jornaldaglobo; 14 
reviravoltanaeleicao; 14 
sextou; 13 
lutomuseunacional; 13 
votomarinapq; 13 
marina18; 13 
brasilcommarina; 13 
thevoicebrasil; 12 
mulherescontraofascismo; 12 
umchamadoàrebelião; 12 
thebest; 12 
twibbon; 12 
bolsonaro17; 12 
lulamanuhaddad; 11 
equipevera16; 11 
nothim; 11 
forçabolsonaro; 11 
rouanetnão; 11 
votemarina18; 11 
milhoescombolsonaro; 10 
jg; 10 
mariellepresente; 10 
boulosnagazeta; 9 
segundosol; 9 
vera16; 9 
mulherescontrabolsonaro; 9 
mariellefranco; 9 
orgulhoepaixão; 9 
masterchefbr; 9 
popstar; 9 
falamaisgentili; 9 
debatecnbb; 9 
rodaviva; 9 
7desetembro; 9 
emmys; 9 
lulanasurnastse; 9 
bolsonaropresidente17; 9 
marinanojornalnacional; 9 
nflnaespn; 9 
lulaécandidato; 8 
mulherescombolsonaro; 8 
haddad13; 8 
onugarantelula; 8 
haddad; 8 
haddadnojn; 8 
afazenda10; 8 
arquivobbc; 8 
vamociro; 8 
verguenzaconmebol; 8 
eibozonarovaitomarnocu; 8 
meuaniversáriodotwitter; 8 
sqn; 8 
bolsonaro17no1ºturno; 8 
cironojornaldaglobo; 8 
fechocomciro; 8 
appleevent; 7 
fakenews; 7 
lulaéhaddad; 7 
pstu; 7 
ciraonosegundoturno; 7 
falaciro12; 7 
cironojornalnacional; 7 
corinthians; 7 
salvemasbaleias; 7 
ebcnasurnas; 7 
debateband; 7 
debatebandrio; 7 
pt; 6 
fora; 6 
soudedireitaporque; 6 
setembroamarelo; 6 
haddadelulanojn; 6 
mucbvive; 6 
vaicorinthians; 6 
direitaseguedireita; 6 
geraldonojn; 6 
crf; 6 
lulainelegível; 6 
cironosegundoturno; 6 
paz; 6 
lulanacadeia; 6 
foratemer; 6 
podcast; 6 
psol50; 6 
diab; 6 
domingodetremurasdv; 6 
boulosnatvaparecida; 6 
joãonojn; 6 
citecoisasaleatorias; 6 
fake; 6 
avantipalestra; 6 
gopackgo; 6 
bomdia; 6 
boulosresponde; 6 
haddadélulanatv; 6 
elesnao; 6 
ondalaranja; 6 
segundadetremurasdv; 5 
debatesbtrio; 5 
fifafootballawards; 5 
flamengo; 5 
haddadpresidente13; 5 
estudioi; 5 
lulalivrejá; 5 
afazenda; 5 
direitaunida; 5 
temer; 5 
mostraonuglobo; 5 
hurricaneflorence; 5 
chamaomeirelles; 5 
skoob; 5 
diademarina; 5 
lulainelegivel; 5 
equipe; 5 
suplicy131; 5 
ocapitãovoltou; 5 
cuba; 5 
hiphop; 5 
vamosflamengo; 5 
boulos50; 5 
mpn; 5 
desafiounidasnasruas; 5 
tamojunto; 5 
diadoprogramador; 5 
friendsday; 5 
nowplaying; 5 
terranotícias; 5 
lulaépresidiario; 5 
debatesbt; 5 
boulosnaredetv; 5 
dançadosfamosos; 5 
sabadodetremurasdv; 5 
humansoflatecapitalism; 5 
marta; 5 
cbng1; 5 
cironacnbb; 5 
mensalinhodotwitter; 5 
amor; 5 
globonews; 5 
biweek; 5 
haddad13presidente; 5 
forcabolsonaro; 5 
pcas; 5 
jornalnacional; 5 
taxaomeirelles; 4 
ursal; 4 
politicaxpress; 4 
foraloss; 4 
maisquepromessas; 4 
palcopopstar; 4 
novo30; 4 
joaonosdebates; 4 
premierleaguenaespn; 4 
jairbolsonaro; 4 
família; 4 
familia; 4 
sériec; 4 
lulahaddadmanu; 4 
cirosimpostenão; 4 
otwitternãoéfacebook; 4 
malhação; 4 
tôvomvera; 4 
suplicysenador; 4 
cblol; 4 
calabocacirodenovo; 4 
segurança; 4 
venezuela; 4 
educação; 4 
argentina; 4 
vempramassa; 4 
inter; 4 
novafotodoperfil; 4 
forçaanitta; 4 
cruxfla; 4 
marinanojg; 4 
medo; 4 
jornaloglobo; 4 
votenoqueacredita; 4 
vasco120; 4 
repost; 4 
twitter; 4 
bolsonaroétemer; 4 
geraldoalckmin; 4 
semlulaéciro; 4 
brasileirão2018; 4 
estoucombolsonaro; 4 
vasxfla; 4 
selecaosportv; 4 
timelula; 4 
mulherescontraofacismo; 4 
cironouol; 4 
haddadnojornalnacional; 4 
forcaanitta; 4 
bolsonaro2018; 4 
mito; 4 
democracia; 4 
censura; 4 
jairmessiasbolsonaro; 4 
rip; 4 
emmytnt; 4 
textaocientifico; 4 
g1rio; 4 
captainmarvel; 4 
debatemn; 4 
bolsonaroeleito1ºlugar; 4 
marinacomciro; 4 
vote30; 4 
np; 4 
brazil; 4 
freixo5050; 4 
boanoite; 4 
flaviodinovo; 4 
rebelião; 4 
sabeserbrasileiro; 4 
donadaminhavida; 4 
killshot; 4 
politica; 3 
copadobrasil; 3 
marinasilvanopanico; 3 
bts; 3 
idol; 3 
timão; 3 
fantastico; 3 
bolsonaronao; 3 
joaoamoedopresidente; 3 
fanart; 3 
conversacombial; 3 
expedientefutebol; 3 
futuro; 3 
arenadedebates; 3 
habemussemifinal; 3 
p9; 3 
debate; 3 
coizasqeuqueriater; 3 
vimeo; 3 
joãonaband; 3 
debatedacnbb; 3 
mudabrasil; 3 
fofocalizandonosbt; 3 
euacredito; 3 
tôcomvera16; 3 
rojava; 3 
folha; 3 
eliana; 3 
videoshowaovivo; 3 
haddadédilma; 3 
famíliapalmeiras; 3 
bolsonaronaoecorrupto; 3 
museu; 3 
boeing; 3 
candidato; 3 
chile; 3 
livros; 3 
china; 3 
eua; 3 
mulheres; 3 
onu; 3 
falaciro; 3 
quemmandoumatarjb; 3 
terceirizanãostf; 3 
povosemmedo; 3 
vamossemmedo; 3 
enfotos; 3 
desafiodapuberdade; 3 
diamundialdaprevençãodosuicídio; 3 
boasexta; 3 
sergipe; 3 
devastatedday; 3 
psdb; 3 
sp; 3 
sãopaulo; 3 
onthisday; 3 
vida; 3 
frases; 3 
colanamao; 3 
grêmio; 3 
jornalismo; 3 
alvarodias19; 3 
ciro; 3 
diadavisibilidadebissexual; 3 
braxeua; 3 
facada; 3 
fichalimpa; 3 
betolivre; 3 
conmebollibertadores; 3 
b17; 3 
cironeles; 3 
spidermanps4; 3 
dilma133; 3 
joaonaband; 3 
lgbtqi; 3 
sharktankbr; 3 
citepolemicas; 3 
wellingtondiasgate; 3 
arethafranklin; 3 
anitta; 3 
haddademanu13; 3 
vote13; 3 
ptnuncamais; 3 
tercadetremurasdv; 3 
globo; 3 
f1; 3 
pf1br; 3 
calabocaciro; 3 
meirelles15; 3 
racismo; 3 
reagesantos; 3 
resistencia168dias; 3 
mouraonagnews; 3 
diganãoacaçaasbaleias; 3 
usopen; 3 
debatenaredetv; 3 
mensalinhodotwiter; 3 
beach; 3 
vamointer; 3 
vmas; 3 
lgbti; 3 
elesnão; 3 
premierleagueredetv; 3 
arquivome; 3 
cironoanticast; 3 
gofla; 3 
pas; 3 
bolsominionsecreto; 3 
sbt37anos; 3 
gneleicoes2018; 3 
elasporelas; 3 
haddademanu; 3 
manuaovivo; 3 
lgbtq; 3 
almaecoração; 3 
fechadocombolsonaro; 3 
voudeciroporque; 3 
brasilcombolsonaro; 3 
cironaredetv; 3 
sanatóriogeral; 3 
ibope; 3 
soundcloud; 3 
nflbrasil; 3 
meseguenogab; 3 
michaeljacksonday; 3 
embraer; 3 
lgbt; 3 
andersonpresente; 3 
oqueeumaisqueriaagora; 3 
job; 3 
justdoit; 3 
ps4share; 3 
craquedojogo; 3 
riodejaneiro; 3 
opinesobreamaconha; 3 
bolsonazi; 3 
fátimanaband; 3 
cidadessoluções; 3 
gneleições2018; 3 
marina; 3 
debatetvgazeta; 3 
cirãodamassa; 3 
metalúrgicos; 3 
ciro12presidente; 3 
kamikaze; 3 
governador; 3 
forasartori; 3 
gastura; 2 
breakingnews; 2 
coiso; 2 
senado; 2 
agora; 2 
cirogomes; 2 
ursoo; 2 
hopeonthestreet; 2 
idolchallenge; 2 
verapresidente; 2 
corinthians108anos; 2 
worldsuicidepreventionday; 2 
endviolence; 2 
guerra; 2 
sarampo; 2 
amoedopresidente; 2 
rouanetnao; 2 
brasildecide; 2 
spfc; 2 
presidentedasemana; 2 
live; 2 
tamojunto55; 2 
thevoice; 2 
aquecimentoglobal; 2 
famílias; 2 
santamarta; 2 
alemanha; 2 
umchamadoarebeliao; 2 
reviravoltanaeleição; 2 
liberalismonobrasil; 2 
conceicaoevaristonaabl; 2 
afrosegueafro; 2 
bahia; 2 
debatebandba; 2 
alckmin; 2 
otd; 2 
odeiojenteq; 2 
euapoioos23; 2 
temerreasonswhy; 2 
cidade; 2 
18quilates; 2 
joelma18quilates; 2 
paunocudaonu; 2 
tarcísio50; 2 
rio; 2 
eleições; 2 
agorasouciro; 2 
ele; 2 
empresas; 2 
investimento; 2 
avião; 2 
empregos; 2 
estadosunidos; 2 
portugal; 2 
comércio; 2 
marinha; 2 
didi; 2 
tecnologia; 2 
turismo; 2 
museus; 2 
transporte; 2 
legislativo; 2 
letônia; 2 
direito; 2 
câncer; 2 
economia; 2 
pyongyang; 2 
presidente; 2 
literatura; 2 
ficaadica; 2 
tenso; 2 
mulheresunidas; 2 
tolutando; 2 
falamaisgentilli; 2 
modric; 2 
tmj; 2 
jornaldacultura; 2 
altashoras; 2 
política; 2 
lixeiramemes; 2 
capxfla; 2 
eleicoes; 2 
neverforget; 2 
tropicalstormflorence; 2 
jogodospontinhos; 2 
7desetembronbr; 2 
otemponãopara; 2 
sbt; 2 
ad; 2 
malena; 2 
mpn2018; 2 
nãosomosdesajustados; 2 
focoemvocê; 2 
uol; 2 
var; 2 
vascodagama; 2 
alutaépravaler; 2 
resistência; 2 
flaxcam; 2 
feminicídio; 2 
psol2018; 2 
mpt; 2 
aborto; 2 
brizolavive; 2 
gritodosexcluídos; 2 
bolsonaronão; 2 
bolsonaroesfaqueado; 2 
bbmp; 2 
pranamorarcmgtemq; 2 
got7; 2 
quero; 2 
machinelearning; 2 
unidoscontraacorrupção; 2 
psol; 2 
boulospresidente; 2 
deputadofederal; 2 
deputadoestadual; 2 
sdv; 2 
ucl; 2 
rt; 2 
globolixo; 2 
umadenósnosenado; 2 
jj12; 2 
vamostrabalhar; 2 
jjgovernador; 2 
vote12; 2 
visibilidadebissexual; 2 
recadodolula; 2 
oportunidade; 2 
lerciostory; 2 
acab; 2 
salvini; 2 
lovewins; 2 
aforçadamulher; 2 
umavozemsuadefesa; 2 
patriota; 2 
novapolítica; 2 
calabocagentili; 2 
tiradochicobento; 2 
sócio5estrelas; 2 
unfollowanittaparty; 2 
marxismovivo; 2 
cultura; 2 
libertadya; 2 
danielruiz; 2 
libertadyaadanielruiz; 2 
solidaridad; 2 
video; 2 
libertadores; 2 
libertadoresfoxsports; 2 
previsãodotempo; 2 
segueolider; 2 
libertadores2018; 2 
tocomvera; 2 
camxvas; 2 
juntassomosmaisfortes; 2 
ufrj; 2 
horariopolitico; 2 
ddj; 2 
palmeiras; 2 
meubolsominonsecreto; 2 
meteoro; 2 
bbdebate; 2 
trump; 2 
novo; 2 
backtohogwarts; 2 
seleçãobrasileira; 2 
saopaulo; 2 
museunacionalrj; 2 
quemmandoumatar; 2 
quemmatou; 2 
deputchatcha; 2 
pcb21; 2 
caravanadotrabalho; 2 
empilhadeiras; 2 
predator; 2 
euqueroumuno; 2 
bocajuniors; 2 
elenaoelenunca; 2 
gnewsemponto; 2 
chocolate; 2 
boy; 2 
news; 2 
papafrancisco; 2 
estoucombolsonaro17; 2 
freecodefridaycontest; 2 
giveaway; 2 
aquário; 2 
scandal; 2 
teatro; 2 
debatebandrn; 2 
f1nogp; 2 
singaporegp; 2 
porenganomeuovo; 2 
capricórnio; 2 
eleiçoes2018; 2 
contagemregressiva; 2 
crescernãoéoscilar; 2 
nigeria; 2 
prisonstrike2018; 2 
august21; 2 
haddadpresidentenojg; 2 
dia7é17; 2 
maislidas; 2 
festivallulalivre; 2 
voto13; 2 
freelula; 2 
marciatiburigovernadora13; 2 
incêndio; 2 
meuprimeirotweet; 2 
haddadnaglobonews; 2 
painting; 2 
liscadoido; 2 
ecidadania; 2 
fato; 2 
sechamainteressaloucura; 2 
urgente; 2 
vejaamarelasaovivo; 2 
drets; 2 
interinasenlucha; 2 
barrakes; 2 
sp2; 2 
riparethafranklin; 2 
lulapresidiário; 2 
chomsky; 2 
lol; 2 
syria; 2 
cirodaputa; 2 
pergunteamarina; 2 
domingolegal; 2 
euestou; 2 
visibilidadelésbica; 2 
unidassomosmaisfortes; 2 
joãocom6; 2 
diadaindependência; 2 
futsal; 2 
luto; 2 
legend; 2 
jairbolsonaronojornalnacional; 2 
direita; 2 
forcabolsonaro17; 2 
futebol; 2 
deutschland; 2 
freejulian; 2 
unity4j; 2 
debatetvaparecida; 2 
fifa19; 2 
ai; 2 
tbtreze; 2 
merepresenta; 2 
partidonovo; 2 
forcacapitao; 2 
bongocat; 2 
tchauquerido; 2 
thefemaletvstar; 2 
13neles; 2 
encontro; 2 
rock; 2 
fail; 2 
gratidão; 2 
horadepôrcafé; 2 
euquerobozonaro; 2 
falamesmogentilli; 2 
euvotojb17; 2 
microsoft; 2 
mariokart; 2 
capitãmarvel; 2 
obrasilqueeuquero; 2 
7setembro; 2 
journalism; 2 
sex; 2 
sexualorientation; 2 
mentalhealth; 2 
muslims; 2 
metoo; 2 
quartadetremurasdv; 2 
queriadizerq; 2 
reclamoaquinotwitterpq; 2 
somostodosbolsonaro; 2 
igualdade; 2 
mariellevive; 2 
freixofederal; 2 
20desetembro; 2 
asaventurasdepoliana093; 2 
coelhão; 2 
euvotobolsonaro17; 2 
florianopolis; 2 
setembro; 2 
boatarde; 2 
podebrisar; 2 
bakeoffbrasil; 2 
ireland; 2 
chuva; 2 
masterchefprofissionais; 2 
sunset; 2 
diadaárvore; 2 
partidonovo30; 2 
datafolha; 2 
rap; 2 
inaciodacatingueira; 2 
l3; 2 
fátimagovernadora; 2 
deusfamiliabolsonaro; 2 
belivaldo55; 2 
aracaju; 2 
abandoned; 2 
haddadélula13; 2 
ejairoujaera; 2 
foiela; 2 
lgbtscontrabolsonaro; 2 
pergunteaomeirelles15; 2 
breaking; 2 
art; 2 
àsvezesnosilênciodanoite; 2 
arte; 2 
cerveja; 2 
estamoscommarina18; 2 
vasco; 2 
pracegover; 2 
galo; 2 
justiça; 2 
palmeiras104anos; 2 
quemtemmaistem9; 2 
rosaliarosarinha; 2 
takitakiiscoming; 2 
amas; 2 
selenagomez; 2 
takitaki; 2 
debatebandpr; 2 
metalúrgico; 2 
unit; 2 
fé; 2 
feminismo; 2 
rougenothenoite; 2 
todoscomciro; 2 
iheartfestival; 2 
liberdadesdoar; 2 
graciasmanu; 2 
marinasilva; 2 
spiderman; 2 
democracyday; 2 
tocomtarcisio50; 2 
ficaibram; 2 
teotfw; 2 
photooftheday; 2 
haddadnãoélula; 2 
mausoléu; 2 
chapadadadiamantina; 2 
praia; 2 
valedopati; 2 
andarilha; 2 
assedioéhabitonopensi; 2 
beer; 2 
craftbeer; 2 
natgeovideo; 2 
pepepe; 2 
centrodorio; 2 
familyfirst; 2 
semfiltro; 2 
wisewordswednesdays; 2 
firme; 2 
dainosfolia; 2 
squadgoals; 2 
party; 2 
amassajogajunto; 2 
otemponaopara; 2 
13confirma; 2 
flaxgre; 2 
flaxcha; 2 
ghvipgala2; 2 
ghvip16s; 2 
rossettogovernador; 2 
presidenciável; 1 
tdcs; 1 
grave; 1 
lutaecompromisso; 1 
vereadorisac; 1 
desbolsonarizese; 1 
ciralizese; 1 
respeitaminhahistoria; 1 
itabaianinha; 1 
senadorromário; 1 
umnovosergipepranossagente; 1 
valadaresfilho40; 1 
jabuscar; 1 
tirinhas; 1 
tirinha; 1 
quadrinhos; 1 
rádiolivre; 1 
mg; 1 
guaxupé; 1 
iphone; 1 
pameiras; 1 
palxcru; 1 
ocupacuritiba; 1 
lulaecandidato; 1 
cirogomes12; 1 
boulosesonia; 1 
hastasiemprecomandante; 1 
marchalulalivre; 1 
vivache; 1 
namjoongostoso; 1 
seomengaoseclassificar; 1 
katyperrykaaboodelmar; 1 
mundialdeclubes; 1 
timão108; 1 
xôsatanás; 1 
threadnerdepolítica; 1 
vacina; 1 
vacinareproteger; 1 
hacktown; 1 
xôfilhotedocramunhão; 1 
google; 1 
16rebeliao; 1 
nalcs; 1 
c9win; 1 
hastags; 1 
medodenofuturo; 1 
poliomielite; 1 
unga; 1 
vacinaréproteger; 1 
lovemyself; 1 
paracadacriança; 1 
unicef; 1 
btsarmy; 1 
salvador; 1 
curso; 1 
comportamentoinfantil; 1 
contrabolsonaro; 1 
braxusa; 1 
marinersapartmentcomplex; 1 
chupamourao; 1 
rokugan; 1 
digitalart; 1 
reddeadredemption; 1 
mage; 1 
greypilgrim; 1 
lordoftherings; 1 
saturdaymorning; 1 
wizard; 1 
senhordosaneis; 1 
sda; 1 
l5r; 1 
samurai; 1 
orientaladventures; 1 
rpg; 1 
gandalf; 1 
starwars; 1 
lotr; 1 
foraebm; 1 
foralomba; 1 
forabarbieri; 1 
canalhas; 1 
bonnererenatanoufc; 1 
souaquelequeprimeirochamouomeirelles; 1 
cartatemeraria; 1 
manuemsergipe; 1 
haddademsergipe; 1 
tôcomrogério; 1 
chama131; 1 
observatóriodoclima; 1 
afreirafilme; 1 
teamlulu; 1 
timedavirada; 1 
vasxacf; 1 
priscilatossan; 1 
partiu; 1 
crimes; 1 
cbftv; 1 
lfcpsg; 1 
mpf; 1 
veganoscontrabolsonaro; 1 
zédirceumemórias; 1 
veneziano; 1 
luizcouto; 1 
ptdaparaíba; 1 
ptdaparaiba; 1 
lulalivrejp; 1 
partidodostrabalhadores; 1 
obr; 1 
joãoazevêdo; 1 
gnewspainel; 1 
digaumavdd; 1 
tecnoblog; 1 
ufgmilgrau; 1 
tqp; 1 
deathofanation; 1 
poll; 1 
amoêdonosdebates; 1 
joãoamoêdo; 1 
tidalxmia; 1 
apeshit; 1 
conceiçãoevaristonaabl; 1 
queen; 1 
nickixmadeinamerica; 1 
aniralivre; 1 
souotipodepessoaq; 1 
lgbtqtwitter; 1 
thecarters; 1 
naovamosnoscalar; 1 
tamujuntas; 1 
dória; 1 
wagner; 1 
ruicosta; 1 
linhadefrente; 1 
debategazeta; 1 
sérgiomoro; 1 
aratu; 1 
okd; 1 
wowcopaamerica; 1 
ihaveadream; 1 
worldbeardday; 1 
elesnãoelasimmarina18; 1 
queriatantoter; 1 
quepobrestãoricos018; 1 
detestoquandofalam; 1 
malhacao; 1 
tôcomdayse16; 1 
trcoluna; 1 
hojenahistória; 1 
pauígate; 1 
estantedapassa; 1 
ppgcom; 1 
katiaabreu; 1 
jacaré; 1 
complexodoalemão; 1 
migué; 1 
meirellesgeek; 1 
deusvult; 1 
equipegeek; 1 
pesquiseantesdevotar; 1 
verbavolant; 1 
lacvsbuf; 1 
poadecima; 1 
festivalparalimpico; 1 
fightforeachother; 1 
grenaldecima; 1 
bandnewsfm993; 1 
novelajesus30; 1 
parabenseliana; 1 
asaventurasdepoliana079; 1 
oriotemjeito; 1 
mygamemyname; 1 
allianzparque; 1 
cinemaxbr; 1 
vocesnuncamais; 1 
agoraé12; 1 
cubalibre; 1 
sóvemsegundoturno; 1 
vemsegundoturno; 1 
libertadoresxfox; 1 
ivetediganãoaofascismo; 1 
milhõescombolsonaro; 1 
saudadedomeupresidente; 1 
gpdocinema; 1 
luxemburgo; 1 
indian; 1 
caranguejo; 1 
heraeus; 1 
acrópole; 1 
aumento; 1 
ppp; 1 
shanghai; 1 
samoa; 1 
crescimento; 1 
fórum; 1 
tarifária; 1 
beidou; 1 
cargueiros; 1 
elefantes; 1 
tóquio; 1 
ministério; 1 
qianlong; 1 
missão; 1 
aliexpress; 1 
site; 1 
relíquias; 1 
novos; 1 
mercado; 1 
uruguai; 1 
entrevista; 1 
resíduos; 1 
japão; 1 
investimentos; 1 
asean; 1 
rússia; 1 
gigante; 1 
venezuelana; 1 
desenvolvimento; 1 
empréstimos; 1 
âmbito; 1 
eef2018; 1 
xi; 1 
macau; 1 
cientistas; 1 
repúblicadominicana; 1 
aeroporto; 1 
online; 1 
moçambique; 1 
produção; 1 
panmunjom; 1 
guangzhou; 1 
taxas; 1 
rota; 1 
ue; 1 
panda; 1 
alvarás; 1 
turística; 1 
líder; 1 
autônoma; 1 
ópera; 1 
escritor; 1 
econômica; 1 
sudãodosul; 1 
exposição; 1 
zhengzhou; 1 
doméstico; 1 
professores; 1 
sérvia; 1 
governo; 1 
solução; 1 
cérebro; 1 
meiooutono; 1 
vladivostok; 1 
obesidade; 1 
preço; 1 
aumenta; 1 
airbus; 1 
australiano; 1 
cibersegurança; 1 
estônia; 1 
beijing2022; 1 
sociedade; 1 
neonatal; 1 
consumidores; 1 
pesquisa; 1 
sangue; 1 
telescópio; 1 
bangladesh; 1 
aéreas; 1 
yuan; 1 
metro; 1 
trabalho; 1 
yuans; 1 
varejo; 1 
hangzhou; 1 
treinamento; 1 
anticorrupção; 1 
qr; 1 
mangkhut; 1 
davos; 1 
banco; 1 
xinhua; 1 
khaleda; 1 
projeto; 1 
solar; 1 
tropas; 1 
produtos; 1 
esquerda; 1 
navio; 1 
otimismo; 1 
problemas; 1 
ferrovias; 1 
ecologistas; 1 
europa; 1 
fronteiriça; 1 
fabricante; 1 
celulose; 1 
finanças; 1 
impostos; 1 
tecnológica; 1 
rotadaseda; 1 
eef; 1 
abe; 1 
yto; 1 
urbanização; 1 
wuhan; 1 
ônibus; 1 
energia; 1 
beijing; 1 
conforto; 1 
consumo; 1 
cinturãoerota; 1 
tarifárias; 1 
seda; 1 
motoristas; 1 
rpdc; 1 
cooperação; 1 
continental; 1 
nobel; 1 
comerciais; 1 
premier; 1 
comissão; 1 
guangxi; 1 
idiomas; 1 
fatos; 1 
dados; 1 
japonês; 1 
áfrica; 1 
financeira; 1 
econômicos; 1 
atenas; 1 
fast; 1 
aviação; 1 
tartarugas; 1 
cingapura; 1 
polícia; 1 
bigdata; 1 
dependentes; 1 
vietnã; 1 
exportador; 1 
belarus; 1 
lhoft; 1 
chinesas; 1 
sul; 1 
supertufão; 1 
humanidade; 1 
educacionais; 1 
irlanda; 1 
unep; 1 
submarino; 1 
railways; 1 
inovadoras; 1 
ningxia; 1 
industrial; 1 
coreias; 1 
desvinculação; 1 
nev; 1 
coreia; 1 
chefe; 1 
coi; 1 
alibaba; 1 
srilanka; 1 
plástico; 1 
canadá; 1 
infraestrutura; 1 
petróleo; 1 
presidência; 1 
mongólia; 1 
evasão; 1 
inovadora; 1 
medula; 1 
omc; 1 
abelha; 1 
tufão; 1 
entregas; 1 
gravidez; 1 
vendas; 1 
deepblue; 1 
reformas; 1 
desalavancagem; 1 
crianças; 1 
ibem; 1 
lulamanuelahaddad; 1 
boicoteàredeglobo; 1 
lulaepresidiario; 1 
todoanimalmereceprotecao; 1 
bemestardosanimais; 1 
jornaldamanha; 1 
falsosprofetas; 1 
hadd; 1 
comunistarico; 1 
guitar; 1 
tecnicasdegravação; 1 
microfone; 1 
iaa; 1 
recordtechnique; 1 
mic; 1 
violão; 1 
telematics; 1 
mulheresfoda; 1 
reformadaprevidência; 1 
cpidaprevidência; 1 
vasxcha; 1 
voltagloboruralnosdiasdesemanaàs6damanhãsópraacordarcedonasférias; 1 
brasileirãoan; 1 
forah1; 1 
escravidão; 1 
neymar; 1 
empoderamento; 1 
capitalismo; 1 
repostqg; 1 
elmano13dopt; 1 
nãotevesigilo; 1 
pl; 1 
miranha; 1 
dudunaglobonews; 1 
quemépatriotaéela; 1 
panico; 1 
voudemarina18; 1 
solparatodos; 1 
votoemmarinapq; 1 
remember911; 1 
bullstrong; 1 
ios12; 1 
motivationmonday; 1 
robercau; 1 
fatality; 1 
fab; 1 
deussalveorei; 1 
omaisbelodosbelos; 1 
vemlogosegundosol; 1 
acabalogoooutroladodoparaiso; 1 
betofalcão; 1 
ionan; 1 
dimensão22; 1 
hino; 1 
7destembro; 1 
7desetemnronbr; 1 
patriotismo; 1 
silviosantos; 1 
programasilviosantos; 1 
ooutroladodoparaíso; 1 
beastmode; 1 
sjsharks; 1 
liveunderpar; 1 
beavoter; 1 
winforherotown; 1 
oakvsmia; 1 
rootedinoakland; 1 
raidernation; 1 
herotown; 1 
haddadnocanallivre; 1 
coragempramudar; 1 
1000dayswithout1d; 1 
juntosprarenovar; 1 
renovaçao2018; 1 
juntosprarenovar404040777; 1 
renovação; 1 
votebolsonaro17; 1 
livemovel; 1 
meubolsominiosecreto; 1 
cadêaprova; 1 
estatísticas; 1 
curiosidades; 1 
associavasco; 1 
marioleony5000; 1 
vaiacearense; 1 
vamosaracaju; 1 
yoga; 1 
50tonsdecuscuz; 1 
transformarapolítica; 1 
revolucionaroamor; 1 
clacso2018; 1 
lindabrasil50180; 1 
levantabrasil; 1 
boulos; 1 
inutero; 1 
tarcisionosbt; 1 
drogaécasodepolítica; 1 
nirvana; 1 
rafaellopes5000; 1 
caravana50; 1 
paulofreire; 1 
semmedo5000; 1 
eleição2018; 1 
teresinhamaia; 1 
zenaidemaia; 1 
anderson; 1 
raimundomendes; 1 
branco; 1 
nulo; 1 
sebatenaredetv; 1 
ibge; 1 
justicaparamarielle; 1 
mundog1; 1 
edital; 1 
nomorewhaling; 1 
g1bahia; 1 
dogs; 1 
mma; 1 
cats; 1 
baleias; 1 
santuáriodebaleias; 1 
naturalclimatesolutions; 1 
florence; 1 
pdt12; 1 
forafascista; 1 
nãovoteemandremoura; 1 
stfésucurssaldopsdb; 1 
17énazista; 1 
voto13haddad; 1 
fascista17não; 1 
lulahaddalmanu13; 1 
foralíderdetemer; 1 
haddadmanuelaélula; 1 
brocaipornós; 1 
edgardabbehusen; 1 
cressfj; 1 
loas; 1 
residenciaservicosocial; 1 
uftm; 1 
suasresiste; 1 
uema; 1 
dianacionaldalutadaspessoascomdeficiência; 1 
assistentesocial; 1 
defendaosuas; 1 
euassistentesocial; 1 
pessoascomdeficiência; 1 
assistenciasocial; 1 
profissao; 1 
capacitismo; 1 
sespe; 1 
deficiência; 1 
euassistentesocia; 1 
serviçosocial; 1 
lucianobispo15015; 1 
estefaz; 1 
rogériocarvalho131; 1 
jaksonbarreto155; 1 
estesabe; 1 
fábiomitidieri5555; 1 
emmys2018; 1 
eutôcomcapitão; 1 
é20123; 1 
capitao20123; 1 
alutacontinua; 1 
euvoto20123; 1 
capitaosamuel; 1 
estadual; 1 
bowie; 1 
biomimicry; 1 
nondvcordvco; 1 
emmy; 1 
linha9; 1 
cptm; 1 
gameofthrones; 1 
loveislove; 1 
l9; 1 
theoc; 1 
scolarismo; 1 
gazetamulheres; 1 
tvcatiafonseca; 1 
catiafonseca; 1 
todoseu; 1 
lombardi; 1 
mulheressemmedo; 1 
foramariadosalafrário; 1 
dadosabertos; 1 
voteemmimmesmosemproposta; 1 
science; 1 
elesimlulamasvamoscomandrade; 1 
45años; 1 
esquerdaoudireita; 1 
19deseptiembre; 1 
danibalbi65800; 1 
joanalsina; 1 
lulanasurnasstf; 1 
campobelo; 1 
caridade; 1 
cidadedofuturo; 1 
filantropia; 1 
ivanvalente5050; 1 
plenoemprego; 1 
agriculturaorganica; 1 
soudeesquerdaporque; 1 
saude; 1 
enff; 1 
pcb; 1 
joganogoogle; 1 
lisetegovernadora; 1 
senadora; 1 
salariodigno; 1 
minhaserie; 1 
reformaagrária; 1 
lisetenaband; 1 
assuntos; 1 
livro; 1 
livef5; 1 
pensamentos; 1 
dicadodiegodacosta; 1 
tonyrobbin; 1 
amigos; 1 
scrum; 1 
souadm; 1 
pizza; 1 
gestão; 1 
sergipetec; 1 
domingo; 1 
diegodacosta; 1 
startups; 1 
tempoderquemage; 1 
coaching; 1 
coach; 1 
anprotec2018; 1 
chapa1; 1 
empreendedorismo; 1 
diadoadministrador; 1 
obrigada; 1 
runtastic; 1 
gaúchospelomundo; 1 
grexsan; 1 
carrapato; 1 
imortaltricolor; 1 
sbtjornalismo; 1 
imagemdarodada; 1 
todosaprocuradaperiquita; 1 
jotafm; 1 
chanoca; 1 
boulos2018; 1 
mdb; 1 
atrasodobrasil; 1 
aproveitador; 1 
sóalutamudaavida; 1 
vaccination; 1 
usa; 1 
kvothe; 1 
fanartfriday; 1 
thenameofthewind; 1 
boralábrasil; 1 
cantacomigo; 1 
generalmouraovice; 1 
abreoolhobrasil; 1 
conmebollixo; 1 
horárioeleitoral; 1 
brizolaumnomeumlado; 1 
boapolíticatemnome; 1 
ahorado12; 1 
pentadopt; 1 
vempenta; 1 
luladdad; 1 
guentacoração; 1 
floripa; 1 
cubalivre; 1 
sonicpazes; 1 
chama; 1 
jah; 1 
figueirense; 1 
cabelos; 1 
3a; 1 
chuparaffamoreira; 1 
votoútil; 1 
tranças; 1 
pazescomavitória; 1 
linha20anos; 1 
semmargemdeerro; 1 
dindindin; 1 
sestosangiovanni; 1 
8settembre; 1 
facebook; 1 
pirelli; 1 
stocazzo; 1 
taser; 1 
cremona; 1 
pertini; 1 
sudamerica; 1 
solidarietà; 1 
pdac; 1 
time; 1 
seriea; 1 
darwin; 1 
montecitorio; 1 
farinettiblues; 1 
emiliano; 1 
svizzera; 1 
scuola; 1 
lotta; 1 
texas; 1 
ferragnez; 1 
omicidio; 1 
matera; 1 
ultimora; 1 
tweetmuto; 1 
bakaert; 1 
tangenzialeest; 1 
pillon; 1 
benetton; 1 
ultim; 1 
milano; 1 
lit; 1 
dimaio; 1 
articolo; 1 
11settembre; 1 
flna; 1 
nicagua; 1 
governodelcambiamento; 1 
xôbolsolixo; 1 
vaimarina; 1 
g1santacatarina; 1 
ksivlogan; 1 
sótocatop; 1 
sextadetremurasdv; 1 
bonderenault; 1 
boicote; 1 
fortnitebr; 1 
papaivoltou; 1 
primavera; 1 
quintadetremurasdv; 1 
boletimmatutino; 1 
championsleaguenoeiplus; 1 
alckimin; 1 
mondaymorning; 1 
invejei; 1 
tragoverdades; 1 
help; 1 
temsaída; 1 
musicaboa; 1 
eduardojorgenaveja; 1 
debatenobatista; 1 
votemeirelles15; 1 
chamaomeirelles15; 1 
podcastfriday; 1 
naosomosumafraquejada; 1 
mulherespodcasters; 1 
nãosomosumafraquejada; 1 
votedaciolo; 1 
liberaciónanimal; 1 
80añosdelaiv; 1 
refugiados; 1 
marxismo; 1 
19ejecutivo; 1 
eleccionescut2018; 1 
colombia; 1 
buenviernes; 1 
cutnacional; 1 
eleccionescutfecode2018; 1 
declaración; 1 
pensiónparalasmadresya; 1 
marxism; 1 
wellingtongate; 1 
timesdenomediferente; 1 
theplague; 1 
actor; 1 
dreams; 1 
coachstagestagecoach; 1 
fifathebest; 1 
갓세븐; 1 
loona; 1 
이달의소녀; 1 
plusplus; 1 
idolftnickiminaj; 1 
grexest; 1 
pênaltis; 1 
tucumán; 1 
nuncacritiquei; 1 
grêmio115anos; 1 
vakinha; 1 
reidaamérica; 1 
luanel; 1 
grêmiorádioumbro; 1 
queremosacopa; 1 
alertapoa; 1 
grexcru; 1 
sogerodeussalva; 1 
gremio; 1 
donosdaamérica; 1 
putodacara; 1 
quatro; 1 
anittanão; 1 
jairbolsonaro17; 1 
morningshowjp; 1 
jb17; 1 
afilaanda; 1 
pergunteaogeraldo45; 1 
furacãonabandab; 1 
cfcxboa; 1 
gebxcfc; 1 
fantasmanabandab; 1 
vamosvamosmeuverdão; 1 
brasileirosub20nosportv; 1 
copadobrasilfoxsports; 1 
playplus; 1 
sbtrio; 1 
vaihaddad; 1 
mulherescontraocoiso; 1 
debatebandsp; 1 
programapanico; 1 
goldenpraadocao; 1 
gagamilano; 1 
gagamilanofriend; 1 
debatebandmg; 1 
anastasiagovernador; 1 
안엑컴_365일_같이듣자_365; 1 
fluxible2018; 1 
badux; 1 
visualthinking; 1 
piauígate; 1 
microcopy; 1 
badcopy; 1 
web; 1 
theconf; 1 
gdpr; 1 
kanban; 1 
pedalarétransformar; 1 
leaninception; 1 
leanstartup; 1 
wtf; 1 
rubbingelbows; 1 
lean; 1 
marcelosgarbossa13080; 1 
serenatadeamor; 1 
nosuchathing; 1 
nãodenuncieiporque; 1 
whyididntreport; 1 
darksouls; 1 
supermario; 1 
podiadormirsemessaciro; 1 
pesquisasmentem; 1 
laranjeiras; 1 
worlds2018; 1 
leagueoflegends; 1 
frança; 1 
orçamento; 1 
craquedoverdão; 1 
somostodoslula; 1 
eferiadoeeu; 1 
vamosrenovartudo; 1 
romariogovernador; 1 
querocirosemkatia; 1 
fazanarcisa; 1 
pauloguedesarregou; 1 
minutonasurnas; 1 
ourpowerprnyc; 1 
standwithreality; 1 
gopain; 1 
saúde; 1 
cigarro; 1 
calor; 1 
raçanegra; 1 
fumante; 1 
cadeoonibus; 1 
socorro; 1 
mcdonalds; 1 
aorusleague; 1 
freetoplay; 1 
segunda; 1 
lfc; 1 
sanmarinogp; 1 
salah; 1 
indynogp; 1 
indycar; 1 
moto2; 1 
indynaband; 1 
livpsg; 1 
somostodosnicolau; 1 
contraoodioaonicolau; 1 
vemapophis; 1 
canaryislands; 1 
somostodosjenios; 1 
corxspo; 1 
milkyway; 1 
beatyesterday; 1 
garmin; 1 
lacrou; 1 
lapalma; 1 
pakvafg; 1 
jawaniphirnahiani2; 1 
hussainsabka; 1 
ashura; 1 
nawazsharif; 1 
avenfield; 1 
lessonofkarbala; 1 
defenceandmartyrsday; 1 
imamhussain; 1 
kulsoomnawaz; 1 
eidaladha; 1 
primeminister; 1 
captainsafdar; 1 
karbala; 1 
asiacup2018; 1 
maryamnawaz; 1 
labbaikyahussain; 1 
muharram; 1 
muharramulharam; 1 
eideghadeer; 1 
nomásbloqueo; 1 
taserto; 1 
pcbnoparlamento; 1 
solidaridadvsbloqueo; 1 
umsenadordeverdade; 1 
debatemaster; 1 
veneziano400; 1 
vamoscomjoão; 1 
clarkempilhadeiras; 1 
projetoemagrecegordotentativa28338; 1 
matchupichu; 1 
frota; 1 
time4fun; 1 
canto; 1 
empilhadeira; 1 
clientearrombado; 1 
multimarcas; 1 
clark; 1 
homi; 1 
suicido; 1 
diadocliente; 1 
miniaturas; 1 
baitola; 1 
italianmusic; 1 
lajatico; 1 
unchainedmelody; 1 
nerdcast; 1 
capeta; 1 
amazingrace; 1 
gratidaoeterna; 1 
nadaderefri; 1 
bacalhau; 1 
fatherandson; 1 
feliz; 1 
c30; 1 
finaldesemanaacabou; 1 
comenbollixo; 1 
ff; 1 
debatereddtv; 1 
teamvida; 1 
teamjackypetkovic; 1 
teamfafy; 1 
funkdofiuk; 1 
tchauqueridos; 1 
andatemacri; 1 
debatenaband; 1 
debatebandrs; 1 
maracana; 1 
marlosmoreno; 1 
atléticopr; 1 
quemequebanca; 1 
luxa; 1 
cruzeiro; 1 
seleção; 1 
dede; 1 
madonna60; 1 
madonnais60; 1 
madonnaat60; 1 
lucianagenro50500; 1 
madonnabirthday; 1 
nãoserendenãosevende; 1 
resistencia169dias; 1 
caravanaslulalivre; 1 
voltapropttiamarina; 1 
inimputômetro; 1 
assessoria; 1 
ibopegate; 1 
boatos; 1 
amogirafa; 1 
risotto; 1 
riso; 1 
osteriavecchia; 1 
risoto; 1 
cibo; 1 
ricettaitaliana; 1 
osteriavecchiasr; 1 
cipolla; 1 
comidaboa; 1 
comida; 1 
cotechino; 1 
segueadica; 1 
fsrádiobrasil; 1 
hora1; 1 
omaracaénosso; 1 
linha25; 1 
motogpnosportv; 1 
chamadoarebeliao; 1 
umchamadoarebelião; 1 
obrasilprecisadeumarevolução; 1 
chamadoarebelião; 1 
gianfranco16; 1 
16érebelião; 1 
masteroftherings; 1 
debian; 1 
helloween; 1 
uruguay; 1 
montevideo; 1 
ahora; 1 
riga; 1 
festadacidade; 1 
português; 1 
santa; 1 
escândalo; 1 
igreja; 1 
criação; 1 
latingrammy; 1 
vinil; 1 
disco; 1 
homilia; 1 
nuclear; 1 
papa; 1 
peregrina; 1 
oração; 1 
megusta; 1 
vilavelha; 1 
católico; 1 
conversão; 1 
guarapari; 1 
chapolinnomultishowep104; 1 
yeti; 1 
emigrantes; 1 
vitória; 1 
chocotour; 1 
lp; 1 
endhumantrafficking; 1 
misericórdia; 1 
evangelho; 1 
museugaroto; 1 
superlidas; 1 
missa; 1 
eunagaroto; 1 
aleppo; 1 
playlist; 1 
praiadomorro; 1 
imagem; 1 
idlib; 1 
ecumenismo; 1 
catequese; 1 
dicionário; 1 
santasé; 1 
silêncio; 1 
vaticannews; 1 
vigieaqui; 1 
polifoniautfpr; 1 
gamepass; 1 
xboxgamepass; 1 
pes2019db; 1 
pes2019; 1 
halo; 1 
segundou; 1 
juridiquês; 1 
nietzsche; 1 
fridakahlo; 1 
guerreiro; 1 
indio55; 1 
chuchuacabou; 1 
empauta; 1 
6mesessemresposta; 1 
fakefacada; 1 
g1minas; 1 
35anos; 1 
italiangp; 1 
atofalho; 1 
lutávio; 1 
minhafeministasecreta; 1 
verifiedhate; 1 
morri; 1 
atentadobolsonaro; 1 
só; 1 
aquelas; 1 
haddadmanu; 1 
mpsp; 1 
esquadrão; 1 
cocielo; 1 
lulahaddadmanu13; 1 
kettlebell; 1 
recife; 1 
cerroporteño; 1 
agoraénopaca; 1 
porummundosermcárcere; 1 
bogotá; 1 
articulaçãocptsamazônia; 1 
conlaverdad; 1 
popeinireland; 1 
prisonstrike; 1 
salvadorallende; 1 
copalibertadores; 1 
blackaugust; 1 
ordainwomen; 1 
adz; 1 
malhaçãosonhos; 1 
anittanothevoicebrasil; 1 
teamjeniffer; 1 
dancadosfamosos; 1 
coisonão; 1 
evoluahumanidade; 1 
elemente; 1 
haddadpresident; 1 
resistencia161dias; 1 
hrc39; 1 
brasilqueeuquero; 1 
humanrights; 1 
jupiter; 1 
aprvscha; 1 
opiniãopública; 1 
vaiplaneta; 1 
stopbecerradas; 1 
fome; 1 
govegan; 1 
teamomãe; 1 
vemverão; 1 
pesquisaeleitoral; 1 
eleiçõesbrasil; 1 
socorrrr; 1 
thegoodplace; 1 
pauquebrano; 1 
film; 1 
cartaoverde; 1 
joaoamoedonosdebates; 1 
santos; 1 
anita; 1 
voltacarille; 1 
bancocentral; 1 
corxint; 1 
rogermachado; 1 
sóparaconstar; 1 
pesado; 1 
caixa; 1 
recursoshídricos; 1 
apoiamosocanadá; 1 
arábiasaudita; 1 
decepcao; 1 
professor; 1 
blackpanther; 1 
atévcvoltar; 1 
mnfonespn; 1 
falacapitão; 1 
voltaolavo; 1 
elenaotemliberdade; 1 
foraptcrimeeleitoral; 1 
losangeles; 1 
forzainter; 1 
praiadecarneiros; 1 
interforever; 1 
universalstudios; 1 
carneiros; 1 
portodegalinhas; 1 
tripshow; 1 
california; 1 
capelasaobenedito; 1 
maracaipe; 1 
theoffice; 1 
intertottenham; 1 
sampdoriainter; 1 
weekend; 1 
vegas; 1 
interspurs; 1 
staplescenter; 1 
キングペンギン; 1 
batmanday; 1 
サウスジョージア島; 1 
vcconcorda; 1 
equipeciro; 1 
tite; 1 
avbeer; 1 
avinevinny; 1 
avbeer2018; 1 
samyrashow; 1 
mariaclara; 1 
madeira; 1 
camilaonvmas; 1 
rmucl; 1 
faceitmajor; 1 
clubwc; 1 
halamadrid; 1 
cironarecord; 1 
amoêdonaveja; 1 
lulazord; 1 
travel; 1 
dancingbrasil; 1 
weusedingtone; 1 
freetexting; 1 
guilhermeboulos50; 1 
wagnermoura; 1 
canada; 1 
quize; 1 
saudiarabian; 1 
iusedingtone; 1 
happylohri; 1 
btslovemyself; 1 
americans; 1 
freetalk; 1 
freecalls; 1 
numberfree; 1 
allendevive; 1 
turismosummit2018; 1 
medejarondebancar; 1 
1octalcarrer; 1 
cobas; 1 
marx; 1 
immigration; 1 
9setembre; 1 
ensquedaremalbarri; 1 
educaciónpública; 1 
grècia; 1 
sabadell; 1 
ecologia; 1 
neuquen; 1 
diada; 1 
8set; 1 
cuartainternacional; 1 
internacional; 1 
huelva; 1 
restosfrancopdv; 1 
orange; 1 
uergonya; 1 
internacionalisme; 1 
cobasbarcelona; 1 
cadenaser; 1 
garcialorca; 1 
sanchez; 1 
lobreravscajamar; 1 
transcom; 1 
llum; 1 
sanitatpublica; 1 
lasexta; 1 
noaleredetranscom; 1 
aquarius; 1 
fueraortegamurillo; 1 
tve; 1 
80años; 1 
diada2018; 1 
prostitución; 1 
difundir; 1 
marxisme; 1 
ciutadans; 1 
11s; 1 
nicaragua; 1 
taxi; 1 
workingclass; 1 
sánchez; 1 
barcelona; 1 
barraques; 1 
arganzuela; 1 
cobassevilla; 1 
luz; 1 
recuperandolavideoteca; 1 
11s2018; 1 
franco; 1 
trotsky; 1 
homicidioscdmx; 1 
coelho; 1 
diva; 1 
americamg; 1 
vamosjuntas; 1 
rebeliao; 1 
beto; 1 
miguelito; 1 
ninjoleta; 1 
elgrito; 1 
·últimahora; 1 
mexico; 1 
diadelaindependencia; 1 
luizianne1313; 1 
anoacabandoe; 1 
desabafo; 1 
ligaantispoiler; 1 
promundomelhorarsofalta; 1 
forthepeoplenasony; 1 
ahs8nofx; 1 
renatoroseno50500; 1 
xatiado; 1 
belomonte; 1 
ouvinominuto; 1 
bumbumcast; 1 
bolsonaropresente; 1 
elenemcápeste; 1 
seaotter; 1 
r7; 1 
nanotechnology; 1 
vamosmengão; 1 
esportv; 1 
teamo; 1 
ceaxcor; 1 
delechallenge; 1 
flanafinal; 1 
intxfla; 1 
mulheresnaciência; 1 
rumo2019; 1 
graphene; 1 
update; 1 
syrianews; 1 
visibilidadebi; 1 
bivisibiltyday; 1 
meubolsominionsecrecreto; 1 
cirofilhodaputa; 1 
somosmarina; 1 
vueltanaespn; 1 
packers; 1 
aceitajuninho; 1 
flaviobolsonarosenador177; 1 
andremonteirogovernador28; 1 
psl; 1 
vote; 1 
publipost; 1 
prtb; 1 
mudario; 1 
foraandres; 1 
feliz2019; 1 
djokovic; 1 
ripmuseunacional; 1 
goeseast; 1 
braincast; 1 
chupamarketing; 1 
nofapsetember; 1 
nofapseptember; 1 
forarodinei; 1 
ficacuellar; 1 
votoconsciente; 1 
geledes; 1 
esperançagarcia; 1 
mulhernegra; 1 
diadavisibilidadelesbica; 1 
tôcomsueli; 1 
eusouesperança; 1 
chimamanda; 1 
campanhaesperançar; 1 
gobgh; 1 
overwatchcontenders; 1 
mulheresunidacontraofascismo; 1 
mulheresunidascontraobolsonaro; 1 
mucb; 1 
mulheresunidascontraofacismo; 1 
chamar; 1 
br18; 1 
gaza; 1 
porcodosandes; 1 
albertomontt; 1 
tiradamonica; 1 
penadinho_tiradameianoite; 1 
elesporelas; 1 
significados; 1 
belivaldogovernador; 1 
prasergipeavançar; 1 
chegouchegando; 1 
time55; 1 
chádebolsonaro; 1 
dilamanosinfernos; 1 
deafeducation; 1 
signlanguage; 1 
wilsonmoreira; 1 
kikichallange; 1 
guineaecuatorial; 1 
passinhodoromano; 1 
lulacondenado; 1 
jpmorningshow; 1 
dire; 1 
mensalinhodocorone; 1 
constelação; 1 
prachorar; 1 
seleçãoagosto; 1 
jec; 1 
jecfutsal; 1 
tubarão; 1 
jaraguá; 1 
orlataumana; 1 
minas; 1 
lnf; 1 
joinville; 1 
catarinense; 1 
lnf2018; 1 
loveisheretostay; 1 
spacegeek; 1 
lastnightoftheproms; 1 
u2eitour; 1 
u2; 1 
divestfromwar; 1 
uber; 1 
u2songsofexperience; 1 
women; 1 
freeassange; 1 
paris; 1 
história; 1 
lnop; 1 
eu; 1 
egyptstation; 1 
health; 1 
copyrightdirective; 1 
vertigo; 1 
1o; 1 
climatechange; 1 
technology; 1 
johnlennon; 1 
wikileaks; 1 
journalismisnotacrime; 1 
cnbb; 1 
oneteam; 1 
throwbackthursday; 1 
fallskirmish; 1 
sixmajorparis; 1 
omnation; 1 
perrija; 1 
jairmessiasbolsonaro17; 1 
greve; 1 
grevedoscaminhoneiros; 1 
rua; 1 
bandnewsfm; 1 
nelsonmandela; 1 
nazis; 1 
brasilien; 1 
naoaguentogenteque; 1 
eduardoacostaambientalista; 1 
ovicetbmnão; 1 
diadofolclore; 1 
posteiehsaicorrendo; 1 
impactada; 1 
kimmyschmidt; 1 
thebingeworthyshow; 1 
equipemolon4040; 1 
carlazambelli1710; 1 
fazeup; 1 
arnaldojabor; 1 
reditec2018; 1 
desaceleradoria; 1 
votenovo; 1 
mudeobrasilcomonovo; 1 
23agosto; 1 
leggirazziali; 1 
costituzione; 1 
5settembre; 1 
diciotti; 1 
illuminismo; 1 
centraldaseleições; 1 
elasnão; 1 
deusestacombolsonaro; 1 
soubolsonaro; 1 
milhoescombolsobaro; 1 
bolsonaropresidente; 1 
dia7amarelo17; 1 
onepiece; 1 
rolaneles; 1 
livresdolula; 1 
elesnuncamais; 1 
helenao; 1 
lulacontinuapreso; 1 
ptnão; 1 
fineline; 1 
mulherartistaresista; 1 
desenhando; 1 
desenhos; 1 
naoaofascismo; 1 
janellemonáe; 1 
ilustração; 1 
artesapatona; 1 
nanquim; 1 
deadcells; 1 
thedramatvstar; 1 
ellenpompeo; 1 
braziliannavy; 1 
fcseguefcs; 1 
luladrão; 1 
coisasquepenso; 1 
bo2; 1 
haedbanger; 1 
aprende; 1 
babymetal; 1 
blackops2; 1 
mudabrasildeverdade; 1 
prouni; 1 
sóverdades; 1 
paidemenina; 1 
rainha; 1 
vigia; 1 
corridaeleitoral; 1 
corridapresidencial; 1 
hadda13; 1 
eleição; 1 
opinião; 1 
dilmasenadora; 1 
eleiões2018; 1 
lula13; 1 
ibira; 1 
sp1; 1 
valdiceliomartins; 1 
feiraliterária; 1 
cantormrcatra; 1 
mulherassassinada; 1 
20k; 1 
tre; 1 
notíciasdesergipe; 1 
morremrcatra; 1 
universodosaber; 1 
políciacivil; 1 
senotícias; 1 
betorichapreso; 1 
ssp; 1 
shoppingjardins; 1 
20milseguidores; 1 
morrepedroleite; 1 
violênciaempropriá; 1 
extremosnao; 1 
votenovo30; 1 
amoedo; 1 
verapresidenta16; 1 
forabolsonado; 1 
nãobolsonaro; 1 
bolsoridiculo; 1 
ética; 1 
roughsea; 1 
eleitoral; 1 
urnaeletrônica; 1 
respectthewater; 1 
trnilton; 1 
reidecopas; 1 
voto17317; 1 
gosaints; 1 
haveaday; 1 
novsatl; 1 
vamossãopaulo; 1 
thegooddoctor; 1 
hispanicheritagemonth; 1 
fluxcor; 1 
esccongress; 1 
solnorabonão; 1 
somosporto; 1 
portugalbabaca; 1 
atraso; 1 
matatoupeiras; 1 
votar30; 1 
equipehm; 1 
alckminpresidente; 1 
magnóliasenadora; 1 
epossivelfazerdiferente; 1 
magnólia777; 1 
kelps77123; 1 
kelpsdeputado; 1 
ilustrepalmeirense; 1 
locarno70; 1 
falabrasil; 1 
sbtbrasil; 1 
locarnoacademy; 1 
cidadealerta; 1 
quepobrestãoricos; 1 
locarnofilmfestival; 1 
theemptyhouse; 1 
amaral; 1 
forzajuve; 1 
brasilurgente; 1 
duanao; 1 
domingoespetacular; 1 
liberdadecombolsonaro; 1 
mul; 1 
elenãoestásozinho; 1 
elanãoécorrupto; 1 
dica; 1 
êgalo; 1 
resolvido; 1 
aquiégalo; 1 
beagalo; 1 
obolsobaro; 1 
toad; 1 
debatecorreio; 1 
malkovich; 1 
tô; 1 
not; 1 
braxesa; 1 
rebeliao16; 1 
verasim; 1 
chegadepreconceito; 1 
capitainmarvel; 1 
capitainwho; 1 
lulaéinelegível; 1 
equipegil; 1 
forthealliance; 1 
battleforazeroth; 1 
quebrandootabunognt; 1 
racismoinstitucional; 1 
wow; 1 
nog20; 1 
internacionalismo; 1 
journojob; 1 
helpdesk; 1 
fatoseversões; 1 
tools; 1 
lavajato; 1 
pressfreedom; 1 
freewalonekyawsoeoo; 1 
deserts; 1 
fatoseversoes; 1 
twistóriadobrasil; 1 
latam; 1 
panamapapers; 1 
businesses; 1 
truthbuzz; 1 
bbc; 1 
familiestogether; 1 
carer; 1 
iran; 1 
anxious; 1 
surveillance; 1 
feelings; 1 
lgbtiq; 1 
loveisahumanrights; 1 
psychoanalytic; 1 
transgender; 1 
antisemitism; 1 
hopelessness; 1 
egypt; 1 
sexualhealth; 1 
palestinian; 1 
abortolegalya; 1 
gayconversion; 1 
jews; 1 
lgbtqia; 1 
thoughts; 1 
mentalhealthmatters; 1 
pridemonth; 1 
bisexual; 1 
trans; 1 
hiv; 1 
cameroon; 1 
raqqa; 1 
bame; 1 
deptford; 1 
lacan; 1 
identity; 1 
disabilities; 1 
psicoterapia; 1 
bivisibilityday; 1 
tuesdaythoughts; 1 
london; 1 
manchesterpride; 1 
377scrapped; 1 
malaysia; 1 
deptfordpride; 1 
superherodad; 1 
depression; 1 
stress; 1 
amnestyuk_lgbti; 1 
deathpenalty; 1 
worthlessness; 1 
students; 1 
lithuanian; 1 
diabetes; 1 
freenazanin; 1 
india; 1 
50yearstoomany; 1 
globoplay; 1 
brasilacimadaonu; 1 
g1parana; 1 
democraciaeserenidade; 1 
j10; 1 
womenrevolution; 1 
voto16; 1 
forabozo; 1 
veraresponde; 1 
nemfodendo; 1 
serena; 1 
milhoesdebotscomsalnorabo; 1 
lastfm; 1 
tweeklyfm; 1 
luizasemfranja; 1 
haiku; 1 
regina14580; 1 
reginabeckerfortunati; 1 
peñarol; 1 
alerta; 1 
amerikkka; 1 
encontrocompresidenciáveis; 1 
elanao; 1 
elaechata; 1 
canelovsggg2; 1 
marinapropoe; 1 
karinasenadora505; 1 
boulosnatvbrasil; 1 
globoinvestigada; 1 
nadadenovo; 1 
vamoscomboulosesonia; 1 
bonoroétemer; 1 
vote50; 1 
orgulhoeepaixao; 1 
novelajesus44; 1 
paulaebrenonaslojasclub; 1 
novelajesus41; 1 
pergunteaojoão; 1 
blocksestúpidos; 1 
asaventurasdepoliana091; 1 
programaraulgil; 1 
marianagodoyentrevista; 1 
diamundialsemcarro; 1 
balançogeralespecial; 1 
esporteespetacular; 1 
nadjaguerreira; 1 
happychenday; 1 
novelajesus42; 1 
globorepórter; 1 
portaltrendtop; 1 
bbqbrasil; 1 
sotocatop; 1 
balançogeralrj; 1 
asaventurasdepoliana089; 1 
hogwartstnt; 1 
redetvnews; 1 
porchatespecial; 1 
diadopalmeiras; 1 
alvarodiasnopanico; 1 
tvaparecida; 1 
quemquerserummilionario; 1 
gilmarmendes; 1 
somostodosvaleriasantos; 1 
masterchef; 1 
wagner130; 1 
hojenahistóriadogalo; 1 
prayforseucreyson; 1 
painel; 1 
gemidãodozaprn; 1 
somostodoscristiangoes; 1 
simbora; 1 
aquinotwittereu; 1 
ciro2018; 1 
vitxcam; 1 
cloudme; 1 
bots; 1 
rj; 1 
donasdarua; 1 
networking; 1 
lucasbarros; 1 
humbertoeronaldo; 1 
coxim; 1 
agendadasemana; 1 
soundcheck; 1 
obrigadosenhorpormaisumdia; 1 
rodeio; 1 
naiaraazevedo; 1 
ações; 1 
produtorexecutivo; 1 
tanabi; 1 
debaixodaescada; 1 
matogrossodosul; 1 
executiveproducer; 1 
devastedday; 1 
desculpagelo; 1 
coisonao; 1 
sororokas; 1 
chicobuarqueemfortaleza; 1 
meubolsominon; 1 
farfromalaska; 1 
monkey; 1 
macaco; 1 
река; 1 
orchid; 1 
fiume; 1 
route66; 1 
flower; 1 
jazz; 1 
wildlife; 1 
garden; 1 
river; 1 
atlanticforest; 1 
plant; 1 
puente; 1 
plants; 1 
criciuma; 1 
camacho; 1 
mosque; 1 
jungle; 1 
santacatarina; 1 
río; 1 
landscape; 1 
treviso; 1 
mono; 1 
festival; 1 
tree; 1 
川; 1 
danca; 1 
江; 1 
wildanimal; 1 
saojose; 1 
tower; 1 
jazzmeiahorn; 1 
criciumashopping; 1 
fluss; 1 
lagoon; 1 
rivière; 1 
documentary; 1 
orchids; 1 
ponte; 1 
péquente; 1 
melembraprêmiomultishow; 1 
babyguto; 1 
deixelulala; 1 
saladeconvidados; 1 
diadoirmão; 1 
terceirão2013; 1 
boaterça; 1 
diadaindependencia; 1 
boasegunda; 1 
ucs; 1 
ripmrcatra; 1 
soubrasileiromas; 1 
bolsonaronacadeia; 1 
feminismonaoedrama; 1 
sosroraima; 1 
donacanô; 1 
tribalistas; 1 
correspondentespremier; 1 
ayahuasca; 1 
anthropoceneproject; 1 
desacelera; 1 
nationalmuseum; 1 
teammartim; 1 
explaining; 1 
pracimadelescoelho; 1 
8m; 1 
vitxvas; 1 
alagoano; 1 
brasileirãoassaí; 1 
boravozão; 1 
crixfor; 1 
sulamericana; 1 
agendabd2; 1 
afcxcsc; 1 
deusnãoandanasériec; 1 
soucomedordefarinhamesmo; 1 
brasileirão; 1 
sptxcru; 1 
pegaleão; 1 
cearásc; 1 
pacotebd2; 1 
grêmioxceará; 1 
grexcsc; 1 
respeitaone; 1 
coberturaclubista; 1 
eversonfacts; 1 
sérieb2018; 1 
camisasbd2; 1 
sérieb; 1 
esquenta98; 1 
zema30; 1 
elenemcomumcarai; 1 
boomboom; 1 
girlsinthehouse; 1 
nowunited; 1 
wwttlmusicvideo; 1 
gith; 1 
obmep; 1 
fazenda10; 1 
nalevadadosamba; 1 
senãomevejonãocompro; 1 
cidinharaiz; 1 
retrospectiva; 1 
pista_limpa; 1 
iceland; 1 
ps4; 1 
saltbae; 1 
gamescom2018; 1 
mindhunter; 1 
fotospelomundo; 1 
cdt; 1 
chegadeagrotóxico; 1 
stf; 1 
museudoamanhã; 1 
problemaseu; 1 
mabllo; 1 
pabllovittarnotvz; 1 
problemaseuclipe; 1 
impostoéroubo; 1 
masterchefbrasil; 1 
eagles; 1 
runkeeper; 1 
comandosul; 1 
jeffvandermeer; 1 
clock; 1 
bbcbrasil; 1 
notícia; 1 
agendadataprev; 1 
futgloboradio; 1 
autonomousvehicles; 1 
jesus; 1 
bolsoanta; 1 
facadafake; 1 
facadamentirosa; 1 
nazismo; 1 
sábadodetremurasdv; 1 
falta3mesespradezembroeeu; 1 
vamoscomboulosesônia; 1 
unf; 1 
globogolpista; 1 
deus; 1 
pauloguedes; 1 
simplesassim; 1 
terçadetremurasdv; 1 
pig; 1 
thealckmindead; 1 
golpe; 1 
comosupremocomtudo; 1 
fascismo; 1 
pm; 1 
bolsolixo; 1 
facadasemsangue; 1 
mbl; 1 
ditadura; 1 
boulosesônia50; 1 
stfvergonhanacional; 1 
vamoscomboulosesônia50; 1 
violência; 1 
facadademarketing; 1 
éverdadeessebilete; 1 
bolsominions; 1 
esquerdamarxista; 1 
diadaamazônia; 1 
ruas; 1 
ancestrais; 1 
votepreto; 1 
twiter; 1 
agradeço; 1 
familiattc; 1 
rapemquadrinhos; 1 
lirico; 1 
grafite; 1 
emicidainaciodacatingueira; 1 
basta; 1 
genocídio; 1 
graffiti; 1 
emoções; 1 
dekilograma; 1 
batalha; 1 
dkg16123; 1 
4p; 1 
basketball; 1 
streetlife; 1 
caixatape; 1 
concentração; 1 
liberdade; 1 
amizade; 1 
todentro; 1 
uniao; 1 
culture; 1 
afrontamento; 1 
ataque; 1 
periferia; 1 
rapnacional; 1 
democracianao; 1 
tiktok; 1 
anittadiganaoaofascismo; 1 
vemprofut; 1 
emiliosantiago; 1 
gracaeterna; 1 
mirodamuribeca; 1 
forcagraca; 1 
esquerdadiario; 1 
gracaaraujo; 1 
unidadepopularpelosocialismo; 1 
debatebandminas; 1 
arrumaamalarobinson; 1 
faltam13dias; 1 
passeiodefátima13; 1 
bonasfederal; 1 
voudebonasfederal; 1 
fátimagovernadoradorn; 1 
equipefederal1311; 1 
paradalgbtidenatal; 1 
equipe1311; 1 
natal; 1 
rnqueopovoquer; 1 
rn; 1 
chamegente; 1 
caravanadocoração; 1 
alexandresenador; 1 
alexandreezenaidenosenado; 1 
fatimagovernadora; 1 
fátima13; 1 
natáliadeputadafederal; 1 
fátimagovernadora13; 1 
emdefesadauern; 1 
imprensagolpista; 1 
natália1311; 1 
natáliabonavides1311; 1 
acaradamudança; 1 
coyg; 1 
alckmintofora; 1 
bolsonarosim; 1 
dia7e17; 1 
dignidade; 1 
qualidadedevida; 1 
jackson155; 1 
livecomedvaldo; 1 
aracajuhumana; 1 
rogério131; 1 
belivaldoeliane55; 1 
grandecarreata55; 1 
corridacidadedearacaju; 1 
desfilecívico2018; 1 
legalize; 1 
vidadebikero; 1 
beauty; 1 
chernobyl; 1 
creepy; 1 
awsome; 1 
traffic; 1 
beautiful; 1 
hogwarts; 1 
relaxation; 1 
love; 1 
weird; 1 
nãoapec95; 1 
nãoaopt; 1 
maga; 1 
resistencia163dias; 1 
resistencia137dias; 1 
esquerdistasseguemesquerdistas; 1 
haddadelula; 1 
edicao18; 1 
lisetenosbt; 1 
marinajoyce; 1 
swedennationalteam; 1 
arquivoporquetretas; 1 
vlid3; 1 
pensandoobrasil; 1 
minhabolsominiansecreta; 1 
bomdiariogrande; 1 
raposasegueraposa; 1 
istoévergonha; 1 
gilmarsafado; 1 
forapt; 1 
bolsonaroeleito1ºturno; 1 
agoraé13; 1 
bispodorosario; 1 
designativista; 1 
bolivia; 1 
alianzachinavenezuela; 1 
rbsmente; 1 
ogringomente; 1 
aglobovetaeuvoto; 1 
vemhaddadmanu; 1 
eeuu; 1 
resistencia148dias; 1 
reformatrabalhista; 1 
hugochávez; 1 
rossetto; 1 
correios; 1 
cirotargaryen; 1 
juliocortázar; 1 
afd; 1 
mucbmundial; 1 
melhorasnoronha; 1 
music; 1 
womenagainstbolsonaro; 1 
ospingosnosis; 1 
nothing; 1 
lakers; 1 
getthestrap; 1 
tôcomduarte65222; 1 
fláviodino; 1 
flaviodino; 1 
duartejáfezevaifazermais; 1 
ondadobem; 1 
jardimamerica; 1 
todospelomaranhão; 1 
faróisdosaber; 1 
escoladigna; 1 
somosmarina18; 1 
brasilcom; 1 
candidatos; 1 
chamaomeireles; 1 
euvotomarina18; 1 
chamadedoido; 1 
marinapresidente18; 1 
euvotokayro18333; 1 
prisão; 1 
goiáscomkayro; 1 
marinavemforte; 1 
kayroribeiro18333; 1 
dicagospel; 1 
bozo2018; 1 
waltdisneyworld; 1 
disney; 1 
impeachacriminal; 1 
neyruto; 1 
batonrouge; 1 
animalkingdomdisney; 1 
cancer; 1 
batonrougela; 1 
goats; 1 
disneyland; 1 
louisianalife; 1 
animalkingdom; 1 
southamericamemes; 1 
yurihawaiano; 1 
louisianaphotographer; 1 
fortwaltonbeachflorida; 1 
trowbackthursday; 1 
fortwaltonbeach; 1 
gonzalesla; 1 
batonrougestylist; 1 
everydayafrica; 1 
bologna; 1 
turmadetemer; 1 
eritrea; 1 
antifa; 1 
minhabolsominionsecreta; 1 
baixaria; 1 
bolsonaronajovempan; 1 
guajajaranarecord; 1 
alckminétemer; 1 
podcastbr; 1 
comédia; 1 
recomenda; 1 
humor; 1 
votem18; 1 
marinanarecord; 1 
nadal; 1 
genobelo; 1 
eiplus; 1 
btsongma; 1 
haddadnão; 1 
lulaladrão; 1 
pegafooooooogoocabaré; 1 
voto30; 1 
ficaarnaldo; 1 
old; 1 
battlefront2; 1 
bethesdadays; 1 
fallout76; 1 
bilete; 1 
flyeaglesfly; 1 
mytwitteranniversary; 1 
treta; 1 
nflkickoff; 1 
gugacast; 1 
clonewars; 1 
thelastjedi; 1 
azvsdal; 1 
jh; 1 
direitoshumanos; 1 
cronos; 1 
ao; 1 
ocoisonão; 1 
chateada; 1 
kissarmyrocks; 1 
kiss; 1 
aztechhelp; 1 
taxaromeirelles; 1 
ucldraw; 1 
ddr; 1 
campeonatobrasileiro; 1 
calcio; 1 
geography; 1 
lacasadepapel; 1 
map; 1 
zentralstadion; 1 
italy; 1 
tudopelofutebol; 1 
leipzig; 1 
gdr; 1 
bomdiafoxsexta; 1 
soubbtv; 1 
palxcor; 1 
paredepensaremseumbigo; 1 
cuiabá; 1 
rondonópolis; 1 
araguaia; 1 
mechamanatreta; 1 
perguntenacoletiva; 1 
cqd; 1 
guerreirogum; 1 
vivofibra; 1 
gerreirogum; 1 
psdbpt; 1 
preocupado; 1 
efcmatchday; 1 
sigooslíderes; 1 
kuririn; 1 
sigoolider; 1 
adcomunicacao; 1 
netflu; 1 
sigaolider; 1 
alckmínimo; 1 
thc; 1 
tcdf; 1 
unfollow; 1 
dftv; 1 
maioriasilenciosa; 1 
quote; 1 
strength; 1 
ssn; 1 
god; 1 
worldphotographyday; 1 
family; 1 
cironagazeta; 1 
gauchazh; 1 
64nuncamais; 1 
naoacabou; 1 
eusoudopovo; 1 
euquero; 1 
votamelhorrj; 1 
eusousocialista; 1 
abaixoatoga; 1 
soupovosouesquerda; 1 
cursodepilotagemdemoto; 1 
semananacionaldetrânsito; 1 
motoremaza; 1 
ecpa; 1 
suzanecarvalho; 1 
temqueacabar; 1 
eusoudeesquerda; 1 
votonuloévotoburro; 1 
fraude; 1 
tse; 1 
eleicoesrj; 1 
votamelhorsp; 1 
ctpsc15anos; 1 
ctpsc; 1 
esquerdaunida; 1 
sosuespi; 1 
debatebandpi; 1 
uespi; 1 
debatemnantidemocrático; 1 
ovotonarecord; 1 
trocadepasses; 1 
sagitário; 1 
leão; 1 
santuarioeuapoio; 1 
escorpião; 1 
áries; 1 
104anosdehistoria; 1 
spfotos; 1 
trpalestra; 1 
maiorcampeãodobrasil; 1 
104anosdehistória; 1 
gepalmeiras; 1 
semanadosacocheio; 1 
haddads; 1 
bozonunca; 1 
eibozonarovaipramarte; 1 
arevoluçãoseráfeminista; 1 
womensart; 1 
francisbacon; 1 
surrealism; 1 
spanishart; 1 
germanart; 1 
cubism; 1 
ficadica; 1 
marketingpolitico; 1 
berlim; 1 
guerradoparaguai; 1 
konoha; 1 
eutavalá; 1 
serieb; 1 
papodesegundanognt; 1 
transferência; 1 
harrisonford; 1 
embroidery; 1 
bordado; 1 
bordadolivre; 1 
stitchers; 1 
stitcher; 1 
debategazetaestadaojp; 1 
wearereadyforsg2; 1 
hoteltransilvania3; 1 
premiomultishow2018; 1 
katyperry; 1 
souc2; 1 
witnesstour; 1 
guerreirascombolsonaro; 1 
theconcerttour; 1 
sg2; 1 
blogdasaúde; 1 
responsabilização; 1 
ouvidoria; 1 
segueoplano; 1 
worldorangutanday; 1 
japan; 1 
nofossilfuelmoney; 1 
bolsofamília; 1 
fernanda5050; 1 
quedeusnoslivredoshomensmaus; 1 
tvcâmararacaju; 1 
emiliafederal; 1 
tvcâmaraaracaju; 1 
avozdopovo; 1 
defensoriasim; 1 
tvcãmararacaju; 1 
forçadamulher; 1 
quedeusnoslivredohomemmau; 1 
ascomcma; 1 
canalaberto48; 1 
canalaaberto48; 1 
diretoaoponto; 1 
coxa; 1 
ensinodomiciliar; 1 
campanhasalarial; 1 
trabalhadores; 1 
sindicalização; 1 
centrodememóriasindical; 1 
desemprego; 1 
calabocamourão; 1 
amoedolivre; 1 
teambetofalcão; 1 
rolleyes; 1 
rs; 1 
go; 1 
voteemmulhersnegras; 1 
élno; 1 
daylio; 1 
meuvotoseráfeminista; 1 
ativismonaweb; 1 
calaabocagentilli; 1 
correria; 1 
homenagem; 1 
mecatronica; 1 
diadosirmaos; 1 
segueai; 1 
engenharia; 1 
força; 1 
look; 1 
gatinhodopai; 1 
foco; 1 
almoco; 1 
diadosirmãos; 1 
hair; 1 
diversão; 1 
jantar; 1 
determinada; 1 
deusnocomando; 1 
tudopelosfilhos; 1 
talentosa; 1 
filhosqueamomuito; 1 
sobrinha; 1 
papai; 1 
filhos; 1 
aragaoformaturas; 1 
mestredecerimonias; 1 
irmaos; 1 
focada; 1 
ativismo; 1 
beyonce; 1 
verboporelas; 1 
mulher; 1 
series; 1 
brasileira; 1 
astelefonistas; 1 
quemmatoumarielle; 1 
netflix; 1 
joaoamoedo30; 1 
joaoamoedonojn; 1 
cbn; 1 
houvsne; 1 
grenal417; 1 
gopats; 1 
방탄소년단; 1 
obrasilvaidarcerto; 1 
korea; 1 
umanjoveiomefalar; 1 
호비; 1 
sytycd; 1 
thesocialcelebrity; 1 
diainternacionaldasolidariedade; 1 
꾹; 1 
skipentco; 1 
renataretada; 1 
jimin; 1 
thegroup; 1 
happyrmday; 1 
thenoite; 1 
love_yourself; 1 
nelsonrodrigues106anos; 1 
literaturanacional; 1 
picasso; 1 
nr106anos; 1 
jornalista; 1 
cretinofundamental; 1 
nãoaguentogenteque; 1 
mathematics; 1 
saudemental; 1 
phenom100ev; 1 
afbday; 1 
asc18; 1 
copuos; 1 
737max10; 1 
literaturaeaviação; 1 
estudosdaaviação; 1 
internationaldayofpeace; 1 
777x; 1 
blogdomarioflavio; 1 
venicebitch; 1 
notícias; 1 
cidades; 1 
feedly; 1 
luladissesouhaddad; 1 
partidonovomeusovo; 1 
lulaépresidiário; 1 
seureimandouavisar; 1 
haddadélulalá; 1 
lulaladrãodecoração; 1 
tapresonoscorações; 1 
torturanuncamais; 1 
ditaduranuncamais; 1 
lulanocoração; 1 
lulaço; 1 
noissofremaiznoisgoza; 1 
vergonhacbf; 1 
sad; 1 
pesquisadatafolha; 1 
vergonhaconmebol; 1 
cayxão; 1 
ódioeternoaofutebolmoderno; 1 
elúnicorey; 1 
colocolo; 1 
jogodos50mil; 1 
naçãoalvinegra; 1 
50mil; 1 
feminismosim; 1 
alemão; 1 
ptdeminas; 1 
pimentel13; 1 
opovofelizdenovo13; 1 
palindromo; 1 
miguel130; 1 
spc; 1 
15015aracaju; 1 
enquetes; 1 
renatavasconcelos; 1 
joaoamoedonovo; 1 
meirelles; 1 
entreamigos; 1 
bolzonaro; 1 
bem; 1 
cerebro; 1 
espiritualidade; 1 
dicadeleitura; 1 
reflexão; 1 
tristeza; 1 
15015lucianobispo; 1 
itabaiana; 1 
interespiritualidade; 1 
vonvon; 1 
acessibilidade; 1 
inovanão; 1 
lulahaddadmanuela; 1 
piauigate; 1 
boulosesônia2018; 1 
israel; 1 
warandpeas; 1 
webcomic; 1 
comic; 1 
rimaasonante; 1 
palestine; 1 
saberesdafloresta; 1 
ifn; 1 
vergonha; 1 
gamexp; 1 
spider; 1 
pergunteaosdecrépitos; 1 
fifa19demo; 1 
diamundialdoalzheimer; 1 
biglove; 1 
floridacup; 1 
machistasnaopassarao; 1 
facistasnaopassarao; 1 
maislidos; 1 
criançasnegras; 1 
beyourbiggestfan; 1 
demi; 1 
embraceyourface; 1 
sassygirl; 1 
delightfulgirlchoonhyang; 1 
thirtybutseventeen; 1 
felicidadeporumfio; 1 
myidisgangnambeauty; 1 
nappilyeverafter; 1 
smashbrosultimate; 1 
mensalinhodotwitterprova; 1 
flaxcor; 1 
câmeradoestagiário; 1 
m10; 1 
linhadeseis; 1 
porcopeiro; 1 
palxbot; 1 
familiascolari; 1 
direitoàcidade; 1 
livrearbítrio; 1 
diainternacionaldademocracia; 1 
elassim; 1 
shondaland; 1 
comeback; 1 
boardkings; 1 
bozo; 1 
championsleague; 1 
cartolafc; 1 
jogodoido; 1 
sosibram; 1 
zizijeanmaire; 1 
parisjewels; 1 
museologiaresiste; 1 
ahsapocalypse; 1 
parceiro; 1 
classico; 1 
afreira; 1 
cruxboc; 1 
familyphotography; 1 
emmynatnt; 1 
bday; 1 
fotografia; 1 
cruxcam; 1 
annabelle; 1 
yearsold; 1 
happybirthday; 1 
camxcru; 1 
madruga; 1 
zoipuxado; 1 
emmyawards2018; 1 
familyisall; 1 
allstar; 1 
graçaaraujo; 1 
curls; 1 
vscocam; 1 
ootn; 1 
pinacoteca; 1 
fashionista; 1 
waves; 1 
lookdamarta; 1 
purplelips; 1 
whiteboots; 1 
cachos; 1 
showdapitty; 1 
avenidapaulista; 1 
mulheresradicais; 1 
cacheadasdoinstagram; 1 
ootd; 1 
instacachos; 1 
preta; 1 
feminist; 1 
minhasamoras; 1 
outfitoftheday; 1 
feminista; 1 
lookdodia; 1 
fogonosracistas; 1 
focanovoto; 1 
renatamaravilhosa; 1 
cirosimpostenao; 1 
mansplaining; 1 
postenão; 1 
euacreditonogordinho; 1 
velhapolitica; 1 
tarcisionaband; 1 
pet46anos; 1 
followfriday; 1 
desarquivandobr; 1 
ressaca; 1 
prints; 1 
operacaociro; 1 
odiaseguinte; 1 
oitooutubro; 1 
encontroddalmas; 1 
ciencia; 1 
yolo; 1 
backpacker; 1 
estamosdeolho; 1 
bolsominion; 1 
futurosemfumaca; 1 
barradojacuipe; 1 
sorriavoceestanabahia; 1 
traceeellysross; 1 
absurdo; 1 
vacationstyle; 1 
trekking; 1 
trip; 1 
férias; 1 
amordavida; 1 
cachoeiraoporcima; 1 
morrodopaiinacio; 1 
seame; 1 
mochila; 1 
calma; 1 
avançasport; 1 
vempracolina; 1 
rumoaotetra; 1 
kimi7; 1 
welcomekimi; 1 
somosevangélicos; 1 
assembleiadedeusparauapebas; 1 
celebração35anos; 1 
vempraurna; 1 
governodopará; 1 
euamoacasadopai; 1 
nãonegominhafé; 1 
drone; 1 
postindustrial; 1 
cyberpunk; 1 
noise; 1 
experimental; 1 
melhorjairsehaddaptando; 1 
mulheresintrínseca; 1 
haddad22; 1 
semlulaehaddad; 1 
david5000; 1 
factcheckingpolitz; 1 
disqueoração; 1 
trsantafe; 1 
equipevdm; 1 
peaceday; 1 
intersexo; 1 
museunacional_sempre; 1 
vivaomuseu; 1 
bemvindofelippe; 1 
tarcisio50; 1 
enem; 1 
soamor; 1 
redacao; 1 
rubyladies; 1 
ciraodamassa; 1 
portugues; 1 
descriminalizaçãodoaborto; 1 
modernismo; 1 
eupasso; 1 
descomplica; 1 
tempossombrios; 1 
fita03; 1 
nbathefinals; 1 
contrateja; 1 
manuginobili; 1 
spurs; 1 
semeandoadiscórdia; 1 
selandoapaz; 1 
pracimadelesciro; 1 
estoucomcirobrasil; 1 
suavidaimporta; 1 
votariasimnochicopinheiro; 1 
libra; 1 
calabocambl; 1 
bolsonarocommedodociro; 1 
verificadetremuratwitter; 1 
gilmar20222; 1 
gilmarcarvalho; 1 
bdsp; 1 
ovotoimporta; 1 
palvsint; 1 
vemcomjoão30; 1 
corajoso; 1 
helenão; 1 
ocapirotonao; 1 
megadeth35; 1 
geraldonaglobonews; 1 
rainierfog; 1 
orgulho; 1 
nflnaesp; 1 
dcvorl; 1 
novoalmirante; 1 
ascensouruguayo; 1 
aportedelectores; 1 
festadascores18; 1 
tchauciro; 1 
fogocruzadorj; 1 
riscosdetiros; 1 
cirosim; 1 
srn; 1 
diadogaúcho; 1 
bndes; 1 
morteaopenis; 1 
metrosp; 1 
sorteio; 1 
mulhernaovotaembozo; 1 
picoftheday; 1 
beerlove; 1 
marinhadobrasil; 1 
myfriends; 1 
familyphoto; 1 
traveltuesday; 1 
porainorio; 1 
fazisso; 1 
afternoon; 1 
lifegoals; 1 
dainosferiado; 1 
casinhas; 1 
estatua; 1 
021rio; 1 
pierview; 1 
bloco; 1 
instagood; 1 
nuncaacaba; 1 
riomais; 1 
abasenãopara; 1 
familyovereverything; 1 
fotodabarca; 1 
instario; 1 
astro; 1 
beerific; 1 
bunkerfestival; 1 
teamcachaça; 1 
ograndeencontro; 1 
emusic; 1 
foliaderua; 1 
goodtime; 1 
arcoiris; 1 
base10anos; 1 
panorama; 1 
familyday; 1 
zonanorte; 1 
blocos; 1 
onthestreets; 1 
folia; 1 
photography; 1 
bier; 1 
beers; 1 
jardim; 1 
familytime; 1 
cloudporn; 1 
normal; 1 
lifehacks; 1 
beercraft; 1 
familybonding; 1 
r10; 1 
casinhasparasempre; 1 
skyline; 1 
vamosfazerhistória; 1 
friendsoftheworld; 1 
serveca; 1 
dainosdisposição; 1 
tgif; 1 
beerme; 1 
queremosobi; 1 
igers; 1 
burlesco; 1 
urbanlandscape; 1 
itamaraty; 1 
cerva; 1 
brurbanlandscapes; 1 
riobeer; 1 
downtown; 1 
pagode; 1 
brlandscape; 1 
ilha; 1 
catra; 1 
venommovie; 1 
museunacionalvive; 1 
onthestreet; 1 
fun; 1 
myskynow; 1 
beatnup; 1 
winter; 1 
pierside; 1 
museum; 1 
poraínorio; 1 
olimpico; 1 
mre; 1 
friendshipgoals; 1 
familygoals; 1 
ejs; 1 
beerporn; 1 
mtggrn; 1 
bloquinho; 1 
afestaénossa; 1 
venom; 1 
ig_riodejaneiro; 1 
legado; 1 
cityscape; 1 
arquitetura; 1 
praiana; 1 
tou_ligado; 1 
juizdefora; 1 
leragazzemagiche; 1 
adotaréamor; 1 
pinkmoney; 1 
unfollownaanitta; 1 
saveus; 1 
mulheresnapolitica; 1 
russia; 1 
esferapublica; 1 
temponaopara; 1 
vote45; 1 
vcnobemestar; 1 
galvãobueno; 1 
lésbicas; 1 
uberlandia; 1 
dicas; 1 
coreiadonorte; 1 
euquerobolsonaronacadeia; 1 
mansetours; 1 
juche; 1 
rpdc70anos; 1 
efeméridestelesur; 1 
envivo; 1 
allende; 1 
joãonosdebates; 1 
joãonatvgazeta; 1 
spa; 1 
lessignestrompeurs; 1 
lulawave; 1 
brésil; 1 
le79inter; 1 
isentovilla; 1 
adeliorecebeuordens; 1 
dario50420; 1 
minasgerais; 1 
bozonaro; 1 
elenuncaserápresidente; 1 
pretalinda; 1 
princesa; 1 
aecio4500; 1 
brasilac1made7udo; 1 
feriado; 1 
showdointervalo; 1 
ripcatra; 1 
superman; 1 
residênciapedagógica; 1 
alpha; 1 
piadinha; 1 
rajadadefé; 1 
humordobem; 1 
snapchat; 1 
djonga; 1 
elesenlouqueeeeecem; 1 
eufalopalavrões; 1 
olocobinxo; 1 
prahonraeglória; 1 
segundoturno; 1 
show; 1 
morningshow; 1 
voltaredonda; 1 
opinesobremaconha; 1 
jânioquadros; 1 
senador; 1 
goldman; 1 
fhc; 1 
forajoaodoria; 1 
hamiltonmourão; 1 
ficaespertosp; 1 
roraima; 1 
real; 1 
aquieorap; 1 
brasilescuteroraima; 1 
nascinaesperança; 1 
depultado; 1 
doriaabandonouaprefeituradesp; 1 
general; 1 
sccpxint; 1 
cr7; 1 
havan; 1 
ldesportes; 1 
ldonline; 1 
messi; 1 
bixatravesty; 1 
festivaldebrasília; 1 
nippleplay; 1 
superfan; 1 
wank; 1 
meubolsomimionsecreto; 1 
toninhoferreira16; 1 
sonegaçãofiscalécrime; 1 
novonavio; 1 
phmatlântico; 1 
quefim; 1 
mariana; 1 
tristefim; 1 
levisstadium; 1 
reload; 1 
temporadadecaça; 1 
infantariadeelite; 1 
euvoto65; 1 
heavylero; 1 
umadenós; 1 
euvotopcdob; 1 
jordanometalurgicopstu; 1 
rebeliãojá; 1 
censuranuncamais; 1 
fantástico; 1 
vaticano; 1 
traido; 1 
helelão; 1 
lituânia; 1 
flaviodino65; 1 
brasileirao2018; 1 
acendeomeirelles; 1 
afcxfla; 1 
forçajuan; 1 
saoxcea; 1 
ceaxspa; 1 
flaxvit; 1 
spfcxcea; 1 
tamanho; 1 
ghvip18s; 1 
isa; 1 
ghvip24s; 1 
ghvip14s; 1 
ghvip15s; 1 
ot18gala0; 1 
ghvipdbt1; 1 
ghvipdbt2; 1 
falandodeafazenda; 1 
losjuegosdelghambre; 1 
ghvip17s; 1 
iniciativa; 1 
goodvibes; 1 
pesodoseucarro; 1 
savagexfw18; 1 
blacklove; 1 
minc; 1 
ge; 1 
asaventurasdepoliana087; 1 
nfl; 1 
sulamericanafoxsports; 1 
sebcoquinha; 1 
haddadaogovernolulaaopoder; 1 
metero; 1 
caféfilosófico; 1 
gogirls; 1 
cpfl; 1 
vote18marina; 1 
haddadnojg; 1 
vaicomominuâno; 1 
rossettogovernador13; 1 
rossetogovernador; 1 
bh; 1 
anos90; 1 
semprejuntos; 1 
alckminnojornalnacional; 1 
anos80; 1 
bombando; 1 
festa; 1 
debatenaalterosa; 1 
festafantasia; 1 
meubrother; 1 
irmão; 1 
massa; 1 
belohorizonte; 1 
brucemartins1990; 1 
top; 1 
parabénspranós; 1 
solouco; 1 
estadao; 1 
ciropédevalsa; 1 
eleiçõesopovo; 1 
poste; 1 
thehyperbr; 1 
eleiçõessjcc; 1 
paisefilhos; 1 
streamer; 1 
twitch; 1 
minecraft; 1 
mimosquemereço; 1 
agostoacabandoeeu; 1 
williambonner; 1 
pagacivita; 1 
angelamelo; 1 
bisexualfacts; 1 
theinfluenceofhiphop; 1 
blessed; 1 
rickshot; 1 
thewalkingdead; 1 
lecheminduroi; 1 
lions; 1 
eminem; 1 
september11; 1 
icumafamiliaparapertencer; 1 
elascomela; 1 
euamomeliuz; 1 
unodasupreme; 1 
tocadaraposa3; 1 
elascontraele; 1 
sweetener; 1 
anitters; 1 
maisasilvaig; 1 
maisanicholas; 1 
medicina; 1 
maisasilvatv; 1 
anittagata; 1 
3em1; 1 
amei; 1 
furacão; 1 
mepoupe; 1 
robot; 1 
justiçadotrabalho; 1 
direitodotrabalho; 1 
direitopenal; 1 
oab; 1 
direitoporamor; 1 
advogada; 1 
advogado; 1 
amodireito; 1 
weisswurst; 1 
oktoberfest; 1 
advocacia; 1 
bolsomitoooo; 1 
eleiçõesnamaresol; 1 
timedionísio1255; 1 
joãoarruda15; 1 
integridade; 1 
políticacompropósito; 1 
curitiba; 1 
professordionísio1255; 1 
políticaspúblicas; 1 
neltonsenador123; 1 
gouradeputadoestadual12108; 1 
paraná; 1 
invictafc31; 1 
chato; 1 
girlpower; 1 
politicaexterna; 1 
scholaralerts; 1 
comcienciasocial; 1 
