elenão; 269 
elesim; 219 
elenao; 209 
bolsonaro17; 184 
ciro12; 162 
rouanetnão; 122 
elenunca; 119 
euquerobolsonaro; 118 
debateaparecida; 110 
quemmandoumatarbolsonaro; 103 
debateredetv; 99 
eleições2018; 97 
bolsonaropresidente17; 91 
cirofilhodaputa; 88 
bolsonaronãoécorrupto; 87 
newprofilepic; 87 
mulherescombolsonaro; 78 
bolsonaro; 72 
forçabolsonaro; 70 
g1; 65 
bolsonaro2018; 65 
milhoescombolsonaro; 63 
falamaisgentili; 59 
ciropresidente; 56 
bolsonaronojornalnacional; 54 
bolsonaro17no1ºturno; 53 
meubolsominionsecreto; 51 
gazetaestadaojp; 49 
bolsonaropresidente; 49 
reviravoltanaeleicao; 45 
cironacnbb; 44 
forcabolsonaro; 42 
direitaseguedireita; 42 
bolsonaroeleito1ºlugar; 42 
eleicoes2018; 42 
afazenda10; 41 
ocapitãovoltou; 40 
elasim; 40 
lulainelegivel; 38 
mulherescontraobolsonaro; 38 
direitaunida; 38 
lulainelegível; 37 
calabocaciro; 35 
dia7é17; 35 
pergunteaociro12; 35 
forçaanitta; 34 
democraciasim; 33 
fakenews; 33 
calabocacirodenovo; 33 
brasil; 32 
calabocagentilli; 32 
haddadélula; 32 
bolsonarosim; 29 
ciropresidente12; 29 
marina18; 28 
lulalivre; 28 
bolsonaronajovempan; 28 
tbt; 28 
marinacomciro; 27 
twibbon; 27 
uolnasurnas; 26 
haddadpresidente; 26 
alvarodias19; 26 
estoucombolsonaro; 26 
ondalaranja; 26 
thebest; 26 
fechocomciro; 26 
b17; 25 
votobolsonaro17; 25 
rouanetnao; 25 
segundadetremurasdv; 25 
bolsonaronaoecorrupto; 25 
ciraonosegundoturno; 25 
sentagostosobozo; 24 
rt; 24 
jairmessiasbolsonaro; 24 
cironosegundoturno; 24 
joaonosdebates; 24 
meuaniversáriodotwitter; 23 
lulaépresidiário; 23 
cirogomes; 23 
falaciro12; 23 
fechadocombolsonaro; 23 
elasnão; 22 
mensalinhodotwitter; 22 
porenganomeuovo; 22 
verguenzaconmebol; 22 
lulaépresidiario; 22 
thevoicebrasil; 22 
museunacional; 21 
jornaldaglobo; 21 
novafotodoperfil; 21 
paz; 21 
masterchefbr; 21 
forcaanitta; 21 
nflnaespn; 20 
anittaisoverparty; 20 
haddadélulanojn; 20 
vamociro; 20 
ospingosnosis; 20 
sextadetremurasdv; 19 
ptnuncamais; 19 
omemedaminhavida; 19 
brasilcommarina; 19 
domingodetremurasdv; 19 
eusoulula; 18 
sabadodetremurasdv; 18 
bomdia; 18 
falamaisgentilli; 18 
deusfamiliabolsonaro; 18 
jn; 18 
avantipalestra; 18 
captainmarvel; 17 
joãonaband; 17 
vamosrenovartudo; 17 
ciro; 16 
setembroamarelo; 16 
sanatóriogeral; 16 
jairbolsonaro; 16 
lutomuseunacional; 16 
brasileirão2018; 16 
liberdadecombolsonaro; 16 
lulapreso; 15 
lulanacadeia; 15 
mulherescontraofascismo; 15 
quemmandoumatarobolsonaro; 15 
segundosol; 15 
somostodosbolsonaro; 15 
libertadoresfoxsports; 15 
amoedonopanico; 15 
lulaepresidiario; 14 
elesimbolsonaro17; 14 
quintadetremurasdv; 14 
ocapitaovoltou; 14 
grêmio; 14 
diademarina; 14 
elesim17; 13 
sqn; 13 
fifafootballawards; 13 
vaicorinthians; 13 
libertadores2018; 13 
palmeiras; 13 
vamointer; 13 
7desetembro; 13 
falaciro; 13 
paunocudaonu; 13 
cironojornalnacional; 13 
diadegrêmio; 13 
pergunteaojoão; 13 
elesnão; 13 
bolsonaroeleito1ºturno; 12 
flamengo; 12 
debatecnbb; 12 
rip; 12 
vote30; 12 
crf; 12 
globolixo; 12 
anittanão; 12 
cblol; 12 
dia7amarelo17; 12 
marinanojornalnacional; 11 
mito; 11 
haddad; 11 
brasilcombolsonaro; 11 
manunojaburu; 11 
jb17; 11 
sextou; 11 
debatebandrio; 11 
fsradiobrasil; 11 
cirosim; 11 
joaoamoedo; 11 
reagesantos; 11 
tmjcombolsonaro17; 11 
appleevent; 11 
cironaredetv; 11 
aovivo; 11 
spfc; 10 
pas; 10 
f1; 10 
forapt; 10 
falacapitão; 10 
marta; 10 
fofocalizandonosbt; 10 
somos17; 10 
quartadetremurasdv; 10 
meuprimeirotweet; 10 
copadobrasilfoxsports; 10 
popstar; 10 
lulanasurnastse; 10 
joaonaband; 10 
votomarinapq; 10 
cirosimpostenão; 10 
ospingonosis; 10 
vempramassa; 10 
mulherescombolsonaro17; 10 
afazenda; 10 
amoêdonosdebates; 10 
amoedonosdebates; 9 
haddadnojornalnacional; 9 
mariellepresente; 9 
amor; 9 
mouraonagnews; 9 
bakeoffbrasil; 9 
fantastico; 9 
videoshowaovivo; 9 
euvotobolsonaro17; 9 
corinthians; 9 
soudedireitaporque; 9 
joaonojn; 9 
joãonosdebates; 9 
sechamainteressaloucura; 9 
donosdaamérica; 9 
mulheresunidascontrabolsonaro; 9 
joãonojn; 9 
globonews; 9 
votemarina18; 9 
euquerociro; 9 
geraldo45; 9 
cironojornaldaglobo; 9 
brasilacimadaonu; 9 
afazendaaovivo; 9 
partidonovo; 9 
tercadetremurasdv; 9 
obrasilfelizdenovo; 9 
datafolha; 9 
euvotojb17; 9 
forcacapitao; 9 
ibope; 9 
vemcomjoão30; 9 
elejamais; 9 
singaporegp; 8 
bolsonaronao; 8 
eibozonarovaitomarnocu; 8 
forçacapitão; 8 
famíliapalmeiras; 8 
citeumatretaesaia; 8 
marinasilvanopanico; 8 
cironeles; 8 
écomciroqueeuvou; 8 
vasco120; 8 
cbng1; 8 
haddadnojn; 8 
tchauqueridos; 8 
galo; 8 
pranamorarcmgtemq; 8 
novo30; 8 
bolsonaro2018euvoto; 8 
joaonosbt; 8 
estudioi; 8 
voudeciroporque; 8 
conmebollibertadores; 8 
hurricaneflorence; 8 
semlulaéciro; 8 
mpn; 8 
oqueeumaisqueriaagora; 8 
cruzeiro; 8 
lavajato; 8 
juntosporbolsonaro; 8 
thevoicebr; 8 
cantacomigo; 8 
cironao; 7 
debatenaredetv; 7 
geraldoalckmin; 7 
ripcatra; 7 
orgulhoepaixão; 7 
novo; 7 
mudabrasil; 7 
timão; 7 
fifa19; 7 
flaxcam; 7 
nowplaying; 7 
bolsonaronoprimeiroturno; 7 
jornaldamanha; 7 
terranotícias; 7 
bolsonaropresidenteno1ºturno; 7 
familia; 7 
masterchefprofissionais; 7 
3em1; 7 
ficaadica; 7 
nothim; 7 
capitãovoltou; 7 
inter; 7 
lulapresidente; 7 
cirogomes12; 7 
bolsomito; 7 
chupavilla; 7 
urgente; 7 
emmys; 7 
mulherescontrabolsonaro; 7 
repost; 7 
flaviobolsonarosenador177; 7 
atenção; 7 
fato; 6 
jornalnacional; 6 
fantástico; 6 
quemmandoumatarjb; 6 
citecoisasaleatorias; 6 
cartolafc; 6 
amoedo; 6 
ciro12presidente; 6 
libertadores; 6 
ocoisosim; 6 
unidoscontraacorrupção; 6 
tmj; 6 
almaecoração; 6 
domingo; 6 
elesnao; 6 
alvarodiasnopanico; 6 
jornaloglobo; 6 
gremio; 6 
cadaufazobem; 6 
diadoprogramador; 6 
joaoamoedopresidente; 6 
lulamanuhaddad; 6 
chamaomeirelles; 6 
pergunteaojoao; 6 
anittanao; 6 
cirodaputa; 6 
vamosflamengo; 6 
cironão; 6 
santamarta; 6 
brazil; 6 
gopain; 6 
katiaabreu; 6 
onugarantelula; 6 
partiupracima; 6 
grêmio115anos; 6 
friendsday; 6 
bitcoin; 6 
love; 6 
sabeserbrasileiro; 6 
promundomelhorarsófalta; 6 
melhorjairseacostumando; 6 
bahia; 6 
lulaladrão; 5 
atardeesua; 5 
jg; 5 
sbt; 5 
debatesbt; 5 
eliana; 5 
imprensacretina; 5 
arquivobbc; 5 
tse; 5 
família; 5 
fiel; 5 
debatedacnbb; 5 
nflbrasil; 5 
stockcarnosportv; 5 
brasilacimadetudodeusacimadetodos; 5 
reviravoltanaeleição; 5 
pes2019; 5 
opinesobreamaconha; 5 
ficadica; 5 
facadanobolsonaro; 5 
pcas; 5 
democracia; 5 
brasilacimadetudo; 5 
copadobrasil2018; 5 
eua; 5 
diademarina18; 5 
coelhão; 5 
haddadnãoélula; 5 
nãoreelejaninguém; 5 
marinanojg; 5 
marinasilva; 5 
haddadélulanatv; 5 
politicamenteincorreto2018; 5 
blockchain; 5 
equipead19; 5 
haddad13; 5 
fé; 5 
jairbolsonaro17; 5 
music; 5 
mitou; 5 
vergonha; 5 
pt; 5 
myfirsttweet; 5 
elesimbolsonaro; 5 
ptnao; 5 
extremosnão; 5 
somostodosbolsonaro17; 5 
adeliorecebeuordens; 5 
nossofutebol; 5 
ciro2018; 5 
gremio115anos; 5 
museunacionaldorj; 5 
todoscomciro12; 5 
greysanatomy; 5 
salvemasbaleias; 5 
cirogomespresidente12; 5 
asminaciram; 5 
debateband; 5 
joaoamoedo30; 5 
obrigadonordeste; 5 
elanão; 5 
youtube; 5 
timão108; 5 
ahsapocalypse; 5 
deus; 5 
florence; 5 
haddadédilma; 5 
segueolider; 5 
lula; 5 
diadopalmeiras; 5 
asminasciram; 5 
porcodosandes; 5 
forabarbieri; 5 
falacapitao; 5 
elenaoelenunca; 5 
pás; 4 
argentina; 4 
enqueteseleições; 4 
boulosesonia50; 4 
programaraulgil; 4 
cidadealerta; 4 
esquerdafascista; 4 
maisamor; 4 
apoiehaddadmanu; 4 
oremos; 4 
craquedojogo; 4 
xboxshare; 4 
1ddrive; 4 
motogp; 4 
boulosresponde; 4 
modric; 4 
vasxfla; 4 
flaxcor; 4 
amoêdonopânico; 4 
diadaarvore; 4 
facebook; 4 
foraptcrimeeleitoral; 4 
deusfamiliabrasil; 4 
mytwitteranniversary; 4 
usopennaespn; 4 
quero; 4 
elesnunca; 4 
grexest; 4 
queremosacopa; 4 
cirocommarina; 4 
todoscomciro; 4 
mulherescontraofacismo; 4 
ciro12sim; 4 
twitter; 4 
capitãmarvel; 4 
jornaldacultura; 4 
brasileiraonosportv; 4 
publipost; 4 
southamericamemes; 4 
bolsonaro17eleitono1ºturno; 4 
thewalkingdead; 4 
pernambuco; 4 
netflix; 4 
bbdebate; 4 
primavera; 4 
pracimadelescoelho; 4 
saudemental; 4 
ficaloss; 4 
ucl; 4 
7setembro; 4 
porvocêportodos; 4 
italiangp; 4 
michaeljacksonday; 4 
anaamélia; 4 
lulaéinelegível; 4 
bolsonaro17no1oturno; 4 
homofobia; 4 
amassajogajunto; 4 
justdoit; 4 
elenaoecorrupto; 4 
partiu; 4 
joãonatvgazeta; 4 
vaisernoprimeiroturno17; 4 
vaisernoprimeiroturno; 4 
semlulaeciro; 4 
meubolsominonsecreto; 4 
redacaosportv; 4 
fake; 4 
afreirafilme; 4 
joãonosbt; 4 
joaoamoedonoestadao; 4 
criançaesperança; 4 
mensalinhodotwiter; 4 
bozonaro; 4 
bolsonarono1ºturno; 4 
globo; 4 
elemente; 4 
bocxcru; 4 
ps4share; 4 
fechadocombolsonaro17; 4 
mulherescombolsoanaro; 4 
altashoras; 4 
messi; 4 
coizasqeuqueriater; 4 
haddadnao; 4 
gratidao; 4 
forçaboulos; 4 
bolsonaronaredetv; 4 
linhadedomingo; 4 
giveaway; 4 
eleições; 4 
futebol; 4 
katianaglobonews; 4 
pesquisasmentem; 4 
vamossãopaulo; 4 
bonderenault; 4 
corinthians108anos; 4 
trocadepasses; 4 
goldodia; 4 
dia7e17; 4 
geraldonojn; 4 
agora; 4 
gopackgo; 4 
livresdolula; 4 
foratemer; 4 
joicefederal1771; 4 
linhadequarta; 4 
joaoamoedonosdebates; 4 
geraldopresidente; 4 
dia07é17; 4 
periscope; 4 
equipega; 4 
lulapresidiario; 3 
folha; 3 
sport; 3 
biweek; 3 
spvotatumafederal1079; 3 
jornalhoje; 3 
tenso; 3 
lixeiramemes; 3 
alckmin; 3 
vemcomagente; 3 
saopaulofc; 3 
lulaécandidato; 3 
bomdiabrasil; 3 
17paraobemdobrasil; 3 
copadobrasil; 3 
zero1; 3 
conversacombial; 3 
debatetvaparecida; 3 
poderemfoco; 3 
otemponaopara; 3 
forçacapitao; 3 
dingdong; 3 
tchauquerido; 3 
copadobrasilnosportv; 3 
mufc; 3 
onthisday; 3 
balançogeral; 3 
nofapseptember; 3 
craquedoverdão; 3 
sp1; 3 
travel; 3 
boca; 3 
britishgp; 3 
nfl; 3 
grenal; 3 
argentinofoxsports; 3 
video; 3 
liberalismonobrasil; 3 
selva; 3 
cbn; 3 
joãoamoêdo; 3 
terranoticias; 3 
façaumpedido; 3 
fail; 3 
comprova; 3 
trabalho; 3 
r7; 3 
euvotobolsonaro; 3 
jbnaglobo; 3 
racismo; 3 
mucbvive; 3 
facistasnãopassarão; 3 
sdv; 3 
anitta; 3 
preconceito; 3 
cirodavirada; 3 
politica; 3 
sbt37anos; 3 
bolsanaronojornalnacional; 3 
friends; 3 
vitxcam; 3 
brasileirao2018; 3 
brasileirão; 3 
forçabarça; 3 
pergunteaogeraldo45; 3 
cruzeiraocabuloso; 3 
rumoaotetra; 3 
mulheresunidascontraobolsonaro; 3 
correios; 3 
ufcsp; 3 
familiapalmeiras; 3 
got; 3 
haddadelulanojn; 3 
bandnewsfm; 3 
marinapresidente; 3 
feriado; 3 
maisasilva; 3 
falta3mesespradezembroeeu; 3 
cartola; 3 
california; 3 
nãovoltarão; 3 
startup; 3 
stockcar; 3 
haddadpresidente13; 3 
vida; 3 
calabocagentili; 3 
ecomciroqueeuvou; 3 
vergonhaalheia; 3 
motivação; 3 
minhaserie; 3 
pirula; 3 
vamosjuntos; 3 
otd; 3 
cironothenoite; 3 
italia; 3 
fotos; 3 
birthday; 3 
toddphillips1; 3 
lulanasurnas; 3 
destaquesdeagosto; 3 
cruxfla; 3 
intxfla; 3 
andersonpresente; 3 
bolsonaropresidente2018; 3 
haddadnaglobonews; 3 
iheartfestival; 3 
ruanetnão; 3 
falamesmogentilli; 3 
éverdadeessebilete; 3 
maislidasdasemana; 3 
marketing; 3 
extremosnao; 3 
vascodagama; 3 
roaunetnao; 3 
ocapitaovoltou17; 3 
vmas; 3 
ciroekátia; 3 
desafiounidasnasruas; 3 
band; 3 
cruzeiropelohexa; 3 
fechadocomocruzeiro; 3 
wednesdaywisdom; 3 
apple; 3 
joaocom6; 3 
coisonão; 3 
pdt; 3 
ciro12presidente2018; 3 
ciro17; 3 
casamento; 3 
wellingtondiasgate; 3 
vaiserno1turno; 3 
braxeua; 3 
emmytnt; 3 
lulaladrao; 3 
riodejaneiro; 3 
alagoas; 3 
economia; 3 
bolsonaro17eleito1ºturno; 3 
afreira; 3 
maisasilvatv; 3 
maisanicholas; 3 
maisasilvaig; 3 
bolsonaro2019; 3 
crypto; 3 
bemvindojair; 3 
grenal417; 3 
gokabum; 3 
expedientefutebol; 3 
conmebollixo; 3 
vamoscruzeiro; 3 
seomengaoseclassificar; 3 
direitaunidajamaisseravencida; 3 
amoedo30; 3 
meirelles15; 3 
alvarodiaspresidente; 3 
cristãonãovotaemciro; 3 
eusoubolsonaro; 3 
bomdiaecia; 3 
danilogentili; 3 
falagentilli; 3 
arethafranklin; 3 
fora; 3 
rosa; 3 
hojeemdia; 3 
cirogomes2018; 3 
capitaovoltou; 3 
ufcspnocombate; 3 
vr; 3 
vasxacf; 3 
ptlixo; 3 
nationsnatnt; 3 
falaciro12denovo; 3 
fifathebest; 3 
vasco; 3 
runkeeper; 3 
milhoescombolsobaro; 3 
quemmandomatarbolsonaro; 3 
cirogomesnoestadao; 3 
amoedopresidente; 3 
bts; 3 
renovatudo; 3 
vitxvas; 3 
foraodair; 3 
brexit; 3 
tgs2018; 3 
gecruzeiro; 3 
nintendoswitch; 3 
segundou; 3 
thevoice; 3 
joãocom6; 3 
vemcomjoao30; 3 
rouantetnão; 3 
programadoratinho; 3 
venezuela; 3 
ciraodamassa; 3 
joganogoogle; 3 
lukamodric; 3 
debatenacnbb; 3 
fifaratings; 3 
produce48; 3 
mulheres; 3 
betoricha; 3 
spiderman; 3 
aquário; 3 
lulabandido; 3 
yanday; 3 
rj; 3 
17dias; 3 
acordabrasil; 3 
capxfla; 3 
premierleaguenaespn; 3 
gopats; 3 
deusacimadetodos; 3 
finalcantacomigo; 3 
presidentebolsonaro; 3 
sharpobjects; 3 
f1nosportv; 3 
coiso; 3 
asu2018; 3 
camxcap; 2 
amejoaomiguel; 2 
luto; 2 
elanao; 2 
1first; 2 
17bolsonaro; 2 
bolsonarovive; 2 
segundoturno; 2 
spfctv; 2 
fsrádiobrasil; 2 
cuidadocomfakenews; 2 
todoscombolsonaro; 2 
osaka; 2 
bolsonaronão; 2 
marina; 2 
f12021; 2 
belgiangp; 2 
f12018; 2 
formula1; 2 
deusnocomando; 2 
boatarde; 2 
sabadou; 2 
forever; 2 
lua; 2 
brasilia; 2 
vídeoshowaovivo; 2 
eleiçõessjcc; 2 
tuesdaythoughts; 2 
piano; 2 
quemmandoumatarboldonaro; 2 
vote17; 2 
dearmoon; 2 
vitória467anos; 2 
bandidos; 2 
ateofimdoanoeu; 2 
faustao; 2 
orgulhoepaixao; 2 
domingoshow; 2 
bbqbrasil; 2 
programasilviosantos; 2 
horadofaro; 2 
domingolegal; 2 
agoraédomingo; 2 
urnasfraudadas; 2 
estamosfazendoacampanhaporvocê; 2 
heroismatam; 2 
lulaeinelegivel; 2 
psdb; 2 
lulahaddadmanu; 2 
mudasc; 2 
parabens; 2 
corinhians108anos; 2 
sou17; 2 
verdade; 2 
israel; 2 
risos; 2 
fotosdefatos; 2 
neverforget; 2 
canada; 2 
superclásico; 2 
surfranchpro; 2 
motogpnosportv; 2 
indycar; 2 
futebolnaveia; 2 
bocaxriverfoxsports; 2 
indynaband; 2 
fluminense; 2 
diadeflu; 2 
partidonovo30; 2 
baseforte; 2 
associavasco; 2 
peixes; 2 
minc; 2 
vasco120anos; 2 
6x1eterno; 2 
deusfamilabolsonaro17; 2 
usopen; 2 
medo; 2 
diadoirmão; 2 
noarnacbn; 2 
chaxpal; 2 
juntospelotetra; 2 
gratidão; 2 
obrigado; 2 
thegooddoctor; 2 
amas; 2 
reputationtour; 2 
taylorswift; 2 
theconcerttour; 2 
thefemaleartist; 2 
opredadorfilme; 2 
cnbb; 2 
havan; 2 
saúde; 2 
todoscontrabolsonaro; 2 
cirocontraonazismo; 2 
top; 2 
hashtag; 2 
arte; 2 
balançogeralmg; 2 
vaivendo; 2 
mais90; 2 
palxcor; 2 
estoucombolsonaro17; 2 
foiela; 2 
trufalimãosiciliano; 2 
rodaviva; 2 
flaxcsc; 2 
gneleicoes2018; 2 
lafabrica; 2 
halamadrid; 2 
brasilcontracorrupcao; 2 
tnf; 2 
nationalvideogamesday; 2 
huracan; 2 
nostalgia; 2 
empauta; 2 
amarelasaovivo; 2 
saude; 2 
debate; 2 
g1rio; 2 
dabears; 2 
portoalegre; 2 
seavschi; 2 
cirosimpostenao; 2 
teotfw; 2 
ad; 2 
todentro; 2 
headabovewater; 2 
vendas; 2 
marinasilva18; 2 
rede; 2 
timeivete; 2 
bovespa; 2 
marcoantoniovilla; 2 
mrcatra; 2 
ripmrcatra; 2 
sanxgre; 2 
sanxind; 2 
inovação; 2 
casadachampions; 2 
rock; 2 
guitar; 2 
ciroday12; 2 
ptnão; 2 
treino; 2 
canallivre; 2 
desafiodapuberdade; 2 
pubertychallenge; 2 
haddadnão; 2 
voto30; 2 
morningshowjp; 2 
escorpião; 2 
resenhaespn; 2 
maquinadememes; 2 
boulosnagazeta; 2 
diadaindependência; 2 
renovação; 2 
naiot; 2 
franciscojr; 2 
federal; 2 
zéeliton45; 2 
textaocientifico; 2 
respectariana; 2 
esquadraodamoda; 2 
history; 2 
grecia; 2 
turismo; 2 
fotografia; 2 
lagos; 2 
europe; 2 
beach; 2 
historia; 2 
foraloss; 2 
resumaoantagonista; 2 
amigos; 2 
filhalinda; 2 
deusacimadetudo; 2 
otwitternãoéfacebook; 2 
marakesh; 2 
flyeaglesfly; 2 
machismo; 2 
forzajuve; 2 
medodenofuturo; 2 
lulacondenado; 2 
gofla; 2 
feitosdepaixão; 2 
anittadiganaoaofascismo; 2 
pcdob; 2 
lindberghsenador131; 2 
onu; 2 
jogosagrado; 2 
colanamao; 2 
segueolíder; 2 
iheartdaystage; 2 
bottledup; 2 
shadowhunters; 2 
imaginedragons; 2 
naosomosumafraquejada; 2 
debategazeta; 2 
donadaminhavida; 2 
zenfone5z; 2 
asus; 2 
selecaosportv; 2 
cruxsan; 2 
compartilhe; 2 
aquiésantos; 2 
gabigol200jogos; 2 
alckminpresidente; 2 
capitaobolsonaro; 2 
bike; 2 
health; 2 
championsleague; 2 
fazeup; 2 
papotorto; 2 
vamoschape; 2 
elenãoelenunca; 2 
bolsolixo; 2 
pauloguedesnaglobonews; 2 
sennasempre; 2 
issoaquiéflamengo; 2 
mulhervotaemmulher; 2 
direito; 2 
faltapouco; 2 
forapsdb; 2 
enquete; 2 
psl; 2 
rumoaotri; 2 
mobilemonkey; 2 
chatbot; 2 
thursdaythoughts; 2 
fridayfeeling; 2 
sounovosouamoêdo; 2 
semciroénulo; 2 
mito17; 2 
emicida; 2 
política; 2 
brasilac1made7udo; 2 
calabocavilla; 2 
foraarnaldobarros; 2 
ficaperes; 2 
fachin; 2 
17bolsonaro1; 2 
giantspride; 2 
eleicoes; 2 
nbamediaday; 2 
axlrose; 2 
futuromelhoragora; 2 
family; 2 
goodvibes; 2 
quemmandoumatarjairbolsonaro; 2 
emmys2018; 2 
bbmp; 2 
recebinogrupodafamilia; 2 
geraldonagazeta; 2 
mulheresunidas; 2 
theeconomist; 2 
joãosim; 2 
chargedodia; 2 
agoravai; 2 
quemmatoumarielle; 2 
chico500; 2 
uol; 2 
tocomtarcisio50; 2 
supernatural; 2 
ebcnasurnas; 2 
contrafome; 2 
manualdocovarde; 2 
desafio; 2 
supervia_trens; 2 
aterraprometida; 2 
escutecirogomes; 2 
campeãodaamérica; 2 
vamosgrêmio; 2 
sejanovo; 2 
singer; 2 
nyjvscle; 2 
partiutoca3; 2 
daredevil; 2 
libertadoresnosportv; 2 
nuevafotodeperfil; 2 
joaonaglobo; 2 
marinanosegundoturnosim; 2 
comenbolverguenzadelfutbol; 2 
diamundialdaprevençãodosuicídio; 2 
cartersim; 2 
carlazambelli1710; 2 
fichalimpa; 2 
ovotonarecord; 2 
alvarodias; 2 
premierleagueredetv; 2 
palvsint; 2 
petrolão; 2 
seleçãobrasileira; 2 
rs; 2 
ele17sim; 2 
mulheresapoiambolsonaro; 2 
prontofalei; 2 
novelajesus43; 2 
asasdoamor; 2 
recordtv; 2 
programadasabrina; 2 
asaventurasdepoliana093; 2 
áries; 2 
ripmuseunacional; 2 
eleição2018; 2 
musica; 2 
graciasmanu; 2 
voltaplbrasil; 2 
canto; 2 
sing; 2 
boanoite; 2 
gentili; 2 
falamesmogentili; 2 
oladotretadaforca; 2 
coisonao; 2 
bolsonaroesfaqueado; 2 
levantacapitão; 2 
astarisborn; 2 
runrdevils; 2 
loveislove; 2 
esperança; 2 
luz; 2 
exunãoédiabo; 2 
poll; 2 
aecio2014; 2 
afieléfoda; 2 
ferias; 2 
frozen; 2 
viagem; 2 
flores; 2 
nieve; 2 
auto; 2 
carro; 2 
snow; 2 
brincadeira; 2 
hermanos; 2 
gelo; 2 
sunset; 2 
abajo; 2 
inverno; 2 
neve; 2 
vacaciones; 2 
buenosaires; 2 
ursal; 2 
letitgo; 2 
applewatch; 2 
brasilélula; 2 
haddademanu; 2 
lulaehaddad; 2 
haddadelula; 2 
lulistashaddadseguemlulistashaddad; 2 
usa; 2 
maga; 2 
primeiroturno; 2 
tecnologia; 2 
crianças; 2 
eibolsonarovaitomarnocu; 2 
forçajair; 2 
colxspfc; 2 
dançadosfamosos; 2 
pingosnosis; 2 
spoxpal; 2 
maiorcampeãodobrasil; 2 
quemtemmaistem9; 2 
queromeuvascodevolta; 2 
palcopopstar; 2 
ensinodomiciliar; 2 
sempreaoladodovasco; 2 
eleiçõesopovo; 2 
skoob; 2 
ti8; 2 
vergonhaconmebol; 2 
beta; 2 
umrei; 2 
foco; 2 
força; 2 
g1paraná; 2 
sériec; 2 
tamojunto; 2 
chateada; 2 
samurai; 2 
mmvas; 2 
libertadores2010; 2 
lancecolina; 2 
juntospelasula; 2 
google; 2 
business; 2 
forçapedro; 2 
b17primeiroturno; 2 
redetv; 2 
majorcostaesilva27; 2 
terceirizanãostf; 2 
puskás; 2 
chamaomeirelles15; 2 
cardib; 2 
harleydavidson; 2 
harley; 2 
hd; 2 
fechamento; 2 
tevejoemtodososcantos; 2 
bundesliga; 2 
triste; 2 
poland; 2 
alemaofoxsports; 2 
alemãofoxsports; 2 
globoplay; 2 
bongocat; 2 
digaumavdd; 2 
selecaobrasileira; 2 
tv; 2 
chaxflu; 2 
vasxbah; 2 
sextafeira; 2 
acelerapf; 2 
santos; 2 
davircsgo; 2 
ar; 2 
globofakenews; 2 
vocenao; 2 
panico; 2 
respeito; 2 
eugostoquando; 2 
jpmorningshow; 2 
falta17diaspra17; 2 
pokemongofriend; 2 
palmeiras104anos; 2 
idol; 2 
android; 2 
boatardefox; 2 
merendeiro; 2 
alckminétemer; 2 
otariocast; 2 
supernaturalday; 2 
btc; 2 
orban; 2 
respect; 2 
proenemaovivo; 2 
enem; 2 
usopennosportv; 2 
forasidão; 2 
recife; 2 
botxcam; 2 
plutão; 2 
bomdiafoxsegunda; 2 
segunda; 2 
cpidarouanet; 2 
venom; 2 
spidermanps4; 2 
joker; 2 
diretodaredação; 2 
lulanao; 2 
smashbrosultimate; 2 
jornaldarecord; 2 
jairbolsonaronojornalnacional; 2 
teamstallion; 2 
rickandmorty; 2 
nintendodirect; 2 
goiania; 2 
citepolemicas; 2 
leidafichalimpa; 2 
nirvana; 2 
ultimatebeastmaster; 2 
elavotaemquemquiser; 2 
thegroup; 2 
btsarmy; 2 
bomdiafoxsports; 2 
thealbum; 2 
girlpower; 2 
ogringotaserto; 2 
ciropresidentedapaz; 2 
originpcfamily; 2 
intelgamerdays; 2 
euacredito; 2 
calabocamourão; 2 
elsalvador; 2 
thisisamerica; 2 
amistoso; 2 
iost; 2 
sotocatop; 2 
marvel; 2 
euqueroumuno; 2 
worldsuicidepreventionday; 2 
porchatespecial; 2 
spciro; 2 
esqueceomundolafora; 2 
j10; 2 
sanxsão; 2 
forçajuan; 2 
lindo; 2 
agile; 2 
deputadafederal; 2 
encontro; 2 
chvote; 2 
memes; 2 
debatemn; 2 
alckminpedeprasair; 2 
ciro12pdt; 2 
arrancadaheroica; 2 
verdãodobrasil; 2 
estamoscombolsonaro; 2 
alkimintofora; 2 
papafrancisco; 2 
god; 2 
rounetnão; 2 
quemédourado; 2 
china; 2 
stfvergonhanacional; 2 
alemania; 2 
museunacionalvive; 2 
siria; 2 
velhapolitica; 2 
novelajesus44; 2 
boulos17; 2 
cabofrio; 2 
raposasegueraposa; 2 
forcabolsonaro17; 2 
lançamento; 2 
powercoreultra; 2 
dicasdecinema; 2 
truedetective; 2 
americanhorrorstory; 2 
pensamentododia; 2 
maisvocê; 2 
naovaitertocha; 2 
naovaitergolpe; 2 
naovaitercopa; 2 
brizolavive; 2 
neworder; 2 
ps4; 2 
am; 2 
var; 2 
esquerdahipocrita; 2 
teamdollnature; 2 
joicefederalporsãopaulo1771; 2 
bolsojoice1771; 2 
br18; 2 
capricórnio; 2 
elasnao; 2 
midiapodre; 2 
dia7euvoudeamarelo; 2 
games; 2 
voudemarina18; 2 
marinanaaparecida; 2 
faceitmajor; 2 
pracimadeles; 2 
anittaarregona; 2 
thenoite; 2 
grexcsc; 2 
nãosomosumafraquejada; 2 
arrascapuskás; 2 
anitanao; 2 
timelulu; 2 
analytics; 2 
ciscoconnectbr; 2 
joaonatvgazeta; 2 
palxcru; 2 
cbf; 2 
debatesbtrio; 2 
mauricio1477; 2 
grexcru; 2 
calaabocacirodenovo; 2 
ripmacmiller; 2 
aragongp; 2 
assedioéhabitonopensi; 2 
eueocigarro; 2 
runtastic; 2 
elesempre; 2 
ahs; 2 
barra; 2 
ufc228nocombate; 2 
eusoutudomenoslula; 1 
edilsonbarrigadecadela; 1 
mineirao53anos; 1 
boulos; 1 
quemdera; 1 
fatoincontestável; 1 
45merendeiro; 1 
haiti; 1 
diadoreporterfotografico; 1 
vitor; 1 
últimahora; 1 
reporterfotografico; 1 
destinovv; 1 
50milnoarruda; 1 
semanavv; 1 
vamosubirsanta; 1 
santacruz; 1 
beberibeemchamas; 1 
aerocoral; 1 
canalha; 1 
debatedeaparecida; 1 
pederastiasim; 1 
sabadoelitedosdv; 1 
buzios; 1 
bodysurf; 1 
mm25; 1 
mourãonaglobonews; 1 
tumafederal; 1 
tumajunto; 1 
tuma1079; 1 
palmeirasfreguesmatamata; 1 
cptm; 1 
david2022; 1 
trpalestra; 1 
issoésãopaulo; 1 
esporteespetacular; 1 
gazetatricolor; 1 
jr; 1 
bolsonarodobrasil; 1 
merevoltoquando; 1 
nelsonrubens; 1 
meirelles; 1 
lotus; 1 
vb77; 1 
fos; 1 
mega17; 1 
stopthegif; 1 
drivenbyeachother; 1 
senna; 1 
gol; 1 
bokunohero; 1 
saoxflu; 1 
crossstitch; 1 
fb; 1 
crossstitching; 1 
embroidery; 1 
pontocruz; 1 
magic_stitches; 1 
crossstitchaddict; 1 
heritagecrafts; 1 
anchormouliné; 1 
omeletemeu; 1 
domingoehdiade; 1 
saturdaynight; 1 
masterpão; 1 
aguasclaras; 1 
lulan; 1 
gyn; 1 
linfoma; 1 
malbec; 1 
tapioca; 1 
ovo; 1 
gasolina; 1 
amusementpark; 1 
caipirinha; 1 
cuscuz; 1 
talkei; 1 
porreta; 1 
almoçomeu; 1 
bora; 1 
euapoioaintervenção; 1 
sejahomem; 1 
diganaoahaddad; 1 
haddadelenao; 1 
voltalucasp; 1 
pianist; 1 
musicians; 1 
kawai; 1 
tuesdaymotivation; 1 
sobpressão; 1 
vitorinha; 1 
vitóriaqueamo; 1 
vitóriasualinda; 1 
zeroum; 1 
juntossomosmaisfortes; 1 
dragonballsuperbrolyofilme; 1 
oesxacg; 1 
soudragão; 1 
rodaaroda; 1 
bandesporteclube; 1 
debatesbt2018; 1 
sórisosband; 1 
belíssima; 1 
casosdefamília; 1 
horarioeleitoral; 1 
adoooooooooroooooooo; 1 
doarsangue; 1 
fortalezacombolsonaro; 1 
direitavemdegraca; 1 
boldonaro17; 1 
direitaamordaçada; 1 
estudeparaprova; 1 
estudemparaaprova; 1 
nenhumcorruptoeleito; 1 
somostodoslactose; 1 
naovaitergolpevaiterzero; 1 
melhorjairsehaddaptando; 1 
valecuspirfogoemmarcoaurélio; 1 
rasgandooverbonasegunda; 1 
domingaodofaustao; 1 
perfeito; 1 
spygate; 1 
minhabandeirajamaisseravermelha; 1 
jaireleitojá; 1 
timebolsonarosc; 1 
casiquemouraoeasolucao; 1 
governadordobolsonaro17; 1 
designers; 1 
graphicdesign; 1 
pngtree; 1 
jaguarsvsgiants; 1 
foreveralone; 1 
princesinha; 1 
duuuval; 1 
amigão; 1 
lamentavel; 1 
jesusfreak; 1 
loucosporjesus; 1 
opnectar; 1 
flaxsccp; 1 
turmadopagodenotvz; 1 
elitedangerouscore; 1 
doençadesgraçada; 1 
safc; 1 
uel; 1 
mancity; 1 
efc; 1 
sco21s; 1 
dancingbrasil; 1 
vergonhaesquerdista; 1 
teambonner; 1 
leopaimnão; 1 
whpperspective; 1 
luxury; 1 
savannah; 1 
poesiabetaamigos; 1 
toronto; 1 
cinvsbuf; 1 
spafrancorchamps; 1 
surfenaespn; 1 
sanmarinogp; 1 
riverxfox; 1 
superclássico; 1 
sim; 1 
portlandgp; 1 
bocaxfox; 1 
yudinosportv; 1 
river; 1 
carlinhosmaianotvz; 1 
vamosbaeta; 1 
chape; 1 
tite; 1 
flaxvas; 1 
timedeelite; 1 
leão; 1 
esquemagambá; 1 
artilharia; 1 
jngameover; 1 
vemcomojoão30; 1 
vaiquecolaep04; 1 
klopp; 1 
raizéservasco; 1 
romann1; 1 
coach; 1 
absichieldspiele; 1 
gigantenomaraca; 1 
semfiltro; 1 
semmake; 1 
pennywise; 1 
it; 1 
nofiltre; 1 
cearapacifico; 1 
sorte; 1 
ameosanimais; 1 
goldopeixe; 1 
pazporfavor; 1 
dialindo; 1 
vacinaçâo; 1 
plantoucolheu; 1 
sextalinha; 1 
ge; 1 
leianosanta; 1 
futebolcomchurras; 1 
espéciemarinanãodá; 1 
infelizmenteestácedoparaamoedo; 1 
coronénãodá; 1 
nãofizemosnadaderrado; 1 
chuchunãodá; 1 
delabomboneranonosvamos; 1 
chauangelici; 1 
vivaelfulboargentino; 1 
siriconfantino; 1 
animalessueltos; 1 
lavercup; 1 
vagas; 1 
censurando; 1 
sofrida; 1 
bac; 1 
naoreeleja; 1 
lulaepresidario; 1 
vídeo; 1 
sabedoria; 1 
eunaoconfionasurnaseletronicas; 1 
floridacup; 1 
gospurs; 1 
coys; 1 
adeusdinheirofobia; 1 
kane; 1 
20desetembro; 1 
boulosaovivo; 1 
serena; 1 
diadofolclore; 1 
hojetem; 1 
piauígate; 1 
significa; 1 
cyberpunk; 1 
acabouapas; 1 
penharol; 1 
repassem; 1 
jairoujaera; 1 
ordemdodia; 1 
capitãoestádepé; 1 
googledoodle; 1 
floripa; 1 
semanadapátria; 1 
diadosoldado; 1 
obrigadosoldado; 1 
guerradospelados; 1 
contestado; 1 
jornalismoagora; 1 
debateguaiba; 1 
bahxint; 1 
ballenas; 1 
puntadeleste; 1 
thesocialcelebrity; 1 
reptourarlington; 1 
theconfbr; 1 
mulheressemmedo; 1 
alutaépravaler; 1 
inlove; 1 
deixacirofalar; 1 
nazistasnãopassarão; 1 
indico; 1 
eufalopalavrões; 1 
todoscontraopt; 1 
lgbtqtwiter; 1 
vigovodeo; 1 
crimestats; 1 
ciromerepresenta; 1 
ttr; 1 
utilidadepública; 1 
humor; 1 
mudança; 1 
somostodosciro12; 1 
empatia; 1 
ocoiso; 1 
bora12; 1 
presidente12; 1 
bosonazi; 1 
crush; 1 
sucesso; 1 
amoedocomciro; 1 
vigovideo; 1 
somostodosciro; 1 
competencia; 1 
cioerência; 1 
boulosnatvaparecida; 1 
filme; 1 
presidente; 1 
camerarecord; 1 
microservices; 1 
lambda3; 1 
docker; 1 
guerreiro; 1 
balancogeralmg; 1 
afp; 1 
trazovaldiviatialeila; 1 
corisco; 1 
ocangaço; 1 
corregedoria; 1 
generalmoúrao; 1 
brasilacimadetudoedeusacimadetodos; 1 
gayanwillians; 1 
vemhexa; 1 
àvosbaguettes; 1 
climate; 1 
esporteésaúde; 1 
environment; 1 
fantasticbeasts; 1 
angesincera; 1 
vacinaréproteger; 1 
colombian; 1 
wandsready; 1 
professor; 1 
centraldaseleições; 1 
maislidas; 1 
unfolowja; 1 
énoix; 1 
debatebandrs; 1 
chavesnomultishowep88; 1 
pelohexa; 1 
chapolinnomultishowep86; 1 
chapolinnomultishowep88; 1 
milanroma; 1 
forzanapolisempre; 1 
napolimilan; 1 
sexta; 1 
netflixdown; 1 
ficoputoquando; 1 
jogoaberto; 1 
quintaelitedosdv; 1 
bolzonaro; 1 
daciolo51; 1 
brasilqueeuquero; 1 
ellocobolso; 1 
thursdaynight; 1 
sdvseeuficasserico; 1 
vaidatudocerto; 1 
invocaodomal; 1 
gloriaadeus; 1 
voucomciro12; 1 
bbdiego; 1 
dalelike; 1 
ceara; 1 
hajapaciência; 1 
15dami; 1 
huracán; 1 
juegahuracán; 1 
metas; 1 
encuestaestación; 1 
aldosivi; 1 
union; 1 
sub20naespn; 1 
banfield; 1 
sanlorenzo; 1 
elglobo; 1 
argentina2019; 1 
voleinosportv; 1 
superliga; 1 
hinchada; 1 
vem2019; 1 
bocajuniors; 1 
estación; 1 
eusim; 1 
elecomctznao; 1 
elassempre; 1 
elassim; 1 
elecertoquenao; 1 
panco; 1 
velocidademata; 1 
vaiterciclovia; 1 
bolsonaronunca; 1 
49ers; 1 
ufc; 1 
snootchallenge; 1 
ciscogsx; 1 
digital; 1 
ministeriopúblico; 1 
sdwan; 1 
digitaltransformation; 1 
future; 1 
icymi; 1 
transformation; 1 
leaders; 1 
tamonotacho; 1 
ohomemecaradepau; 1 
doente; 1 
lismaria; 1 
palestraitalia; 1 
vivanospotify; 1 
meirellesnaveja; 1 
amoêdonaveja; 1 
marinanaveja; 1 
ciro12nodebateaparecida; 1 
perseguicao; 1 
falundafa; 1 
tradiçãosteakpointsaturday; 1 
commeuvotonão; 1 
canalzinhodemerda; 1 
tchausisos; 1 
miltonfriedman; 1 
tvgazeta; 1 
diadecantarprogrêmio; 1 
maisrepublica; 1 
freemarket; 1 
usopen18; 1 
herewego; 1 
linha24arnaldo; 1 
homeoffice; 1 
ecommerce; 1 
nodejs; 1 
ruby; 1 
remote; 1 
javascript; 1 
nestjs; 1 
squads; 1 
backend; 1 
elementor; 1 
rubyonrails; 1 
renatamaravilhosa; 1 
mansplaining; 1 
postenão; 1 
celebrity; 1 
spon; 1 
gasolinar; 1 
manchester; 1 
ps4live; 1 
erafã; 1 
sdvcomteamdetremura; 1 
segundadatremurasdv; 1 
rambersonsilvamarketingdigital; 1 
ganhar; 1 
noticiaurgente; 1 
estoudesempregado; 1 
trânsitorj; 1 
marketingdigital; 1 
empreededorismolucrativo; 1 
retuwitaragora; 1 
rambersonteajuda; 1 
vaiterreviravolta; 1 
novelajesus39; 1 
ficaroberta; 1 
ficaheaven; 1 
diadosexo; 1 
ficatiaanapaula; 1 
pernaoca; 1 
spitzalemao; 1 
sacosemfundo; 1 
spitz; 1 
poms; 1 
luludapomerania; 1 
meuamor; 1 
twitterparcial; 1 
culhões; 1 
nuff; 1 
sho; 1 
cafe; 1 
livre; 1 
corações; 1 
palavra; 1 
liberdade; 1 
respirologoinexisto; 1 
mister; 1 
noelrosa; 1 
guaratuba; 1 
morretes; 1 
cwc; 1 
cfc; 1 
supplychain; 1 
geraldogrêmio; 1 
juansí; 1 
choradourado; 1 
keynes; 1 
nadapodesermaior; 1 
vamoimprimidinhero; 1 
yesjohn; 1 
lixo; 1 
eleiçoes2018; 1 
haddademanu13; 1 
requião151; 1 
battlefield; 1 
tirolesachinapark; 1 
riverdale; 1 
atletico; 1 
galopelomundo; 1 
tired; 1 
dianaross; 1 
meirellesgeek; 1 
getthestrap; 1 
deusvult; 1 
equipegeek; 1 
petropolis; 1 
elesimb17; 1 
bolsonaronaoécorrupto; 1 
billclinton; 1 
berlinmarathon2018; 1 
publi; 1 
opróximopasso; 1 
smokeyandthebandit; 1 
burtreynolds; 1 
ponitac; 1 
glasurit; 1 
transam; 1 
fomeporjustiça; 1 
santoeindepediente; 1 
circuitão; 1 
fsler; 1 
shred; 1 
guitarra; 1 
accept; 1 
parabensibira; 1 
cover; 1 
melhordatarde; 1 
musicacomconteudo; 1 
somanimal; 1 
bio; 1 
sp1ibira; 1 
formatura; 1 
ballstothewall; 1 
rockparacriancas; 1 
davidneres; 1 
plantarhaddadécolherbolsonaro; 1 
sóacho; 1 
casamentobruevini; 1 
bolsanaronoprimeiroturno; 1 
reagebrasil; 1 
sanxspo; 1 
amorpelafotografia; 1 
amorpelafilmagem; 1 
lovemyjob; 1 
muscle; 1 
designerdeinteriores; 1 
casacorrio2018; 1 
qualidadedevida; 1 
arquitectura; 1 
gym; 1 
arquitetura; 1 
pegafooooooogoocabaré; 1 
ficaarnaldo; 1 
afilaanda; 1 
jogoperigoso; 1 
cetadoido; 1 
acredite; 1 
buddyholly; 1 
comigoninguemtoddy; 1 
terrafutebol; 1 
jornalextra; 1 
ligadoamusica; 1 
geniodohabibs; 1 
jornalanhaguera; 1 
caiado25; 1 
ondaazul; 1 
érenovação; 1 
carreatazé45; 1 
5555tánápalmadamão; 1 
bomcenso; 1 
jornal; 1 
jataígoiás; 1 
faltadeluzrio; 1 
rushhashanah; 1 
roshhashanah; 1 
rush; 1 
cslewis; 1 
bible; 1 
projectnatick; 1 
embraer; 1 
né; 1 
cc2019; 1 
chartstorm; 1 
iceland; 1 
americanoticias; 1 
mundo; 1 
toscana; 1 
nazista; 1 
porto; 1 
portugalmasters; 1 
guerratour; 1 
evolución; 1 
mundocerati; 1 
medicos; 1 
guerra; 1 
history2; 1 
bonito; 1 
lagoslegacy; 1 
vaticano; 1 
psicologo; 1 
vatican; 1 
psicopata; 1 
alemanha; 1 
portuguesa; 1 
camera; 1 
remedios; 1 
caribe; 1 
ilhascaribe; 1 
homem; 1 
piscina; 1 
foto; 1 
sereshumanos; 1 
mundoestranho; 1 
tokio; 1 
humanos; 1 
experience; 1 
pesca; 1 
turismodeaventura; 1 
psicologia; 1 
portugal; 1 
turismonacional; 1 
praia; 1 
medicinaantiga; 1 
caribemexicano; 1 
medicina; 1 
ilhas; 1 
portuseguridad; 1 
alaska; 1 
turisme; 1 
forçadede; 1 
forçacr7; 1 
libertadroes; 1 
jesuscristo; 1 
amormaior; 1 
todahonraegloriaadeus; 1 
almoço; 1 
pm; 1 
novaforçateam; 1 
noivinha; 1 
pmesp; 1 
jiujitsu; 1 
bjj; 1 
uaejjf; 1 
espetinho; 1 
terceirão2018; 1 
eagles; 1 
indvsphi; 1 
grexbot; 1 
magic; 1 
berber; 1 
bedouin; 1 
bolívar; 1 
temblor; 1 
corxcam; 1 
vcfjuve; 1 
chorei; 1 
amoedonojornalnacional; 1 
sempaciência; 1 
simnospodemos; 1 
brasilprecisasabervotar; 1 
midiamanipuladora; 1 
nanotechnology; 1 
vamosmengão; 1 
esportv; 1 
teamo; 1 
lol; 1 
ceaxcor; 1 
delechallenge; 1 
flanafinal; 1 
mulheresnaciência; 1 
rumo2019; 1 
graphene; 1 
trump; 1 
ufos; 1 
celeirodeases; 1 
ufosighting; 1 
mariellevive; 1 
mariellefranco; 1 
mdb; 1 
timefláviodino; 1 
futebolnaespn; 1 
partiutupi; 1 
lingeriemixbrasil; 1 
esporteemdiscussao; 1 
brasileironaeuropa; 1 
brasileñosenmadrid; 1 
brasileirosemmadrid; 1 
brasileñoenespaña; 1 
brasileno; 1 
flaxgre; 1 
habemussemifinal; 1 
globoinimigadopovo; 1 
bolsonaropresidente17da; 1 
elenaoe; 1 
souc2; 1 
bilete; 1 
graçaaraujo; 1 
conferenciainspire2018; 1 
paulopreto; 1 
niallhoran; 1 
bottledupweek; 1 
allihavefinal15; 1 
prettylittleliars; 1 
bumblebeemovie; 1 
dgdna; 1 
theflash; 1 
r1teenawards; 1 
talklikeapirateday; 1 
onceuponatime; 1 
lpfirsttime; 1 
imaginedragonszero; 1 
wutchuwant; 1 
sponsored; 1 
allihave; 1 
nationalcheeseburgerday; 1 
frow; 1 
supergirl; 1 
jeansforgenesday; 1 
thacarterv; 1 
dgwomenss19; 1 
dolcegabbana; 1 
lacostecenturycity; 1 
worldalzheimersday; 1 
alckmincovarde; 1 
lulavre; 1 
léo; 1 
diadobaterista; 1 
gatodoido; 1 
preguiça; 1 
yeshim; 1 
cironagazeta; 1 
mulheresfoda; 1 
model; 1 
acarta; 1 
fernandabrum; 1 
instaboy; 1 
t1tan10; 1 
like4follow; 1 
asusbrasil; 1 
backto5; 1 
zenfone5; 1 
loiro; 1 
zenfone4; 1 
likeforfollow; 1 
lovewins; 1 
cânions; 1 
josérico; 1 
estradadavida; 1 
yellow; 1 
okd; 1 
wowcopaamerica; 1 
daratumumab; 1 
multiplemyeloma; 1 
elenaoestapreso; 1 
josoares; 1 
guilhermearantes; 1 
tmjcombolsonaro; 1 
nadafez; 1 
ahoradotroco; 1 
facebookfail; 1 
nadafaz; 1 
senadorandré200; 1 
sergipe; 1 
opinião; 1 
beliscaesolta; 1 
desgoverno; 1 
coragempramudar; 1 
johnnycash; 1 
wc1982; 1 
jerryleelewis; 1 
carlperkins; 1 
royorbison; 1 
egyptstation; 1 
prouni; 1 
haddanao; 1 
propósito; 1 
saber; 1 
terça; 1 
mindset; 1 
itu; 1 
cabreuva; 1 
notsorry; 1 
lightlifestyle; 1 
estradaparque; 1 
sorry; 1 
souseufã; 1 
pedalandoporai; 1 
ptgate; 1 
thewitcher; 1 
r6pl; 1 
gofontt; 1 
circuitofemininor6; 1 
diadevasco; 1 
br6; 1 
gugacast; 1 
imaginajuntas; 1 
nósvozeles; 1 
tocomciro12; 1 
cirogomespresidente; 1 
tôcomciro12; 1 
nãoépiada; 1 
pcdobnãomerepresenta; 1 
loucagolpista; 1 
oposiçãometalúrgicabetim; 1 
geraldopimentanão; 1 
mariliamendonça; 1 
dilmasenadora; 1 
cirogomesé12; 1 
tamojuntoeleições2018; 1 
katiaabreu12; 1 
forçabolsonaromasmeuvotoéciro12; 1 
vanessaportugalsenadora; 1 
horadamudança; 1 
semlulavoucirogomes12; 1 
morrevagabundo; 1 
lizziemcguire; 1 
cornellmba; 1 
vaimudarquando; 1 
vocêsnão; 1 
psl17; 1 
championsrise; 1 
baleias; 1 
kimi7; 1 
welcomekimi; 1 
mandaopodicrê; 1 
vemformatura; 1 
vemfomatura; 1 
masapaixãoéimprescritível; 1 
habitatnaturaldorapaz; 1 
oguriládafloridavaiformar; 1 
calabocaanitta; 1 
libs17; 1 
esquerdanunca; 1 
essatanobolso17; 1 
bandidonãotemvoz; 1 
pensesobre; 1 
plagiarism; 1 
bastadepalhaçada; 1 
foramdb; 1 
ciroounada; 1 
melhorjairarregando; 1 
semviolência; 1 
maisdiálogomenosagressão; 1 
simciro; 1 
lulamanuelahaddad; 1 
boicoteàredeglobo; 1 
fildik; 1 
minhacelaminhavida; 1 
shooter; 1 
verguenzacomenmbol; 1 
vamosdehipocrisia; 1 
onudefendebandido; 1 
foifeio; 1 
vaiacabaramamata; 1 
onugarantelulanacadeia; 1 
alerj; 1 
albertovalentim; 1 
cadeaonunavenezuela; 1 
onuvaisepreocuparcomcuba; 1 
quehomem; 1 
onunaomandanobrasil; 1 
infratores; 1 
tevez; 1 
rumoaohexa; 1 
facebookmessenger; 1 
inbound18; 1 
seo; 1 
mondaymotivaton; 1 
sales; 1 
smallbusinesses; 1 
inbound2018; 1 
custserv; 1 
mondaymotivation; 1 
entrepreneurship; 1 
semrushlive; 1 
messengermarketing; 1 
mpb2b; 1 
ufsmm; 1 
instagram; 1 
linkedin; 1 
productivity; 1 
webinar; 1 
success; 1 
rumoaosegundoturno; 1 
joao; 1 
sbtjornalismo; 1 
pista_limpa; 1 
café; 1 
hackeado; 1 
roraima; 1 
tbtreze; 1 
batukadareunida; 1 
churrascodotelo; 1 
solidariedade; 1 
gretschdrums; 1 
generosidade; 1 
nãosomosdesajustados; 1 
seficarputoepior; 1 
ocapitāovoltou; 1 
abreoolhobrasileiros; 1 
coxinhaxmortadela; 1 
30semanas; 1 
somostodosroger; 1 
chupaleoni; 1 
fechadocomciro; 1 
fechocomciro12; 1 
cironodebateaparecida; 1 
luckygirl; 1 
afcxfla; 1 
janainapaschoal17317; 1 
vote17317; 1 
themaletvstar; 1 
luismariz; 1 
remembergreys; 1 
justinchambers; 1 
eymaelnosdebates; 1 
teenwolf; 1 
greys14onnetflix; 1 
haddad17; 1 
marina17; 1 
alckmin17; 1 
lulusantos; 1 
manobrow; 1 
elenaoteucu; 1 
rememberpjo; 1 
serano1turno17; 1 
ética; 1 
horadepôrcafé; 1 
votoimpressoja; 1 
censurado; 1 
averdadelogoaparece; 1 
ditaduradapaulinha; 1 
luisasonzanomorning; 1 
woodynomorning; 1 
valescanomorning; 1 
ébomjairseacostumando; 1 
1turno17; 1 
ciro_gomes_12; 1 
noblatchuparola; 1 
blocknonoblat; 1 
b2k18; 1 
roxfree; 1 
worldcup; 1 
novelajesus42; 1 
usmle; 1 
visualabstract; 1 
chupatite; 1 
recadodolula; 1 
hungria; 1 
ruoanetpraquemprecisa; 1 
rouanetpraquemprecisa; 1 
tretatalks; 1 
52milhoesdecurtidas; 1 
florida; 1 
infernonãoexiste; 1 
uniãodotwittersegueeusigodevolta; 1 
trance; 1 
psychedelic; 1 
rave; 1 
psytrance; 1 
processamarcoantoniavilla; 1 
boldonaro1ºturno; 1 
euapoiozikafilho; 1 
pcvasconcellos; 1 
oitavas; 1 
positiveleadership; 1 
themessagebible; 1 
ripjournalism; 1 
cartoladadepressão; 1 
livecfd; 1 
desafioinca; 1 
numdiacomohoje; 1 
dekuip; 1 
dino; 1 
feyenoordstadium; 1 
diadaárvore; 1 
rafc; 1 
spartarotterdam; 1 
dilmanão; 1 
sgd1953; 1 
antwerpfc; 1 
sgdhsv; 1 
hsv; 1 
falso; 1 
rotterdam; 1 
coyi; 1 
stadionfeijenoord; 1 
dubnation; 1 
seahawks; 1 
haveaday; 1 
sunsmediaday; 1 
dalvssea; 1 
toco; 1 
bestofnba; 1 
nbabrasil; 1 
official; 1 
genarowlands; 1 
missdandme; 1 
annebancroft; 1 
melbrooks; 1 
ingridbergman; 1 
bettedavis; 1 
johncassavetes; 1 
cabodaciolo51; 1 
seriepolicial; 1 
estremozeditora; 1 
alyriocobra; 1 
pai; 1 
boasemana; 1 
analú; 1 
paidemenina; 1 
thiagovalério23463; 1 
governodorio; 1 
analu; 1 
governador; 1 
filhosherançadosenhor; 1 
parouniversitario; 1 
insólito; 1 
buendomingo; 1 
caloteirofifa; 1 
elessimehnacadeia; 1 
combatafakenews; 1 
programmerhumor; 1 
sorrindopravida; 1 
techlover; 1 
code; 1 
igrejacatólica; 1 
instatech; 1 
csharp; 1 
programming; 1 
coding; 1 
programmer; 1 
luizmarinho; 1 
nossasenhoradefatima; 1 
nossasenhoraaparecida; 1 
naoaideologiadegenero; 1 
chupalula; 1 
java; 1 
programmers; 1 
tech; 1 
ideadevelopers; 1 
javascipt; 1 
softwaredeveloper; 1 
programminglife; 1 
php; 1 
monza; 1 
developer; 1 
doria; 1 
jornaldajoice; 1 
aceitamoscartão; 1 
make; 1 
chesapeakeshores; 1 
chessiesbr; 1 
teamam; 1 
rolee; 1 
seremoscampeões; 1 
trabby; 1 
vemprimavera; 1 
teamclasse; 1 
liberemoguerrero; 1 
hearties; 1 
whencallstheheart; 1 
educacaofinanceira; 1 
seguros; 1 
financiamento; 1 
betoalbuquerque400; 1 
ucldraw; 1 
sumiu; 1 
kdvc; 1 
teamthales; 1 
iphonexs; 1 
alert; 1 
embreagem; 1 
dia29elenão; 1 
superarquivo; 1 
greysdepressao; 1 
milhõescontrabolsonaro; 1 
polícia; 1 
hero; 1 
hlf18; 1 
dnj2018; 1 
vaiterresitência; 1 
17sim; 1 
finoallafine; 1 
cr7juve; 1 
anastasiano1ºturno; 1 
voudegeraldo; 1 
duarte45450; 1 
6mesessemresposta; 1 
chargedopaixão; 1 
quemmatouanderson; 1 
flaviosenador177; 1 
europeunited; 1 
balkans; 1 
men; 1 
serbia; 1 
tgif; 1 
kosovo; 1 
crisiswatch; 1 
women; 1 
eu; 1 
westernbalkans; 1 
chicosenador; 1 
euacreditonogordinho; 1 
thescififantasyshow; 1 
pca2018; 1 
conversacomroseannkennedy; 1 
forçaanita; 1 
turismosummit2018; 1 
calabocapt; 1 
energy; 1 
monacogp; 1 
vangogh; 1 
observatóriodoclima; 1 
forzaferrari; 1 
waste; 1 
mondaymorning; 1 
aquecimentoglobal; 1 
saturn; 1 
amnc18; 1 
india; 1 
rdrj; 1 
cantagalo; 1 
comlurbnãopara; 1 
copacabana; 1 
encrencaemfamilia; 1 
gazetaestadaojpciro12; 1 
desdearriba; 1 
agendaunicamp; 1 
180diassemmarielle; 1 
ensaioaberto; 1 
mandamanipular; 1 
elaselis; 1 
legalizejá; 1 
opvostok; 1 
eventos; 1 
boasortecebolinha; 1 
queremosaquarta; 1 
martathebestword; 1 
salãodefestas; 1 
grêmioégigante; 1 
jaelcruel; 1 
vamoscebolinha; 1 
melhordobrasileirão; 1 
segueomico; 1 
issoégrêmio; 1 
jaelpescador; 1 
grêmioforte; 1 
diadepescaria; 1 
grêmiogigante; 1 
reidaamérica; 1 
geromel; 1 
sounovosouamoedo; 1 
millôr; 1 
colocolo; 1 
naçãobrasileira; 1 
kim2555; 1 
arthur25555; 1 
sweetener; 1 
witnessthefinale; 1 
cierraramirez; 1 
oinego; 1 
gointz; 1 
repdominicana; 1 
memoriaps; 1 
usopenxespn; 1 
rouanet; 1 
chuparedeglobo; 1 
gohabsgo; 1 
nfldraft; 1 
paulocésarbaruk; 1 
tocadaraposa3; 1 
vamoslabestia; 1 
forçapresidente; 1 
laroubonera; 1 
conmebolvaitomanocu; 1 
febreprobolsonaro; 1 
trindadepelorio; 1 
direitaunidajamaisserávencida; 1 
marinanoplanalto; 1 
joaoderly1818; 1 
vamosjuntoscommarina18; 1 
lanceminas; 1 
orgulhoderibeirão; 1 
bogotá; 1 
lulahaddadmanu13; 1 
mul; 1 
elenãoestásozinho; 1 
elanãoécorrupto; 1 
dica; 1 
cirão2018; 1 
fraude; 1 
breaking; 1 
girodarodada; 1 
santosreage; 1 
benjaaaaaa; 1 
álvarodias2019; 1 
ladygaganofantastico; 1 
voltapaulonobre; 1 
104anosdehistoria; 1 
instagrambug; 1 
maiorcampeaodobrasil; 1 
roma; 1 
endirecto; 1 
realmadridroma; 1 
francia; 1 
forcaguerreiro; 1 
cbb; 1 
realmadrid; 1 
sónamisericórdia; 1 
nãoaruanete; 1 
anitanão; 1 
artistasfacistas; 1 
ruanetenão; 1 
desafiodanielamercuredevolverodinheirodaleiruanet; 1 
tendência; 1 
mude; 1 
gigantespornatureza; 1 
cirolindogomes; 1 
somostodoslula; 1 
ciroetico; 1 
cirãonosegundoturno; 1 
eferiadoeeu; 1 
ibge; 1 
euapoio; 1 
alckmimtoforabocudo; 1 
amizadexpoesiasdv; 1 
vaiserno1oturno; 1 
alckmimtofora; 1 
cirolixo; 1 
sessãodatarde; 1 
tvcultura; 1 
asaventurasdepoliana092; 1 
cidade; 1 
topgame; 1 
tvfama; 1 
horárioeleitoral; 1 
tenhodito; 1 
zorra; 1 
record; 1 
quepobrestãoricos; 1 
silviosantos; 1 
becnaband; 1 
showdafé; 1 
comosempre; 1 
brasilurgente; 1 
malhação; 1 
novelajesus; 1 
domingoespetacular; 1 
luzdosol; 1 
emqualmentiravouacreditar; 1 
vidanosmundoscongelados; 1 
petquefazfeliz; 1 
maedepet; 1 
quetardeboa; 1 
omalley; 1 
queamigamaravilhosa; 1 
quesialindo; 1 
gêmeos; 1 
ripmac; 1 
democracyday; 1 
eyshila; 1 
vaiamanhecer; 1 
jesus; 1 
centralgospelmusic; 1 
deusfiel; 1 
rodadafox; 1 
anaamelia; 1 
dream; 1 
comemoraçãodamadi; 1 
vibe; 1 
musico; 1 
korgrk100s; 1 
pradoco; 1 
keytar; 1 
ruanmansur; 1 
sertajeno; 1 
prado; 1 
korg; 1 
bolsonaro2017; 1 
carreatabolsonaro; 1 
bolsonarolimoeirodonorte; 1 
lulapresidentedopresidio; 1 
baixo; 1 
bass; 1 
youtubers; 1 
cantar; 1 
violão; 1 
acousticguitar; 1 
violao; 1 
robô; 1 
contrabaixo; 1 
videoaulas; 1 
vocal; 1 
aulas; 1 
keys; 1 
robot; 1 
teclado; 1 
keyboard; 1 
youtuber; 1 
copalibertadores; 1 
futebolsulamericano; 1 
medodociro; 1 
vocenosrepresenta; 1 
falagentili; 1 
danilogentilli; 1 
calabocacatchimbo; 1 
chamaoamoedo; 1 
haddadéladraoigualula; 1 
forcaanita; 1 
bemvindofelippe; 1 
me; 1 
foralomba; 1 
girl; 1 
recordaréviver; 1 
brazilian; 1 
dormirei; 1 
g1santacatarina; 1 
atacamaisalckimin; 1 
vaisefuderciro; 1 
sororokas; 1 
chicobuarqueemfortaleza; 1 
reclamoaquinotwitterpq; 1 
followfriday; 1 
wwe2k19ratingreveal; 1 
wwe2k19; 1 
kingmaxelforwwedabut; 1 
queremosofimdaonu; 1 
ethereum; 1 
erc20; 1 
ico; 1 
litecoin; 1 
vemprarua; 1 
ciromentiroso; 1 
hojenahistóriadogalo; 1 
ficabobfernandes; 1 
uberlandia; 1 
desbravadores; 1 
naovamosnoscalar; 1 
tamujuntas; 1 
thefameturns10; 1 
conhecimento; 1 
resiliencia; 1 
logunan; 1 
pombagira; 1 
madraseditora; 1 
laroyeexu; 1 
orixa; 1 
oxalá; 1 
equilibrio; 1 
nana; 1 
deixemeir; 1 
axé; 1 
oxossi; 1 
caboclas; 1 
sougrato; 1 
engracado; 1 
laroyê; 1 
engraçados; 1 
adestramentocanino; 1 
aceita; 1 
umbandasagrada; 1 
perdoe; 1 
nanãburuquê; 1 
tenhafé; 1 
guardioes; 1 
oxala; 1 
exuéenergiaévida; 1 
sejagrato; 1 
orixas; 1 
obaluaê; 1 
caboclos; 1 
ogum; 1 
perdoemais; 1 
sejaluz; 1 
sejagratosempre; 1 
sarava; 1 
livrariacultura; 1 
oxóssi; 1 
oxossiécaçador; 1 
okê; 1 
zueira; 1 
reidasmatas; 1 
iemanjá; 1 
oxumare; 1 
exuémojuba; 1 
aceitaoqueé; 1 
umbandaecaridade; 1 
mojubá; 1 
exú; 1 
laroye; 1 
deixeir; 1 
soudenanãeuá; 1 
okearô; 1 
umbandasaber; 1 
guardiões; 1 
exuécaminho; 1 
iemanja; 1 
choreiderir; 1 
partidodostrabalhadores; 1 
aceitação; 1 
adestramento; 1 
oqueficaéoamor; 1 
saravá; 1 
orixá; 1 
exu; 1 
felicidade; 1 
exunaoediabo; 1 
exumirim; 1 
umbanda; 1 
resiliênciahumana; 1 
orixas_umbanda; 1 
perdao; 1 
mojuba; 1 
umbandamagia; 1 
alexandrecumino; 1 
adestrar; 1 
resilienciahumana; 1 
choreilargado; 1 
xango; 1 
lulaéhaddad; 1 
oxum; 1 
voto17; 1 
7daysofgreys; 1 
vidasaudavel; 1 
ftwd; 1 
the100; 1 
alimentacaosaudavel; 1 
lowcarb; 1 
prayforbolsonaro; 1 
tqp; 1 
deathofanation; 1 
aécio2010; 1 
aécio2014; 1 
votoaeciopelobr45il; 1 
aeciopresidente; 1 
bozo; 1 
aecio2010; 1 
recalculei; 1 
fifpro; 1 
ronaldinhoart; 1 
world11; 1 
alex_brunelly; 1 
nãoéapenasfutebol; 1 
g1piaui; 1 
americafuerte; 1 
pordosol; 1 
friodaporra; 1 
neuquen; 1 
pneu; 1 
mercosul; 1 
rn40; 1 
amanhecer; 1 
myview; 1 
lago; 1 
ba; 1 
colours; 1 
bomgosto; 1 
paisagem; 1 
americadosul; 1 
beleza; 1 
floresta; 1 
espelhodagua; 1 
roadtrip; 1 
madeira; 1 
napraia; 1 
trilha; 1 
dajanela; 1 
snowboarding; 1 
vista; 1 
circuitochico; 1 
naturaleza; 1 
bariloche; 1 
bycar; 1 
caminodelacancha; 1 
encantada; 1 
ladeira; 1 
villalaangostura; 1 
sendero; 1 
noteolvides; 1 
phrases; 1 
boludos; 1 
sanmartin; 1 
cartel; 1 
winter; 1 
latino; 1 
tonowhere; 1 
chuva; 1 
7lagos; 1 
ensinamento; 1 
lagoescondido; 1 
reflexo; 1 
cerrocatedral; 1 
carretera; 1 
caminando; 1 
nahuelhuapi; 1 
ontheroad; 1 
parque; 1 
sietelagos; 1 
passado; 1 
passeio; 1 
snowboard; 1 
escultura; 1 
bici; 1 
flowers; 1 
achei; 1 
natureza; 1 
4x4; 1 
aventura; 1 
job; 1 
diversao; 1 
elcamino; 1 
montanha; 1 
ski; 1 
lagoa; 1 
somosmarina; 1 
bailando; 1 
havefun; 1 
cerro; 1 
naestrada; 1 
cerejeiras; 1 
southamerica; 1 
nofilter; 1 
decoracao; 1 
mensagem; 1 
canon7d; 1 
memoria; 1 
cultura; 1 
patagonia; 1 
cadebambi; 1 
bosque; 1 
tubbing; 1 
agua; 1 
sunrise; 1 
water; 1 
message; 1 
mountain; 1 
trabalharehbom; 1 
sobetudo; 1 
arriba; 1 
diadesol; 1 
verde; 1 
voto18; 1 
pink; 1 
mercado; 1 
amarok; 1 
climademontanha; 1 
azul; 1 
merchan; 1 
caruaru; 1 
blogdoadrianoluiiz; 1 
notíciaeentretenimento; 1 
blogdoadrianoluiz; 1 
soundcloud; 1 
forwardatlantic; 1 
desabafo; 1 
diegocomentagostei; 1 
esportefantástico; 1 
kitesurfingmusic; 1 
terremotorr; 1 
boringf1; 1 
terremotonavenezuela; 1 
terremoto; 1 
somostricolordeportoalegre; 1 
opovodecide; 1 
lulatelove; 1 
13denovo; 1 
luladenovo; 1 
é13p0h4; 1 
terraélula; 1 
contraofascismo; 1 
borahaddad; 1 
comaforçadopovo; 1 
vemmaisporai; 1 
bailebom; 1 
mlmgateway; 1 
real; 1 
networkmarketingleads; 1 
us; 1 
dicks; 1 
free; 1 
instant; 1 
sell; 1 
get; 1 
us19; 1 
mccainmemorial; 1 
usa19; 1 
walmart; 1 
prayforvasco; 1 
prayfordanilo; 1 
lulanoinferno2018; 1 
mbl; 1 
cbm; 1 
aqueleabraço; 1 
manusofreumachismo; 1 
salveobrasil; 1 
bolsomario2108; 1 
confiamosemvoce; 1 
fazenda; 1 
consumismo; 1 
criança; 1 
maternidade; 1 
aartedoencontro; 1 
canalbrasil; 1 
gestação; 1 
amigossonsepalavras; 1 
infânciaeconsumo; 1 
renaultseguerenault; 1 
vuejs_london; 1 
codenewbie; 1 
imdb; 1 
100daysofcode; 1 
photooftheday; 1 
fashion; 1 
instagood; 1 
beautiful; 1 
preocupado; 1 
debatebanddf; 1 
gogunners; 1 
tecmundo; 1 
ciro2turno; 1 
sãoluis406; 1 
tecle13eganheum17; 1 
eeuu; 1 
meupetistafavorito; 1 
bolsonaroeleito1º; 1 
paulinhoff100; 1 
mengão; 1 
paescabralpezãotemer; 1 
reidoaçaí; 1 
grandão; 1 
juntossomosumrio; 1 
diganaoaopt; 1 
trnossopalestra; 1 
domingãodoverdão; 1 
beemo; 1 
ecmascript; 1 
ocaml; 1 
reactjs; 1 
community; 1 
quill; 1 
reactnative; 1 
reactsp; 1 
videogameday; 1 
react; 1 
adventuretime; 1 
nationalvideogameday; 1 
styledcomponents; 1 
relay; 1 
nãoaguentogenteque; 1 
teamjeniffer; 1 
chegadeagrotóxicos; 1 
voltabigode; 1 
florencepets; 1 
euqueroomeuvascodevolta; 1 
nevertheeye; 1 
justsaying; 1 
gazetaestadãojp; 1 
goodtrouble; 1 
lulaébandido; 1 
temer; 1 
jornaldanoite; 1 
cbn1; 1 
falarefacil; 1 
ti8br; 1 
overwatchoriginsedition; 1 
forçaguerreira; 1 
vergonhacbf; 1 
sad; 1 
pesquisadatafolha; 1 
cayxão; 1 
agostoacabandoeeu; 1 
betalab; 1 
fofocalizando; 1 
batalab; 1 
timbetalab; 1 
kamilly14umrei; 1 
betaajudabeta; 1 
campeõesnacionais; 1 
goiasesporteclube; 1 
ovotonarecord2018; 1 
agrorecord; 1 
agoradaredação; 1 
goiânia; 1 
goiás; 1 
suits; 1 
fazerobemfazbem; 1 
boradebike; 1 
ratinhonoporchat; 1 
quebrasilvocêquerparaofuturo; 1 
sabatinasnoglobo; 1 
cbftv; 1 
win; 1 
ciroptesidente; 1 
serieb; 1 
dreamsofprs; 1 
apexbrasil; 1 
livery; 1 
rokugan; 1 
digitalart; 1 
reddeadredemption; 1 
mage; 1 
greypilgrim; 1 
lordoftherings; 1 
saturdaymorning; 1 
wizard; 1 
senhordosaneis; 1 
fanart; 1 
sda; 1 
l5r; 1 
orientaladventures; 1 
rpg; 1 
gandalf; 1 
starwars; 1 
lotr; 1 
reciprocidade; 1 
ffgroupmaroon5; 1 
iheartradiommvas; 1 
myloveforever; 1 
aquecequilmes18; 1 
bolsonaronaglobo; 1 
felizcombolsonaro; 1 
vamuinter; 1 
prazeresdamesa16anos; 1 
fondue; 1 
prazeresdamesa15anos; 1 
suavidaimporta; 1 
dicas; 1 
torta; 1 
decoração; 1 
mojito; 1 
exercicios; 1 
prarever; 1 
baúdasaúde; 1 
drinque; 1 
culinaria; 1 
receitas; 1 
gevas; 1 
braxesa; 1 
otempo; 1 
depxflu; 1 
poster; 1 
background; 1 
photo; 1 
businesses; 1 
graphics; 1 
flyer; 1 
restaurant; 1 
asiacup; 1 
brochure; 1 
usavmex; 1 
bitcoinnews; 1 
trumprally; 1 
logo; 1 
loking; 1 
fiverr; 1 
changing; 1 
ahvaz; 1 
killingeve; 1 
sandraoh; 1 
mulhercombolsonaro; 1 
diadetricolor; 1 
vamosfluzão; 1 
osdonosdabola; 1 
novoclipeiza; 1 
gibi; 1 
omissionário; 1 
graficnovel; 1 
vamovamointer; 1 
zapzap; 1 
encrencaemfamia; 1 
lapizzadiroma; 1 
rufini; 1 
materiaprima; 1 
toystory3; 1 
reassistindotudocomofilho; 1 
fútbol; 1 
colven; 1 
vo; 1 
aquinotwittereu; 1 
mulherescomamoedo; 1 
meucapitão; 1 
sercbrasilfa; 1 
ondevamosparar; 1 
dalenobts; 1 
nossaselecao; 1 
ficardeolho; 1 
bemamigos; 1 
castanheiras; 1 
informação; 1 
precisoamar; 1 
passandofome; 1 
quemderaeu; 1 
hipocrita; 1 
filhodaputa; 1 
lulanuncamais; 1 
ootarionista; 1 
gleisinacadeia; 1 
noprimeiroturno17; 1 
paraquetafeio; 1 
bndes; 1 
santomerendeiro45; 1 
iso27001; 1 
grateful; 1 
miraclesofmusic; 1 
guob; 1 
lucifersaved; 1 
luciferonnetflix; 1 
djokoloco; 1 
exnamtv; 1 
votemeirelles15; 1 
rjtv; 1 
lobomau; 1 
lutavio; 1 
boletimmatutino; 1 
bonoro; 1 
mostraonuglobo; 1 
lulalivrejá; 1 
macmiller; 1 
laika; 1 
americanas; 1 
bodercollie; 1 
conselheirodajbs; 1 
quemapoiacorruptotambémé; 1 
redangus; 1 
pirata; 1 
elesdefinitivamentenão; 1 
elecomcertezanao; 1 
religiaosempartido; 1 
pittyrainha; 1 
anittalsoverparty; 1 
hdsportster; 1 
hd883; 1 
paranáinovador; 1 
b747; 1 
harleycuritiba; 1 
garajeclandestino; 1 
oitooitotres; 1 
streetrod; 1 
gutosilva; 1 
street750; 1 
r55; 1 
politicadeumjeitosimples; 1 
bolognesi; 1 
pénaestrada; 1 
harley883; 1 
sportster; 1 
psd; 1 
paraná; 1 
políticadeumjeitosimples; 1 
ratinhojunior; 1 
harleyofinstagram; 1 
melhoralbumpop; 1 
jairfazendoasmalas; 1 
equipe; 1 
taxaomeirelles; 1 
alívio; 1 
marinamaquiada; 1 
malafaiamentiu; 1 
anittanaomerepresenta; 1 
algunsdefeitos; 1 
rmcity; 1 
zédarecaída; 1 
donamaria; 1 
conceptcar; 1 
dindindin; 1 
aimeusfilhos; 1 
flaxvit; 1 
mulambos; 1 
shownagávea; 1 
timedetradição; 1 
quartz; 1 
garotosdoninho; 1 
flaxcha; 1 
flabasquete; 1 
arquibancadaincendeia; 1 
noch; 1 
soccer; 1 
polonia; 1 
bayern; 1 
münchen; 1 
einmal; 1 
italy; 1 
memória; 1 
hoffenheim; 1 
gioco; 1 
fussball; 1 
football; 1 
danke; 1 
incêndio; 1 
bolsonaro17no1turno; 1 
liberdadepratorcer; 1 
timãodavirada; 1 
tôdentro; 1 
gecorinthians; 1 
revoltadasbistecas; 1 
gistemp; 1 
temperature; 1 
dataviz; 1 
obrasilquepedala; 1 
calabocagentilidenovo; 1 
queremospaz; 1 
nãosouumafraquejadasouofuturodanação; 1 
cironavirada; 1 
queremosciro; 1 
agorasouciro; 1 
f; 1 
laliganaespn; 1 
uefa; 1 
mccatra; 1 
botafogo; 1 
pesquisa; 1 
horariodeverao; 1 
entretenimento; 1 
pesquisaeleitoral; 1 
pingonosis; 1 
pf; 1 
chaoecoense; 1 
manueladavila; 1 
melhordomundo; 1 
justicaeleitoral; 1 
jornalggn; 1 
caes; 1 
chapecoense; 1 
romero; 1 
whatsapp; 1 
golpe; 1 
novela; 1 
radiobandeirantes; 1 
pets; 1 
fifa; 1 
cr7; 1 
gilberto; 1 
cachorros; 1 
fernandohaddad; 1 
bobmarley; 1 
vintagereggae; 1 
dontworryaboutathing; 1 
vvs18; 1 
prayer; 1 
fridaymotivation; 1 
landacope; 1 
tropicalstormflorence; 1 
freeandrewbrunson; 1 
324eltemps; 1 
senado; 1 
nesteeuconfio; 1 
bolsonaropresidentepartiupracima; 1 
pedraonaespn; 1 
festivallulalivresp; 1 
criatianismoverdadeiro; 1 
vagãofeminino; 1 
sójesus; 1 
maracanã; 1 
bigbrotherbrasil; 1 
apoiehaddademanu; 1 
hp; 1 
maraca; 1 
harrypotter; 1 
favelavive3; 1 
virtualreality; 1 
mr; 1 
building; 1 
justiçaedireito; 1 
accessibility; 1 
chateados; 1 
candidarosbolsonaro; 1 
esquerdacafonerrima; 1 
gay1; 1 
megacurioso; 1 
palindromo; 1 
risotto; 1 
riso; 1 
osteriavecchia; 1 
risoto; 1 
cibo; 1 
ricettaitaliana; 1 
osteriavecchiasr; 1 
cipolla; 1 
comidaboa; 1 
comida; 1 
cotechino; 1 
superclasicoxfox; 1 
voleimasculino; 1 
deixaneiempaz; 1 
saopaulo; 1 
harrystyles; 1 
directioners; 1 
ficacampelo; 1 
direiraunida; 1 
chupajuliocesarsantos; 1 
sou17enãosourobô; 1 
queremostransparêncianessaseleições; 1 
folhafakenews; 1 
agoratremaesquerdalha; 1 
stopthebias; 1 
onovoéoptdelaranja; 1 
emiliosantiago; 1 
gracaeterna; 1 
mirodamuribeca; 1 
forcagraca; 1 
esquerdadiario; 1 
gracaaraujo; 1 
estadosunidos; 1 
unidadepopularpelosocialismo; 1 
quebrandootabunognt; 1 
votoemmarinapq; 1 
estadao; 1 
tatudociro; 1 
boradecirãodamassa; 1 
ciropresidentepdt; 1 
cironouol; 1 
edlp; 1 
sebastianvettel; 1 
foratite; 1 
juntorporbolsonaro; 1 
capitãovotou; 1 
thinkingofyouweek; 1 
difference; 1 
soacho; 1 
tadeboa; 1 
tudobem; 1 
sóvem; 1 
dicadedestino; 1 
umavezpormês; 1 
fechadocomogalo; 1 
setembrovermelho; 1 
qual; 1 
maragogi; 1 
tudbem; 1 
sabatinaestadaofaap; 1 
vai_ser_no_primeiro_turno_jb17; 1 
melhor_jair_se_acostumando; 1 
continuapreso; 1 
caradepal; 1 
resumãoantagonista; 1 
partiubeirario; 1 
maranatha2018; 1 
milhoescombolaonaro; 1 
soniaguajajaranajp; 1 
manumeuovo; 1 
ainternetnãoesquece; 1 
otimismo; 1 
sódandoprints; 1 
legalizemobullyingporfavor; 1 
muitomenosesse; 1 
aqueletambemnão; 1 
cigarboxguitar; 1 
campanhadevacinaçãocontrapoliomielite; 1 
pulaessa; 1 
politicostodosiguais; 1 
bluezzzz; 1 
vixi; 1 
militontos; 1 
chupasociedade; 1 
nemesseaí; 1 
pesquisemsobreosdonosdospartidos; 1 
tudoigual; 1 
ooutronão; 1 
frederico; 1 
joias; 1 
chriszupelli; 1 
joiasfinas; 1 
esmeralda; 1 
aisim; 1 
abraçoportras; 1 
manuéjaburu; 1 
purocheirinho; 1 
zona; 1 
deyversãodamassa; 1 
naomachucameucu; 1 
fodase; 1 
paguematiadamarmita; 1 
babaddad; 1 
euamopiroca; 1 
flaviodino65; 1 
haddadmanu13; 1 
flaviodinovo; 1 
haddademanuela; 1 
manunujaburu; 1 
nacionalinforma; 1 
afcxvas; 1 
brasileirãoan; 1 
vascoxbahia; 1 
houthis; 1 
iran; 1 
qatar; 1 
terceirizacao; 1 
maismedicos; 1 
gomes; 1 
calabocacaodidato; 1 
calcionatv; 1 
bbsim; 1 
openfuture; 1 
manumasterchef; 1 
chorando; 1 
answernow; 1 
jatenteivariasvezes; 1 
zumbi; 1 
ffartistcamila; 1 
carallo; 1 
ffartistshawn; 1 
55011reinelli; 1 
followthemoney; 1 
reinelli55011; 1 
lulasemprepreso; 1 
lulanacadeiaeinelegiveltse; 1 
lulasemcachaca; 1 
lulaforadaeleicao; 1 
lulavaiencontraramarisa; 1 
lulasemcachaça; 1 
onuvaitomarnocu; 1 
bioinformatics; 1 
yoursiteisbroken; 1 
gameover; 1 
bodo; 1 
norway; 1 
openindexprotocol; 1 
science; 1 
evolution; 1 
encryption; 1 
tor; 1 
arjenkamphuis; 1 
privacy; 1 
lai; 1 
joaomanuel; 1 
podemos; 1 
joao1922; 1 
joãomanuel; 1 
deputadofederal; 1 
deputados; 1 
brasilordemeprogresso17; 1 
mourao17; 1 
aceitaodesafiodaniela; 1 
forçabrasil; 1 
votoconsciente; 1 
nãovotonaonda; 1 
novonosdebates; 1 
riograndedosul; 1 
guiñazúinfinit40; 1 
piquete; 1 
oluxodogaucho; 1 
diadogaúcho; 1 
acampamentofarroupilha; 1 
bridgeovertroubledwater; 1 
foragesus; 1 
sailonsilvergirl; 1 
maisims; 1 
batmanday; 1 
paulsimon; 1 
madisonsquaregarden; 1 
teammoradoreslocais; 1 
depressao; 1 
cvv; 1 
pugb; 1 
manunojaburuéteucú; 1 
foracomunistas; 1 
temeréalckmin; 1 
bolsonaronospingos; 1 
euestou; 1 
suicídio; 1 
happybirthdaymisha; 1 
mishabirthdayparty; 1 
palmeirense; 1 
deixaelatrabalhar; 1 
masterchefbrasil; 1 
threeseasinitiative; 1 
steinmeier; 1 
prediction; 1 
soteu; 1 
bolsomitoooo; 1 
goeseast; 1 
nordstream2; 1 
bbcswitchoff; 1 
forthenation; 1 
believeinbritain; 1 
trendreversal; 1 
tatip; 1 
hungary; 1 
bbcnews; 1 
cryptocurrency; 1 
conservatism; 1 
duda; 1 
patriotism; 1 
polexit; 1 
bucharest; 1 
lab18; 1 
europeanparliament; 1 
rhinos; 1 
shia; 1 
キングテレサ姫; 1 
セガtgs2018; 1 
森久保乃々; 1 
輿水幸子; 1 
龍が如く; 1 
龍オン; 1 
quepreguiça; 1 
aindabemqueeujácasei; 1 
quedemônio; 1 
intensivaproenem; 1 
rickribeiro; 1 
direita; 1 
esquerda; 1 
direitaseguedireira; 1 
itatiaia; 1 
vamosjuntosatéosconfinsdaterra; 1 
equipew12; 1 
marchaprajesus; 1 
w12; 1 
juntosprofetizandoqueentreoreidaglória; 1 
pirapaz; 1 
waldez12; 1 
aquiésãopauloporra_x_; 1 
l7; 1 
burgerking; 1 
segue; 1 
trellez; 1 
saoxcea; 1 
vempromorumbi; 1 
ciropresidete; 1 
alckmintambemnão; 1 
ruanetnao; 1 
deadpool2; 1 
forumgazetadopovo; 1 
melhorespessoas; 1 
cnc; 1 
himym; 1 
vamosvencernáutico; 1 
olharrecife; 1 
nautico; 1 
riparethafranklin; 1 
starbucks; 1 
paixão; 1 
diadospais; 1 
guerreiroscampeões; 1 
sep; 1 
pslms; 1 
b3; 1 
traders; 1 
dólar; 1 
winfut; 1 
daytrade; 1 
teammetodogod; 1 
trader; 1 
trade; 1 
wearesst; 1 
dolfut; 1 
psl2018; 1 
bmf; 1 
metodogod; 1 
bolsonaromito; 1 
noregrets; 1 
rolltide; 1 
collegenaespn; 1 
naoehclassicoehbaile; 1 
liberaocaldeirao; 1 
nãoéclássico; 1 
spurs; 1 
odiocontraosbrancos; 1 
39a; 1 
sojesussalva; 1 
astrothreadbr; 1 
htv7; 1 
falconheavy; 1 
segundaelitedosdv; 1 
espaço; 1 
prova; 1 
marte; 1 
goldentour; 1 
fausto; 1 
amo; 1 
reallife; 1 
letsgo; 1 
vaiterviradamarinasilva; 1 
entãoquem; 1 
makebrazilzueraagain; 1 
rouanettparaquemprecisa; 1 
euquerobolsonaro17; 1 
bolsonaropredidente17; 1 
sanatoriogeral; 1 
freestufffriday; 1 
runefest2018; 1 
avepjo; 1 
happybirthdaypercy; 1 
lebateauivreflorianopolis; 1 
videoshow; 1 
maisumpedaço; 1 
owwc2018; 1 
nikefootball; 1 
bornmercurial; 1 
chivsaz; 1 
nomeacuerdo; 1 
miraquienbaila; 1 
semjairjaera; 1 
lulacondenadoinelegivel; 1 
trbeirario; 1 
museudaquintadaboavista; 1 
toddphillips; 1 
dicasdefilmes; 1 
alcapone; 1 
agentsmith; 1 
críticarápida; 1 
carlochim; 1 
joaquinphoenix; 1 
fonzo; 1 
thematrix; 1 
moscow; 1 
matrix; 1 
trinity; 1 
a4; 1 
tomhardy; 1 
diab; 1 
roughsea; 1 
eleitoral; 1 
urnaeletrônica; 1 
respectthewater; 1 
trnilton; 1 
segurança; 1 
beer; 1 
craftbeer; 1 
somosavanti; 1 
criasdaacademia; 1 
melhorjaircomprando; 1 
elesiiiiiiim; 1 
sabadoédia; 1 
oscar; 1 
msmarvel; 1 
marvelrising; 1 
stelfreeze; 1 
noahcentineo; 1 
falabrasil; 1 
ratinho20anos; 1 
recordtv65anos; 1 
primeiromilagredejesus; 1 
ostentei; 1 
agt; 1 
retweet; 1 
ibnjv5anos; 1 
ibnjardimveneza; 1 
avivaósenhortuaobra; 1 
éogrêmio; 1 
forabarbiere; 1 
ksivlogan; 1 
minecraftdegraça; 1 
blastcraft; 1 
ksivsloganpaul; 1 
cautelacãodidato; 1 
fodaseaonu; 1 
fuckun; 1 
alckmin45; 1 
daciologloriaadeus; 1 
boulos50; 1 
alckmim45; 1 
geraldonojg; 1 
inrisim; 1 
partiuginasticaolimpica; 1 
amoessetipodejornalismo; 1 
mglu3; 1 
cairosantosnovikingsamanhã; 1 
usscalister; 1 
creativeartsemmys; 1 
botw; 1 
blackmirror; 1 
megaman11; 1 
hyperlightdrifter; 1 
undertale; 1 
novsatl; 1 
switch; 1 
cello; 1 
axiomverge; 1 
vikingspackers; 1 
instagramers; 1 
embaixadorchegou; 1 
parádeminasmg; 1 
gusttavolima; 1 
losangeles; 1 
forzainter; 1 
praiadecarneiros; 1 
interforever; 1 
universalstudios; 1 
carneiros; 1 
portodegalinhas; 1 
tripshow; 1 
capelasaobenedito; 1 
maracaipe; 1 
theoffice; 1 
intertottenham; 1 
sampdoriainter; 1 
weekend; 1 
vegas; 1 
interspurs; 1 
staplescenter; 1 
tirinhas; 1 
tirinha; 1 
quadrinhos; 1 
rádiolivre; 1 
mg; 1 
guaxupé; 1 
crítica; 1 
mclan2018; 1 
zonasfrancas; 1 
nãoerafan; 1 
basomga; 1 
maiorcampeãodocentrooeste; 1 
dezoumil; 1 
pracima; 1 
boaxgoi; 1 
solteirão; 1 
morningglory; 1 
jamiroquai; 1 
sobremesa; 1 
táserto; 1 
tgoun; 1 
trwndtopics; 1 
liguedja; 1 
paçoquita; 1 
souotipodepessoaq; 1 
gilmarmendes; 1 
somostodosvaleriasantos; 1 
masterchef; 1 
donjuan; 1 
virgem; 1 
sabadinho; 1 
mpsp; 1 
analistampsp; 1 
câncer; 1 
forçapauloquilombola; 1 
eall; 1 
inutero; 1 
renatorusso; 1 
hermano3; 1 
luxxxanos; 1 
legiãourbana; 1 
sóorocksalva; 1 
lendasnascememsetembro; 1 
ansiedade; 1 
pegaleão; 1 
brasileirãoassaí; 1 
menosquirido; 1 
varpaputaquepariu; 1 
chinelagem; 1 
cryliv; 1 
ficabigode; 1 
alvinegro; 1 
g1parana; 1 
chama; 1 
riotapajós; 1 
bolsonaroiswarrior; 1 
bolsonaroémito; 1 
meveja; 1 
santosfc; 1 
fantasmanafinal; 1 
damigol; 1 
leostrondateam; 1 
grupoagua; 1 
leostrondanafazenda; 1 
teamgabiprado; 1 
leostronda; 1 
イナズマジャパンにこの人を; 1 
栗松鉄平; 1 
bellator204; 1 
foxfightclub; 1 
educaçãoumcaos; 1 
bivisibilityday; 1 
hogwartstnt; 1 
enfermagem2018; 1 
chegadeprivilegios; 1 
ppmp; 1 
coroné; 1 
방탄소년단; 1 
answerin1day; 1 
얼쑤좋다; 1 
generationunlimited; 1 
magicshopeuquero; 1 
아미5기; 1 
btsloveyourselftour; 1 
sorteio; 1 
kcamexico; 1 
unga; 1 
ffgroupbts; 1 
지화자좋다; 1 
army; 1 
rm; 1 
btsxunitednations; 1 
youth2030; 1 
sorteio_npomv; 1 
answerin4days; 1 
theanswerishere; 1 
genunlimited; 1 
love_yourself; 1 
2toques; 1 
patria; 1 
foraebm; 1 
tocomciro; 1 
gagamilano; 1 
gagamilanofriend; 1 
foravalentim; 1 
drake; 1 
scorpion; 1 
saltbae; 1 
teamciro; 1 
lulaiinelegivel; 1 
2semanas; 1 
é17; 1 
letsgoliquid; 1 
vocesvaoterquemeengulir; 1 
cinvsind; 1 
feb; 1 
chivsgb; 1 
nflensina; 1 
sdgs; 1 
mulherdefrases; 1 
frasesfernandamello; 1 
feminismo; 1 
relacionamentoabusivo; 1 
princesaderua; 1 
textos; 1 
krash; 1 
empoderamentofeminino; 1 
metaopé; 1 
frasedodia; 1 
quotes; 1 
fimderelacionamento; 1 
lutecomoumagarota; 1 
sororidade; 1 
quotesaboutlife; 1 
fernandamello; 1 
quoteoftheday; 1 
relacionamento; 1 
issonaoehamor; 1 
amarépunk; 1 
frasefernandamello; 1 
trechosdelivros; 1 
frases; 1 
acluvoter; 1 
nycvotes; 1 
primaryday; 1 
bronx; 1 
fimdaregressao; 1 
marina2018; 1 
emmy2018; 1 
melhorseriedramatica; 1 
malhacao; 1 
vidasbrasileiras; 1 
ciropresidentedeverdade; 1 
cirosegundoturno; 1 
ciropdt; 1 
ciro12presidentedobrasil; 1 
nemapaujuvenal; 1 
cirono2turno; 1 
jumentodecarga; 1 
cearamelhorideb; 1 
haddeus; 1 
unblockdesperado; 1 
クッパ姫; 1 
bowsette; 1 
noticia; 1 
residencial; 1 
안엑컴_365일_같이듣자_365; 1 
whowatchesthewatchmen; 1 
setembroamarelotweetsdobem; 1 
minutemen; 1 
watchmen; 1 
nerdcaststories; 1 
fab; 1 
gerfra; 1 
gerper; 1 
facadanademocracia; 1 
diemannschaft; 1 
allianzarena; 1 
kc390; 1 
soribadaawards2018; 1 
we_go_up; 1 
eledejeitonenhum; 1 
fifa18; 1 
amoreterno; 1 
suave; 1 
renatapresidente; 1 
ilhamagnetica; 1 
ibira; 1 
odeiojenteq; 1 
nadúvidadanke; 1 
mouraognews; 1 
forçaehonra; 1 
thenun; 1 
dreamcatcher; 1 
captainamerica; 1 
프로듀스48; 1 
elenaochallenge; 1 
políticadobem; 1 
bolsomaro2018; 1 
votoamoedo; 1 
machinelearning; 1 
ai; 1 
vamosfalardaseleicoes; 1 
balancogeralrj; 1 
balançogeralrj; 1 
temponorj; 1 
anerj; 1 
sensacional; 1 
annerj; 1 
cbfsemmoral; 1 
tragoverdades; 1 
getatme; 1 
pepefrog; 1 
turnup; 1 
rainingblood; 1 
latinamerica; 1 
vaidarmeiahoradecugentili; 1 
timecirogomes; 1 
eusourobodobolsonaro; 1 
imagej; 1 
comsol; 1 
macintosh; 1 
tcc; 1 
meshmixer; 1 
evidencias; 1 
fisicamedica; 1 
outracerveja; 1 
assistam; 1 
braçoforte; 1 
cartatemeraria; 1 
gravíssimo; 1 
maisamorporfavor; 1 
pfemação; 1 
nba2k19; 1 
fallout76; 1 
bgs2018; 1 
fumitoueda; 1 
reddeadredemption2; 1 
blackops4; 1 
phogs; 1 
amd; 1 
review; 1 
catdog; 1 
csgo; 1 
residentevil2; 1 
godofwar; 1 
xbox; 1 
playstation; 1 
mibr; 1 
blackout; 1 
tiduss2yuna4ever; 1 
maid; 1 
ltc; 1 
socosnp; 1 
cobo; 1 
eos; 1 
network; 1 
helpcobo; 1 
colendi; 1 
airdrop; 1 
earnmoney; 1 
lsk; 1 
aelfiego; 1 
iota; 1 
social; 1 
businessman; 1 
trx; 1 
tokeninsight; 1 
criptomoney; 1 
eth; 1 
moac; 1 
eot; 1 
socialnwtwrok; 1 
sfc; 1 
sevillafc; 1 
ficamarcela; 1 
bestfiends; 1 
fortofhardknocks; 1 
babyslugsbigdayout; 1 
blackandwhite; 1 
sequentialartist; 1 
workinprogress; 1 
obrasilquenuncateremos; 1 
choquedecultura; 1 
gmedz; 1 
killyourheroes; 1 
wip; 1 
art; 1 
draw; 1 
sketch; 1 
comics; 1 
operaçãopiloto; 1 
illustration; 1 
marvelcomics; 1 
hq; 1 
inks; 1 
outsider; 1 
digitalinks; 1 
coelho; 1 
diva; 1 
americamg; 1 
cirofilhodeumaputa; 1 
rounetnao; 1 
éjairoujáera; 1 
arquivoelpais; 1 
eletambém; 1 
vouvotarbolsonaro; 1 
usopennosporttv; 1 
arnaldosim; 1 
iwc67; 1 
solascriptura; 1 
talquei; 1 
minha_sexta_sempolitica_épossivel; 1 
obrasilnãoédolulaédopovo; 1 
peterdinklage; 1 
depression; 1 
somebodyexplain; 1 
mnightshyamalan; 1 
alguemmeexplique; 1 
thedragonprince; 1 
suicideprevention; 1 
thankgod; 1 
harvard2022; 1 
queremosvotoimpresso; 1 
debatetvaparecida2018; 1 
bolsonarocomamorecomcoragem; 1 
haddadelulanatv; 1 
iea2018florence; 1 
dallascowboys; 1 
kickante; 1 
zenetoecristianonoaltashoras; 1 
porchatesoecial; 1 
asquartasusamosrosa; 1 
nexxuseventos; 1 
timao; 1 
timaodopovo; 1 
vaicurintia; 1 
bicampeaodomundo; 1 
tgot18; 1 
maiorclássicodobrasil; 1 
maiorclassicodobrasil; 1 
follow; 1 
naminhatvtcl; 1 
foxsportradio; 1 
microcapalert; 1 
enemyofnone; 1 
humorpresal; 1 
mudabrasilmudadeverdade; 1 
blocknovilla; 1 
somosmilhoescombolsonaro; 1 
oremosporvenezuela; 1 
spfotos; 1 
grupodelima; 1 
deleallichallenge; 1 
novasmedidas; 1 
tãodeixandoagentesonhar; 1 
zagallo; 1 
debatemaster; 1 
alckminbandido; 1 
imprensacorrupta; 1 
harrypotternahbo; 1 
naovaiter2turno; 1 
pegunteaojoao; 1 
scrummaster; 1 
scrum; 1 
risk; 1 
culture; 1 
devops; 1 
thauquerido; 1 
cadaminuto; 1 
uniaodospalmares; 1 
admiraçao; 1 
abreoolho; 1 
diadapreguica; 1 
vaipracimadeles; 1 
agoraénopaca; 1 
abaixoopopulismo; 1 
endireitabrasil; 1 
desfaqueamentojá; 1 
muitobom; 1 
jessésouza; 1 
umaboaleitura; 1 
aelitedoatraso; 1 
lula2018; 1 
livronovo; 1 
pt2018; 1 
livro; 1 
professorhaddadpresidente; 1 
laligafoxpremium; 1 
foradubeux; 1 
foradiretoriamerda; 1 
forabeltrao; 1 
wauquiez; 1 
lacdesbrenets; 1 
enough18; 1 
valeurs; 1 
wahlen19; 1 
vaud; 1 
thegoodplace; 1 
5sos; 1 
khloékardashian; 1 
illhavewhatheshavibg; 1 
thedaytimetalkshow; 1 
tartetalk; 1 
thesong; 1 
thecomedyshow; 1 
corinthyano; 1 
thenighttimetalkshow; 1 
themusicvideo; 1 
invasionofprivacy; 1 
therealityshow; 1 
fallontonight; 1 
arianagrande; 1 
thebeautyinfluencer; 1 
kuwtk; 1 
drewbarrymore; 1 
kokosunday; 1 
thelatinartist; 1 
ellendegeneres; 1 
thecountryartist; 1 
thecomedytvstar; 1 
tamoteesperando; 1 
thebingeworthyshow; 1 
blakeshelton; 1 
shakira; 1 
childishgambino; 1 
jamescharles; 1 
notearslefttocry; 1 
astral; 1 
solvirgem; 1 
botaacaranosol; 1 
deusépai; 1 
luacapricornio; 1 
milagres; 1 
astrologia; 1 
waltdisneyworld; 1 
disney; 1 
impeachacriminal; 1 
neyruto; 1 
batonrouge; 1 
animalkingdomdisney; 1 
cancer; 1 
batonrougela; 1 
goats; 1 
disneyland; 1 
louisianalife; 1 
animalkingdom; 1 
yurihawaiano; 1 
louisianaphotographer; 1 
fortwaltonbeachflorida; 1 
trowbackthursday; 1 
fortwaltonbeach; 1 
gonzalesla; 1 
batonrougestylist; 1 
chegounovidade; 1 
buscar_a_liderança; 1 
saindo; 1 
vaiparmera; 1 
saudadedapreta; 1 
aminhavidavaimedaroutra; 1 
nofapsetember; 1 
forarodinei; 1 
ficacuellar; 1 
waluigi; 1 
ciropresidentedobrasil; 1 
debateestadaojp; 1 
raiseyourvoice; 1 
m10; 1 
saudades; 1 
allianzparque; 1 
brunohenrique; 1 
palmeirasstore; 1 
sep1914; 1 
porconosandes; 1 
avantipalmeiras; 1 
san; 1 
telecomitalia; 1 
networks; 1 
dallas; 1 
5g; 1 
5gworld; 1 
attinfluencer; 1 
gornepereba; 1 
joaoamoedo2018; 1 
omaispreparado; 1 
linhadaquinta; 1 
defesaqueninguempassa; 1 
aupfoxfoxsports; 1 
engesp; 1 
dançadosfamososnao; 1 
pikachu; 1 
50milnomaraca; 1 
supervasco; 1 
ficabarbieri; 1 
cangacironão; 1 
feitosdepaixao; 1 
sérieb2018; 1 
anittaweloveyou; 1 
alkmintofora; 1 
internationalorangutanday; 1 
arrasta; 1 
problemaseuclipe; 1 
ondaazul45; 1 
mônica; 1 
sousaovicente; 1 
renovacao; 1 
pontes; 1 
minisermao; 1 
goiásavançamais; 1 
40anosrestauracao; 1 
elenāo; 1 
bolsonarodespreparado; 1 
pergunteaociro; 1 
alckiminpresidente; 1 
rio; 1 
saturday; 1 
bettertogether; 1 
kabbalah; 1 
goodday; 1 
sunday; 1 
relax; 1 
fitnesslifestyle; 1 
goodmorning; 1 
errejota; 1 
resultado; 1 
workout; 1 
maravilhoso; 1 
paparazzi; 1 
voce; 1 
goodfriday; 1 
motivation; 1 
dicadeportuguês; 1 
animacao; 1 
friday; 1 
lawyerlifestyle; 1 
positivevibes; 1 
paradise; 1 
fitneslifestyle; 1 
marombeiros; 1 
agulha; 1 
bomsabado; 1 
teamivete; 1 
brinks; 1 
cartasprajulieta; 1 
teamkevin; 1 
smule; 1 
sótocatop; 1 
boicote; 1 
fortnitebr; 1 
papaivoltou; 1 
soumulherapoiobolsonaro; 1 
tsefacacumpriralei; 1 
ibopesejaneutro; 1 
eunaoapoiobandido; 1 
bolsonarono1turno; 1 
naoaceitamosfraude; 1 
calabocamanueladavila; 1 
foralulaforapt; 1 
annitanao; 1 
elenãovaidarmole; 1 
useminirex; 1 
115anosgremio; 1 
gurideuruguaiana; 1 
nationalaviationday; 1 
embraeranniversary; 1 
maicon; 1 
todosempénaarena; 1 
datafraude; 1 
rapaduralive; 1 
debates; 1 
pequim; 1 
itsrainingman; 1 
oscarperezvive; 1 
soucorinthianaevoto17; 1 
liganaguaíba; 1 
plantãoguaíba; 1 
faltadeluz; 1 
liganaguaiba; 1 
pensepoliticamente; 1 
comerebeber; 1 
showdavida; 1 
semrisadinha; 1 
vejaquedesespero; 1 
ogringoéummentiroso; 1 
ogringoécovarde; 1 
lulazord; 1 
deusmelivre; 1 
vascão; 1 
ogringonãosabeoquefaz; 1 
forasartori; 1 
rolgaciano19533; 1 
nemelenemptciro12; 1 
brasilprafrente; 1 
nemptnembolsonaro; 1 
indio55; 1 
chuchuacabou; 1 
negrosmaravilhosos; 1 
quemeusou; 1 
moronorn; 1 
lulalivre2030; 1 
cyberpunk2077; 1 
soufã; 1 
worship; 1 
russia; 1 
estado; 1 
naotemmeuvoto; 1 
homeschooling; 1 
confirmkavanaugh; 1 
prayforus; 1 
estatudodesarmamento; 1 
islamisbad; 1 
anthem; 1 
prolife; 1 
festivaldegramado; 1 
votecerto; 1 
israelisnotajewishstate; 1 
franceinfo; 1 
tiger; 1 
focanovoto; 1 
catalanrepublic; 1 
haddadcapacho; 1 
cbdaciolo; 1 
madurosejartacontudinero; 1 
ios12th; 1 
catalunya; 1 
jesussaves; 1 
viscacatalunyalliure; 1 
ios_12; 1 
pga2018; 1 
riptwitter; 1 
adeusferiado; 1 
cruzroja; 1 
golfenaespn; 1 
thebest2018; 1 
tigerwoods; 1 
corrupción; 1 
venezuelamigra; 1 
brazilianday; 1 
viscacatalunya; 1 
teambrasil; 1 
lulanãoécandidato; 1 
boliche; 1 
tigerisback; 1 
madurodestructordevzla; 1 
stfcorrupto; 1 
ios12release; 1 
tourchampionship; 1 
luzdomundo; 1 
fedexcupplayoffs; 1 
bolishow; 1 
catalanreferendum; 1 
paris; 1 
pgatour; 1 
espana; 1 
lightson; 1 
fuerzasiria; 1 
jesusislord; 1 
golfcourse; 1 
israeldid911; 1 
catra; 1 
lutopelomuseunacional; 1 
france; 1 
germany; 1 
israeliapartheid; 1 
forcamito; 1 
amoresamor; 1 
winner; 1 
croatia; 1 
haddaddoptfoiopiorprefeitoquesãopaulojáteve; 1 
wearechampions; 1 
daciolo; 1 
tourchampionship2018; 1 
museunacional200anos; 1 
liveunderpar; 1 
thebestawards; 1 
acabouamoleza; 1 
praisesyris; 1 
syrian; 1 
gabiprado; 1 
aquiécruzeiro; 1 
cruzeirosempre; 1 
cruzeirorumoaotri; 1 
evangelosliaras; 1 
cuadernosdelacorrupción; 1 
muertesenadormccain; 1 
nikolauswerz; 1 
papafranciscoenirlanda; 1 
leïlachoukroune; 1 
colapsomercados; 1 
melissagonzalez; 1 
eleccionesbrasil; 1 
corresponsalesenlinea; 1 
juezacusadodeabuso; 1 
marialauraavignolo; 1 
rubensricupero; 1 
attilatanzi; 1 
amenaza; 1 
corresponsalesenlínea; 1 
silvianaishtat; 1 
inmigración; 1 
vaticanoencrisis; 1 
maríasimon; 1 
eleccionesenbrasil; 1 
suecia; 1 
lulacandidato; 1 
rohingyas; 1 
abusos; 1 
maríalauraavignolo; 1 
padreneilodonoghue; 1 
turbulenciaeconómica; 1 
guerracomercial; 1 
macrienusa; 1 
robertochang; 1 
extremaderecha; 1 
alejandrogarro; 1 
huracanflorence; 1 
juezkavanaghgate; 1 
luizgonzagabelluzzo; 1 
usavschina; 1 
trumpimpeachment; 1 
sexismoeneltennis; 1 
chinaenvenezuela; 1 
marcelotasnao; 1 
choosewisely; 1 
venturebeyond; 1 
alphaddicted; 1 
sapsanatomy; 1 
ffxiv; 1 
myjasper; 1 
abstract; 1 
hojenahistória; 1 
sonyalpha; 1 
crimeeleitoral; 1 
censura; 1 
foconavitória; 1 
acimadetudorubronegro; 1 
forabananademelo; 1 
makebrasilgreatagain; 1 
chamemjoao; 1 
nascarnaoecorridadecavalo; 1 
nascarfoxsports; 1 
vitimismo; 1 
privatizatudo; 1 
renaultzoe; 1 
urna; 1 
leftwing; 1 
17neles; 1 
feijuca; 1 
fejuca; 1 
bbpalmeiras; 1 
bbnao; 1 
lucasperrititular; 1 
lucasperrinogoldospfcjá; 1 
presidente2018; 1 
lakeshow; 1 
jogarjunto; 1 
novelajesus41; 1 
angradosreis; 1 
elenaoé; 1 
cirogomes17; 1 
jeanwyllys17; 1 
marinasilva17; 1 
japadocanal; 1 
escoriadasociedade; 1 
haddadnaoelula; 1 
22bpm; 1 
araruama; 1 
queméhaddad; 1 
formacaodequadrilha; 1 
arteinouro; 1 
ouro; 1 
comidajaponesa; 1 
6anos; 1 
porquevocêmerecebrilhar; 1 
varejo; 1 
alianças; 1 
istoévergonha; 1 
gilmarsafado; 1 
corteva; 1 
cortevaagriscience; 1 
cbcpd; 1 
biotecnologia; 1 
chicago; 1 
730am; 1 
alagapoa; 1 
sotmlatam2018; 1 
capiatá; 1 
ptnuncancamais; 1 
naoreelejaninguem; 1 
municípiosgoianos; 1 
empazcomigo; 1 
amutrabalhar; 1 
trabalhoqueamo; 1 
sorindomesmo; 1 
vfeirainternacionaldasesmeraldas; 1 
feiradasesmeraldas; 1 
apoioavida; 1 
apoioargentina; 1 
hipocrisia; 1 
hojenão; 1 
rideno6; 1 
m1to; 1 
ridebing; 1 
readingfestival; 1 
quebratudo; 1 
greatdays; 1 
unidossomosfortes; 1 
alvarodiasnopânicoo; 1 
joãomelquíadesferreira; 1 
thenightingale; 1 
yorgoslanthimos; 1 
hbo; 1 
gramado2018; 1 
jonahhill; 1 
inaciodacatingueira; 1 
thefavourite; 1 
cegoaderaldo; 1 
asherdeiras; 1 
ferrugem; 1 
insecurehbo; 1 
jennifergarner; 1 
festivaldecinema; 1 
jacquesaudiard; 1 
davidtennant; 1 
ozark; 1 
lenadunham; 1 
thesistersbrothers; 1 
emmastone; 1 
robertredford; 1 
afeiticeira; 1 
festivalinternacionaldecinemadeveneza; 1 
maniac; 1 
invocaçãodomal; 1 
breakingbad; 1 
gravandobandas; 1 
segueolidermesmonaosendocolorado; 1 
vasxsan; 1 
vamogremio; 1 
cristiano; 1 
forró; 1 
fudeu; 1 
nordestecombolsonaro; 1 
ptralhas; 1 
faccaocrimimosa; 1 
lugano; 1 
naoaofutebolmoderno; 1 
bauru; 1 
diadogamer; 1 
igaracudotiete; 1 
gamer; 1 
agudos; 1 
botucatu; 1 
barrabonita; 1 
artedaguerra; 1 
corxint; 1 
meuanjoazul; 1 
naopassarao; 1 
autismo; 1 
bolsogatas; 1 
votonulo; 1 
pouquinhopode; 1 
voltaolavo; 1 
voltacomtudo; 1 
molusconacadeia; 1 
diamundialsemcarro; 1 
lulafichasuja; 1 
perf; 1 
linuxdevbr; 1 
linuxdev; 1 
ebpf; 1 
obrasilégeraldo; 1 
fraudedamídiaentevistadeadelio; 1 
capitãobolsonaro; 1 
siliconvalley; 1 
rosanavalle; 1 
cheirinho; 1 
benevidesnaglobo; 1 
reformapolitica; 1 
cironarecord; 1 
dele; 1 
onibuscomarcondicionadoévida; 1 
renatabarreto; 1 
theequalizer2; 1 
ehointer; 1 
éointer; 1 
liderança; 1 
multi; 1 
phoda; 1 
lfc; 1 
familiatradicional; 1 
contraoaborto; 1 
eternoxerife; 1 
vocêsabia; 1 
b017; 1 
mouraonaglobonews; 1 
artistaepolitica; 1 
bolsonario; 1 
tnt; 1 
bolsonaroapoiahacker; 1 
vcconcorda; 1 
somos12ciro; 1 
scorchio; 1 
procurandotetê; 1 
missingtetê; 1 
bluemonday; 1 
newyork; 1 
6music1979; 1 
estoucomciro; 1 
professorciro12; 1 
mulheresrurais; 1 
semneurose; 1 
granaébão; 1 
federal17; 1 
wilson20; 1 
ao555; 1 
fb177; 1 
expertxp; 1 
17ebolsonaro; 1 
adélio; 1 
measles; 1 
emconf; 1 
riphabbid; 1 
riphabbo; 1 
lulanunca; 1 
isentovilla; 1 
forzamilan; 1 
saveearth; 1 
stopinvasione; 1 
stopafricani; 1 
fakenewsgenerators; 1 
ilmioanniversarioditwitter; 1 
linha21; 1 
linha22; 1 
batebola; 1 
siemensconnection; 1 
elesimtodoscontraomal; 1 
esporteinterativomorreu; 1 
quefimlevou; 1 
somotodos22122; 1 
euvotosp22122; 1 
euvoyosp22122; 1 
andreiagoncalves22122; 1 
somostodos22122; 1 
euvotosop22122; 1 
crimesemrespostasmeexplica; 1 
sigameetesigo; 1 
br; 1 
pontanegra; 1 
manaus; 1 
skrulls; 1 
sagitário; 1 
vaiquecolaep20; 1 
braxusa; 1 
evanescence; 1 
jaehfinaldeagostoeu; 1 
euvotob17; 1 
qfuckingdrop; 1 
genebra; 1 
princesa; 1 
filha; 1 
modelomirim; 1 
santateresa; 1 
amorincondicional; 1 
cidademaravilhosa; 1 
bomdiario; 1 
futeboldefavela; 1 
ilhagrande; 1 
paznasfavelas; 1 
tavaresbastos; 1 
paznascomunidades; 1 
modelokids; 1 
terceirização; 1 
glóriaadeuxs; 1 
quazemoro; 1 
quemdissequenogritonaoda; 1 
redetvbolsonaro; 1 
euconfionomito; 1 
voteno30; 1 
machistasnãopassarão; 1 
joaoklebershow; 1 
espanhol; 1 
conmebol; 1 
leads; 1 
onlinemarketing; 1 
wisdom; 1 
bocasuja; 1 
papainoel; 1 
contentmarketing; 1 
prestashop; 1 
grevedoscaminhoneiros; 1 
sidao; 1 
emerson; 1 
clássico; 1 
geraldoalckminpresidente; 1 
geraldosim45; 1 
arrancada45; 1 
collorchaveznao; 1 
facada; 1 
boulosterrorista; 1 
juizdefora; 1 
glamsquadtakestwitter; 1 
bemmenininha; 1 
euescolhodiversão; 1 
oneteam; 1 
fikadika; 1 
playerunknownsbattlegroundsservidordetestepúblico; 1 
playerunknownsbattlegroundslançamentodojogocompleto; 1 
bolsonaroemito; 1 
gnrbts; 1 
bolsocirogay; 1 
decorartehogar; 1 
clubesdv; 1 
gainhighway; 1 
wednesdaymotivation; 1 
theohioplayersproject; 1 
teamtrastorno; 1 
teamdeamigos; 1 
tmpetal; 1 
wenesdaywisdom; 1 
iloveyouandyouloveme; 1 
shoutout; 1 
jen2gain; 1 
ｆｏｌｌｏｗｂａｃｋ; 1 
movie; 1 
ｒｅｔｗｅｅｔ; 1 
stopkavanaugh; 1 
blackmomfavline; 1 
catsoftwitter; 1 
sun_family; 1 
teamhustler; 1 
ifbdrive; 1 
happytuesday; 1 
worldwide; 1 
metoo; 1 
jerritricks; 1 
quartaelitedosdv; 1 
heart_team; 1 
gainwithvin; 1 
gainwithtina; 1 
biopic; 1 
quinndrive; 1 
followtrickbela; 1 
teamunidos; 1 
gain_followers; 1 
foursquarefind; 1 
rumoaohexa2022; 1 
felizdiadaindependencia; 1 
dhsistemas; 1 
workhardanywhere; 1 
vidadesuporte; 1 
cavalo; 1 
aupfoxsports; 1 
corruptosnacadeia; 1 
petrobras; 1 
natiosnatnt; 1 
lbertadoresfoxsports; 1 
sanxsao; 1 
cironoestadao; 1 
nordestecomciro; 1 
sóqnão; 1 
superstar; 1 
todos12; 1 
nossabandeirajamaisseravermelha; 1 
bolsono2010; 1 
beattheseahawks; 1 
beattheraiders; 1 
g1minas; 1 
35anos; 1 
debatebandrn; 1 
flamenguistascontrabolsonaro; 1 
trabalhadorasdafiocruzcontrabolsonaro; 1 
estudantesdafiocruzcontrabolsonaro; 1 
saudecontrabolsonaro; 1 
ceaxsccp; 1 
desistaalckmim; 1 
berkusternopanico; 1 
livpsg; 1 
esquerdaassassina; 1 
conservador; 1 
foraleodiasdatv; 1 
foratvleodias; 1 
àsvezesnosilênciodanoite; 1 
videoaovivoamovcs; 1 
ricoo; 1 
seclassificacorinthias; 1 
aço; 1 
vergonhadesergavioesdafiel; 1 
psdbnuncamais; 1 
dia7voudeamarelo; 1 
anittaarregoupropinkmoney; 1 
mercurydevolvaarouanet; 1 
bolsonaro1oturno; 1 
bolsonaromourão; 1 
votobolsonaro; 1 
luizphilippedeorleansebragança; 1 
bloquear; 1 
eminem; 1 
rap; 1 
enéas; 1 
bolsonaromourão17; 1 
psvr; 1 
feedly; 1 
catolicoorante; 1 
presidentsupervillain; 1 
brasilxeua; 1 
maldives; 1 
dota2; 1 
kanji; 1 
nãoénormalufv; 1 
voltaandre; 1 
novaiguaçu; 1 
festivallulalivre; 1 
fechadocomoecv; 1 
chegadepreconceito; 1 
brasilcommarina18; 1 
premierfc; 1 
emmys70; 1 
clairefoy; 1 
emmynatnt; 1 
meseguemaisgentalha; 1 
vempraruamourão; 1 
neutrão; 1 
felipemelo; 1 
vótánobolso; 1 
dezessetaço; 1 
centrão; 1 
mensalão; 1 
ejairoujaera; 1 
isentão; 1 
dezesseta; 1 
aragua; 1 
19sep; 1 
cicpc; 1 
23sep; 1 
22sep; 1 
mayell; 1 
entérate; 1 
envideo; 1 
lasquenoserinden; 1 
vergonhoso; 1 
gastura; 1 
icantwait; 1 
brasilé12; 1 
brasilécirogomes12; 1 
musicanaband; 1 
curitiba; 1 
matheusekauan; 1 
justiçaimplacavel; 1 
tomselleck; 1 
amazonprime; 1 
okok; 1 
videonews; 1 
brasília; 1 
sãoband; 1 
minhavida; 1 
blueblood; 1 
bouloscomciro; 1 
pdt12; 1 
projetonacionaldedesenvolvimento; 1 
mudeciropresidente; 1 
eaetwitterblz; 1 
segueomito; 1 
natashapresidente; 1 
live; 1 
twitchgirl; 1 
twitch; 1 
twitchtv; 1 
superbikenaespn; 1 
golfnaespn; 1 
chicolatra; 1 
equipeandremonteiro; 1 
mithreadlogia; 1 
chegadavelhapolitica; 1 
sportv; 1 
estamosfritos; 1 
lulaforadacampanha; 1 
nãoexistequeijográtis; 1 
problematização; 1 
ocapitaolevantou; 1 
bbbarbieri; 1 
leao; 1 
calabocageraldo; 1 
encontrofatima; 1 
foralíviaeléodias; 1 
otomegame; 1 
visualnovel; 1 
canavialdepaixões; 1 
pnt; 1 
redemassa; 1 
porchat2anos; 1 
sbtnoticias; 1 
sbtcompartilhe; 1 
vicelider; 1 
sbtcontrafakenews; 1 
maringa; 1 
asaventurasdepoliana089; 1 
torcidaoficialdosbt; 1 
sbtsc; 1 
filmes; 1 
jornalismo; 1 
vicelíder; 1 
zico; 1 
flahistoria; 1 
jimrohn; 1 
ethiopia; 1 
voavoageraldinho; 1 
soybeans; 1 
grlpwr; 1 
superlidas; 1 
nasa; 1 
superchow; 1 
homenagemtribute; 1 
folhalixo; 1 
pmdbrabopreso; 1 
haddadposte; 1 
patriotsbrasil; 1 
nflfantasy; 1 
supercam; 1 
corxfla; 1 
facocampanhadegraca; 1 
elmano13dopt; 1 
aceitaquedoimenos; 1 
silmarcoelho; 1 
soumulhernaovotobolsonaro; 1 
haddedneles; 1 
estadoplay; 1 
nationaldogday; 1 
sasusaku; 1 
naruto; 1 
leagueoflegends; 1 
botxcru; 1 
pracimadelescruzeiro; 1 
perfectworld; 1 
taurus; 1 
uchiha; 1 
nãopassará; 1 
naopassará; 1 
دلع_للدعم; 1 
قروب_المحبه_للدعم; 1 
luladrao; 1 
المقابيل_للدعم; 1 
مملكة_خالد_الهيلا; 1 
قروب_سيف_للدعم; 1 
مملكة_خالد_للدعم; 1 
f2b; 1 
disclosure; 1 
ufo; 1 
media; 1 
kgra; 1 
uruguay; 1 
montevideo; 1 
ahora; 1 
vcperdeuumfã; 1 
direitodefamilia; 1 
planejamentosucessorio; 1 
heranca; 1 
pactoantenupcial; 1 
separacaoobrigaoriadebens; 1 
testamento; 1 
divorcioogravida; 1 
direitosucessorio; 1 
advogado; 1 
divorcioextrajudicial; 1 
regimedebens; 1 
divorcioemcartorio; 1 
direitodassucessoes; 1 
inventario; 1 
separacaodebens; 1 
pensãoalimentícia; 1 
divorcio; 1 
paternidade; 1 
calaabocavilla; 1 
federerxdjokonosportv; 1 
jj12; 1 
vamostrabalhar; 1 
brizolaumnomeumlado; 1 
boapolíticatemnome; 1 
jjgovernador; 1 
vote12; 1 
ahorado12; 1 
arseve; 1 
timebrown; 1 
tiagoleifert; 1 
vasxecb; 1 
marianarios; 1 
cafécomfutebol; 1 
abolapt; 1 
timetelo; 1 
sub19; 1 
eunaprimaveravou; 1 
smn; 1 
compartilhers; 1 
edomex; 1 
cdmx; 1 
elenãoécorrupto; 1 
rf15; 1 
fazermaisparamudarmais; 1 
tôcommarcus; 1 
marriedlife; 1 
figth; 1 
husbandandwife; 1 
cabeludos; 1 
happyday; 1 
professorchristiannajp; 1 
dashboard; 1 
data; 1 
app; 1 
bigdata; 1 
solution; 1 
eduardobolsonaro; 1 
seudinheiro; 1 
pazbarbuda; 1 
tropa; 1 
z2020; 1 
libras; 1 
trbrasil; 1 
estamosjuntos; 1 
cadeamerenda; 1 
nossomosbolsonaro; 1 
17econfirmo; 1 
17noprimeiroturno; 1 
levyfans; 1 
levymundo; 1 
programadoporchat; 1 
chavesnomultishowep104; 1 
despachopostal; 1 
happybirthdaywilliamwlw; 1 
tvtime; 1 
martes; 1 
câmerarecord; 1 
ciroumaporr; 1 
canalsandrorocha; 1 
elevoltou; 1 
mammo; 1 
raiosx; 1 
mri; 1 
radiology; 1 
brasilnauti; 1 
tomografiacomputadorizada; 1 
ressonânciamagnética; 1 
souummoderado; 1 
souhojeumcaranospc; 1 
summitdigitalcdb; 1 
spoilerraiz; 1 
torcedoresaovivosantos; 1 
nãosouumrobô; 1 
capitao; 1 
lulaépresidário; 1 
exercito; 1 
bafometro; 1 
avidavaleapena; 1 
superchef; 1 
jorgeemateus; 1 
corrupcao; 1 
invictafc31; 1 
chato; 1 
individualism; 1 
collectivismkills; 1 
envyisevil; 1 
matogrosso; 1 
ciroekatia; 1 
capelari; 1 
trap; 1 
mariano; 1 
golddemusic; 1 
oficial; 1 
odiodobem; 1 
17já; 1 
nãovaiterfraude; 1 
mita; 1 
chupatiagoleifert; 1 
meubolsominionsecretoaa; 1 
chora; 1 
coringão; 1 
timao108anos; 1 
sejamaishappy; 1 
happynator; 1 
sulamericanafoxsports; 1 
vamossaopaulo; 1 
votoaraxa; 1 
jamal; 1 
ripmgk; 1 
killshot; 1 
malditojamal; 1 
estamoscontigodedé; 1 
semifinal; 1 
internacional; 1 
bancodereservas; 1 
precisoformarlogo; 1 
juizladrao; 1 
contratudoetodos; 1 
brasileirao; 1 
colorado; 1 
galvaonao; 1 
dedéfacts; 1 
ficounocheirinho; 1 
98fc; 1 
euachoétome; 1 
saudadesdotempoqeu; 1 
brincando; 1 
cr7thebest; 1 
forçaannita; 1 
meufeministosecreto; 1 
pecuaria; 1 
brasilforte; 1 
somosdacarne; 1 
intergado; 1 
scotuspick; 1 
stopkavanaughnow; 1 
ibelievechristine; 1 
quintou; 1 
tenhooleodeperoba; 1 
gazetaestadao; 1 
levaprocaldeirao; 1 
nostalgiaciencia; 1 
saidasombrahaddad; 1 
idiota; 1 
abriolho; 1 
ficocomraivaquando; 1 
redeglobo; 1 
anittanothevoicebrasil; 1 
criancaesperanca; 1 
abreolho; 1 
equipeja; 1 
frase; 1 
tercamastersdv; 1 
deusfamiliabolsonaro17; 1 
quintademetrurasdv; 1 
mulherescomdetremura; 1 
quartsdetremurasdv; 1 
ele; 1 
bolsonaosim; 1 
bolsominionsecreto; 1 
novasideias; 1 
vamosriogrande; 1 
borafazer; 1 
go77; 1 
tahitipro; 1 
novoinicio; 1 
geromito; 1 
novasideiasrs; 1 
reidecopas; 1 
agoraéfederal; 1 
forçatransformadora; 1 
omundialélogoali; 1 
causaanimal; 1 
showdarodada; 1 
quesdapolitica; 1 
politiques; 1 
especialmulheres38anos; 1 
maisumpedaco; 1 
4estações; 1 
vocêquerumpsiquiatra; 1 
jogadademestre; 1 
comandosul; 1 
jeffvandermeer; 1 
clock; 1 
fábioparedão; 1 
pregação; 1 
biblia; 1 
pregadores; 1 
referencia; 1 
bdsp; 1 
migreparaalvarodias19; 1 
pray; 1 
cute; 1 
papajoaopauloii; 1 
johnpaulii; 1 
papa; 1 
baby; 1 
joãopauloii; 1 
church; 1 
fofura; 1 
misericórdia; 1 
jpii; 1 
churchpop; 1 
babypray; 1 
aleppo; 1 
oracao; 1 
pope; 1 
grêmiotv; 1 
batman; 1 
twdfamily; 1 
embuscadotetra; 1 
catxgre; 1 
newsong; 1 
venezolanos; 1 
adamwest; 1 
tearsforfears; 1 
signlanguage; 1 
nicaragua; 1 
rolandorzabal; 1 
caiofernandoabreu; 1 
deafeducation; 1 
twd; 1 
rotaeleitoral; 1 
mariadorosario; 1 
mp; 1 
haddadacabarácomlavajato; 1 
haddadvaiacabarcomlavajato; 1 
fimdalavajato; 1 
fakenems; 1 
haddadnacbn; 1 
haddadacabaracomlavajato; 1 
lulalibre; 1 
safety; 1 
warstudiespodcast; 1 
eatickets; 1 
gaming; 1 
patreon; 1 
crowdfunding; 1 
indiegames; 1 
falamesmogentill; 1 
ime; 1 
ita; 1 
falamuito; 1 
zico10; 1 
nossomandato; 1 
novonaprática; 1 
vinhapantanal; 1 
ibnovavidacg; 1 
macedoniofernández; 1 
museu; 1 
istoégente; 1 
nike; 1 
jotafm; 1 
capxflu; 1 
torvla; 1 
zlatan500; 1 
baleiaémeufederal; 1 
baleiadeputadofederal1515; 1 
news23; 1 
shincho; 1 
miosugita; 1 
homensdedireita; 1 
uolesporte; 1 
61milnatoca3; 1 
hurricane; 1 
dfwwx; 1 
lulagato; 1 
lulaéocara; 1 
lulatudibom; 1 
lulalindo; 1 
lularouboumeucoração; 1 
soudeesquerdaporque; 1 
eusouconservador; 1 
wonderwoman; 1 
candidato; 1 
soumulherevotobolsonaro; 1 
jáé; 1 
eleitores; 1 
mentira; 1 
quemnunca; 1 
boaquarta; 1 
spacejam2; 1 
ccrbarcas; 1 
kingjames; 1 
cinefoot2018; 1 
lbj; 1 
bmth; 1 
sabemosquevocêehonesto; 1 
houanetnão; 1 
elasnãomerepresentam; 1 
mulherdeverdade; 1 
vocenãomerepresenta; 1 
eufaçocampanhadegraça; 1 
nao; 1 
estamoscomvocêcapitão; 1 
elasnãomerrpresenta; 1 
pesquisaibope; 1 
garrincha; 1 
hopper; 1 
jpl; 1 
americanart; 1 
orei; 1 
stastv; 1 
pst; 1 
forçagraça; 1 
amôedopresidente; 1 
scrgif; 1 
oreporbolsonaro; 1 
nãovotomais; 1 
feat_nickiminaj; 1 
detestoquandofalam; 1 
answerishere; 1 
joaonagazeta; 1 
facebookparou; 1 
vamosmudartudo; 1 
amoedonagazeta; 1 
queromudartudo; 1 
trindade30; 1 
votenovo; 1 
trintei; 1 
pactospace; 1 
especialmarcelorezende; 1 
pracimadelesgalo; 1 
encrenca; 1 
cruxcam; 1 
cpmf; 1 
skaf; 1 
governadordeverdade; 1 
skaf15; 1 
nãoestacionenafonte; 1 
vote13; 1 
mpn2018; 1 
getyou50dol; 1 
vemmarina; 1 
ciroparaopovo; 1 
éciroounada; 1 
cirodopovo; 1 
katiavice12; 1 
fofox; 1 
drogasno; 1 
congresso; 1 
capitão; 1 
bolsonaroeleitoprimeiroturno; 1 
puskas; 1 
segundacasa; 1 
porumbrasilsempesquisaforjada; 1 
xvideos; 1 
enportada; 1 
popocatépetl; 1 
gato; 1 
bloqueiononoblat; 1 
istoé; 1 
elepreso; 1 
calaabocaciro; 1 
xiaomi; 1 
pizza; 1 
lulanaprisao; 1 
lindberghnao; 1 
mundodd; 1 
facistanãogomesñ; 1 
stf; 1 
possetoffoli; 1 
edição18; 1 
diesel; 1 
greve; 1 
possediastoffoli; 1 
foratodos; 1 
marchepourleclimat; 1 
povosindígenas; 1 
presidio; 1 
haquetemer; 1 
odebrecht; 1 
visita; 1 
lethalweapon; 1 
behindthescenes; 1 
midiaparcial; 1 
mei; 1 
covarde; 1 
vigia; 1 
socialistaraiz; 1 
das; 1 
maduro; 1 
forçagraçaaraújo; 1 
18marina; 1 
elenaocirosim; 1 
parabéns; 1 
presidenteciro12; 1 
diretasjá; 1 
cunha; 1 
aécio; 1 
nemdegraça; 1 
roaunetnão; 1 
danielamercurynão; 1 
danilogentilliparapresidente; 1 
steampunkstyle; 1 
steampunkbrasil; 1 
preguica; 1 
steampunk; 1 
steampunksantos2018; 1 
steampunksantos; 1 
elisim; 1 
esquerdafacista; 1 
soudonadesi; 1 
cat; 1 
solidão; 1 
quintadedetremurasdv; 1 
maldade; 1 
aniversario; 1 
chitãozinhoexororó; 1 
pazdeespirito; 1 
euvoto; 1 
amizades; 1 
m; 1 
boksonaro17; 1 
quartadetremura; 1 
qua; 1 
quintadetremur; 1 
sabdodetremurasdv; 1 
livesemtema; 1 
álvarodias; 1 
haddad13presidente; 1 
calabocamourao; 1 
calaabocamourão; 1 
cf2018; 1 
molon4040; 1 
pequenalis; 1 
édecasa; 1 
am880; 1 
meuesquerdistasecreto; 1 
latribonera; 1 
ripmajor; 1 
16x4; 1 
furiatv; 1 
ódiodobem; 1 
somosmibr; 1 
teamrazer; 1 
belgiumgp; 1 
f2; 1 
silverstone; 1 
gp3; 1 
cirogomesnao; 1 
tbc; 1 
covas191; 1 
joãodárcio19700; 1 
joaodarcio19700; 1 
17confirma; 1 
calabocamarquezine; 1 
calabocaalckmin; 1 
manipulation; 1 
calaabocaalckmin; 1 
votofamíliabolsonaro; 1 
bolsonarobrasil; 1 
insubstituiveltm; 1 
europaleaguefoxsports; 1 
stephenking; 1 
instasp; 1 
nãoépor20centavos; 1 
cyclean; 1 
internalcorruption; 1 
naopassarão; 1 
aesquerdanunca; 1 
binance; 1 
vocenunca; 1 
celsodanielpresente; 1 
editaldeinovação; 1 
estudiosglobo; 1 
camvavel; 1 
eledenovonao; 1 
essatbnao; 1 
elatbnao; 1 
essenao; 1 
ios12; 1 
sabebemoquevempelafrente; 1 
104anosdehistória; 1 
vilabelmiro; 1 
bolsonaronelas; 1 
ajudeamaribel; 1 
tiririca; 1 
poderdaaçao; 1 
paulovieira; 1 
timegrandenaocai; 1 
finalmocidade; 1 
fragas2018; 1 
onepiece; 1 
rolaneles; 1 
alckmintofora; 1 
bbindependencia; 1 
crossfit; 1 
tadificil; 1 
falaingles; 1 
tmafervegano; 1 
redação; 1 
chateado; 1 
terceiraoahu; 1 
redação2018; 1 
independencia; 1 
enem2018; 1 
tiradamonica; 1 
g1tocantins; 1 
inep; 1 
redacaoenem; 1 
7deseptiembre; 1 
diadaamazonia; 1 
sotrackboa; 1 
ahscoven; 1 
somosmarinapresidente; 1 
mandamimos; 1 
metal; 1 
elesporelas; 1 
heforshe; 1 
mateusbandeira; 1 
bandeiranaband; 1 
mcdiafeliz; 1 
churras; 1 
primos; 1 
sanduíche; 1 
espeto; 1 
churrasco; 1 
reforma; 1 
mcdonalds; 1 
mateusbandeiraaovivo; 1 
tinta; 1 
janta; 1 
rolinho; 1 
carne; 1 
assar; 1 
parede; 1 
sala; 1 
pintura; 1 
vazio; 1 
mcdiafeliz2018; 1 
bigmac; 1 
pedalcomsopa; 1 
expediçãobc; 1 
dedé; 1 
verguenza; 1 
correria; 1 
sevira; 1 
semananacionaldotrânsito; 1 
maisquepromessas; 1 
notícia; 1 
maisrtemenoslike; 1 
aeromito; 1 
brasillivre; 1 
andreguedescartoon; 1 
maisbrasilmenosbrasilia; 1 
brasilrico; 1 
fit; 1 
juntoslutaremospeloacesso; 1 
esquerdanuncamais; 1 
yomkippour; 1 
groot; 1 
eusougroot; 1 
barçagirona; 1 
bottedupoutnow; 1 
thegifted; 1 
endviolence; 1 
spotify; 1 
applemusic; 1 
inspiraçãointrínseca; 1 
jimin; 1 
bottledupoutnow; 1 
monolithtour; 1 
potw; 1 
liberationtour; 1 
babyguto; 1 
soquenaovai; 1 
passoamao; 1 
falonada; 1 
joicehasselmann; 1 
redacaoglobo; 1 
trespn; 1 
vote18marina; 1 
timelula; 1 
obedeceomachoaviao; 1 
meirellesnopânico; 1 
cirovencebolsonaro; 1 
homenscontrabolsonaro; 1 
falamaisciro; 1 
cirocontraofacismo; 1 
acgxjuv; 1 
estudacom; 1 
amordemãe; 1 
ciro12no2turno; 1 
inclusão; 1 
tristerealidade; 1 
biquinicavadao; 1 
nuncavi; 1 
vempromonteiro; 1 
soufitness; 1 
euposso; 1 
monteiromusicbar; 1 
crvg; 1 
qualidade; 1 
juizladrão; 1 
azure; 1 
somostodosprefeitos; 1 
foraneymar; 1 
veraochegando; 1 
speedgoat; 1 
hoka; 1 
trailrunner; 1 
hokaoneone; 1 
trailrunning; 1 
pensamentos; 1 
semprepelobrasil; 1 
votebolsonaro17; 1 
acabouamamata; 1 
tvrecord; 1 
lulanão; 1 
goalkeepers18; 1 
mddcqgcdc; 1 
falacirodenovo; 1 
bras; 1 
bolsonarobahia; 1 
ibotirama; 1 
barreiras; 1 
oestedabahia; 1 
barabahia; 1 
lem; 1 
barrabahia; 1 
cironoanticast; 1 
foragilmarmendes; 1 
lucasmouraébolsonaro17; 1 
mngueira; 1 
vueltanaespn; 1 
packers; 1 
reinaldoazevedo; 1 
debateredetvcirogomes; 1 
armandoafraudeibope; 1 
ibopeéafraude; 1 
meseguenogab; 1 
juntoscombolsonaro; 1 
candidatoposte; 1 
domingão; 1 
nodia7e17; 1 
melhorjairserecuperando; 1 
goias; 1 
oremossenhor; 1 
pesquisaserpes; 1 
meubolsonminonsecreto; 1 
sabrinasato; 1 
piracanjuba; 1 
vivamexico; 1 
samurocas; 1 
independenciadomexico; 1 
sinquererqueriendo; 1 
teresanosbt; 1 
otemponãopara; 1 
soylunalive2018; 1 
asaventurasdepoliana; 1 
vivaméxico; 1 
fiestaspatriasenpuebla; 1 
bebesdemale; 1 
brunamarquezine; 1 
disneysnutcracker; 1 
fcseguefcs; 1 
soyluna; 1 
quemnãoviuvaiver; 1 
soylunaenvivo; 1 
danilopresidente; 1 
vicedevice; 1 
jornalistascontraele; 1 
voto2018; 1 
votoconscienteeaunicasolucao; 1 
nãoaoretrocesso; 1 
thegodfather; 1 
jolex; 1 
ufc228; 1 
somostodosborrachinha; 1 
myclub; 1 
rickquotes; 1 
thundercats; 1 
ngve; 1 
saturdaytheme; 1 
euquero; 1 
michaelfassbender; 1 
dreamworksshera; 1 
shera; 1 
magneto; 1 
xmen; 1 
mensalao; 1 
shameonyou; 1 
eu_amo_minha_esposa; 1 
g1df; 1 
mundoengano; 1 
bandaeddie; 1 
quatropatasdeamor; 1 
meucu; 1 
duvida; 1 
viciante; 1 
confrariarsmusic; 1 
championsleaguenoeiplus; 1 
tchaumarina; 1 
boulosnaredetv; 1 
ilegitimo; 1 
dilma; 1 
gda12anos; 1 
saicoiso; 1 
vestidomicro; 1 
marciatiburigovernadora13; 1 
merepresenta; 1 
tietada; 1 
loverosie; 1 
weezer; 1 
pianista; 1 
felipevalente; 1 
lauredaigle; 1 
musicvideos; 1 
artista; 1 
kennychesney; 1 
onerepublic; 1 
shawnmendes; 1 
morganevans; 1 
mudar; 1 
teoriadaconspiracao; 1 
billboard; 1 
grammy; 1 
dylanscott; 1 
kanebrown; 1 
johnwilliams; 1 
whatshappeningtomusic; 1 
billboardhot100; 1 
panicatthedisco; 1 
edsheeran; 1 
mudouaestação; 1 
ancap; 1 
pubg; 1 
platão; 1 
diamundialprevencionsuicidio; 1 
mucb; 1 
elenaotemliberdade; 1 
pensamendododia; 1 
jornaldoalmoço; 1 
tchaupinkmoney; 1 
bolsonitta; 1 
vergonhoso_isso; 1 
xboxone; 1 
disi; 1 
derby; 1 
