elenão; 712 
elenao; 446 
elenunca; 417 
meubolsominionsecreto; 174 
ciro12; 130 
anittaisoverparty; 107 
debateredetv; 97 
bolsonaronojornalnacional; 96 
newprofilepic; 85 
mulherescontraobolsonaro; 75 
eusoulula; 69 
afazenda10; 68 
debateaparecida; 64 
haddadpresidente; 58 
omemedaminhavida; 55 
haddadélula; 55 
lulalivre; 54 
thevoicebrasil; 48 
haddadélulanojn; 48 
sentagostosobozo; 48 
calabocagentilli; 47 
eleições2018; 47 
masterchefbr; 45 
tbt; 45 
elejamais; 44 
captainmarvel; 40 
segundosol; 39 
jn; 37 
ciropresidente; 37 
bolsonaronãoécorrupto; 36 
biweek; 36 
g1; 35 
emmys; 35 
meuaniversáriodotwitter; 34 
pergunteaociro12; 34 
sextou; 32 
democraciasim; 31 
mulherescontrabolsonaro; 29 
lulapresidente; 28 
vmas; 28 
eibozonarovaitomarnocu; 28 
afazenda; 28 
novafotodoperfil; 27 
nothim; 26 
ciraonosegundoturno; 26 
manunojaburu; 26 
thebest; 25 
elasim; 25 
jornaldaglobo; 24 
cironojornalnacional; 24 
haddadnojn; 24 
reviravoltanaeleicao; 24 
gazetaestadaojp; 23 
obrasilfelizdenovo; 22 
elesim; 21 
museunacional; 21 
pas; 21 
euquerobolsonaro; 21 
appleevent; 20 
rouanetnão; 20 
setembroamarelo; 20 
apoiehaddadmanu; 19 
popstar; 19 
lutomuseunacional; 18 
brasil; 18 
friendsday; 18 
nowplaying; 18 
marina18; 18 
mpn; 18 
lulanasurnastse; 18 
nflnaespn; 18 
orgulhoepaixão; 17 
cirogomes; 16 
fechocomciro; 16 
brasilcommarina; 16 
mulherescontraofascismo; 16 
mucbvive; 15 
bolsonaro; 15 
pcas; 15 
ciropresidente12; 15 
cironacnbb; 15 
thevoicebr; 15 
grêmio; 14 
dançadosfamosos; 14 
haddad13presidente; 13 
twibbon; 13 
eleicoes2018; 13 
uolnasurnas; 13 
meubolsominonsecreto; 13 
paz; 13 
bolsonaro17; 13 
fifafootballawards; 13 
bomdia; 13 
amas; 13 
ahsapocalypse; 13 
trump; 13 
haddad13; 13 
mariellepresente; 12 
ibope; 12 
salvemasbaleias; 12 
orgulhoepaixao; 12 
vamosflamengo; 12 
jotafm; 12 
bts; 12 
mulheresunidascontrabolsonaro; 11 
mostraonuglobo; 11 
cironosegundoturno; 11 
superdrags; 11 
geraldonojn; 11 
bivisibilityday; 11 
marinanojornalnacional; 11 
repost; 10 
haddad; 10 
jornaloglobo; 10 
haddadpresidente13; 10 
skoob; 10 
cirofilhodaputa; 10 
jairbolsonaro; 10 
diademarina; 10 
mulherescontraofacismo; 10 
corinthians; 10 
falamaisgentili; 10 
lulalivrejá; 10 
textaocientifico; 9 
timelula; 9 
mariellefranco; 9 
fsradiobrasil; 9 
haddadelulanojn; 9 
7desetembro; 9 
latinamas; 9 
lutavio; 9 
brasileirão2018; 9 
jornalnacional; 9 
palcopopstar; 9 
verguenzaconmebol; 9 
bonderenault; 9 
fantastico; 9 
art; 9 
mulherescombolsonaro; 9 
milhoescombolsonaro; 9 
libertadoresfoxsports; 9 
votomarinapq; 9 
tvtime; 9 
quintadetremurasdv; 8 
justdoit; 8 
avantipalestra; 8 
debatebandrio; 8 
greysanatomy; 8 
marinacomciro; 8 
juntassomosmaisfortes; 8 
libertadores2018; 8 
jg; 8 
videoshowaovivo; 8 
vasco120; 8 
lulamanuhaddad; 8 
trcoluna; 8 
vaicorinthians; 8 
corinthians108anos; 8 
cruzeiro; 8 
falaciro12; 8 
crf; 8 
backtohogwarts; 8 
ps4share; 8 
onugarantelula; 8 
cironojornaldaglobo; 7 
bongocat; 7 
citeumatretaesaia; 7 
sextadetremurasdv; 7 
dingdong; 7 
soudedireitaporque; 7 
palmeiras; 7 
calabocacirodenovo; 7 
marta; 7 
ciro; 7 
vamociro; 7 
citecoisasaleatorias; 7 
debatecnbb; 7 
criançaesperança; 7 
recadodolula; 7 
elesnao; 7 
headabovewater; 7 
spfc; 7 
cblol; 7 
semlulaéciro; 7 
emmyawards2018; 7 
fofocalizandonosbt; 7 
music; 7 
suplicysenador; 7 
suplicy131; 7 
vascodagama; 7 
devastatedday; 7 
haddadélulanatv; 7 
btsarmy; 7 
emmy; 7 
bolsonaro17no1ºturno; 7 
éverdadeessebilete; 7 
humansoflatecapitalism; 7 
ripcatra; 7 
joker; 7 
happyrmday; 7 
pranamorarcmgtemq; 6 
segundadetremurasdv; 6 
domingodetremurasdv; 6 
sabadodetremurasdv; 6 
lula; 6 
fakenews; 6 
friends; 6 
boulosesonia50; 6 
marinersapartmentcomplex; 6 
encontro; 6 
valetudo30anos; 6 
altashoras; 6 
iheartfestival; 6 
galo; 6 
brasilacimadaonu; 6 
desafiodapuberdade; 6 
spidermanps4; 6 
vasxfla; 6 
mulheres; 6 
cirosimpostenão; 6 
diadoprogramador; 6 
grêmio115anos; 6 
oqueeumaisqueriaagora; 6 
nflbrasil; 6 
habemussemifinal; 6 
capitãmarvel; 6 
bozonaro; 6 
cruxsan; 6 
timão108; 6 
oamorvencera; 6 
selecaosportv; 6 
flamengo; 6 
michaeljacksonday; 6 
vamointer; 6 
sqn; 6 
rt; 6 
libertadores; 5 
bbdebate; 5 
aovivo; 5 
theconcerttour; 5 
pixelart; 5 
peixes; 5 
meubolsominiosecreto; 5 
brazil; 5 
atypical; 5 
ursal; 5 
rmgalaxyday; 5 
masterchefprofissionais; 5 
elesnunca; 5 
gameofthrones; 5 
arte; 5 
bolsonaronão; 5 
assedioéhabitonopensi; 5 
lulaépresidiario; 5 
designativista; 5 
leão; 5 
afazendaaovivo; 5 
votemarina18; 5 
fato; 5 
lastfm; 5 
diadevasco; 5 
maislidas; 5 
bolsonaronajovempan; 5 
lulaécandidato; 5 
bolsonaropresidente17; 5 
vote13; 5 
medo; 5 
cruxfla; 5 
ti8; 5 
capricórnio; 5 
quebrandootabunognt; 5 
otemponãopara; 5 
debateband; 5 
anittanothevoicebrasil; 5 
desafiounidasnasruas; 5 
rm생일ㅊㅋ; 5 
ti8br; 5 
tecmundo; 5 
halamadrid; 5 
idol; 5 
pracimadelescoelho; 5 
coelhão; 5 
bolsonaroeleito1ºlugar; 5 
façaumpedido; 4 
quartadetremurasdv; 4 
tercadetremurasdv; 4 
souotipodepessoaq; 4 
papotorto; 4 
cadaufazobem; 4 
bbnaveia; 4 
laligafoxpremium; 4 
artistafavoritocrossover; 4 
lobos; 4 
urgente; 4 
soundcloud; 4 
marinasilva; 4 
netflix; 4 
ciro2018; 4 
gratidao; 4 
haddadnacbn; 4 
foratemer; 4 
sharpobjects; 4 
brasilfelizdenovo; 4 
finalcantacomigo; 4 
cantacomigo; 4 
priscilatossan; 4 
euquerociro; 4 
minhabolsominionsecreta; 4 
meubolsomionsecreto; 4 
manu; 4 
podcast; 4 
imaginajuntas; 4 
ele; 4 
cirosim; 4 
debatedacnbb; 4 
falaciro; 4 
bolsominionsecreto; 4 
gopain; 4 
work; 4 
inter; 4 
happybirthdaybeyoncé; 4 
visiblewomen; 4 
starwars; 4 
bozo; 4 
diadavisibilidadelesbica; 4 
reagesantos; 4 
hurricaneflorence; 4 
elenemfodendo; 4 
quemmandoumatarbolsonaro; 4 
flaxcam; 4 
forabarbieri; 4 
fazenda10; 4 
bakeoffbrasil; 4 
copadobrasil; 4 
forçaanitta; 4 
emmys2018; 4 
nãosomosdesajustados; 4 
jairmessiasbolsonaro; 4 
boulosnaredetv; 4 
equipe; 4 
forçapedro; 4 
haddadelula; 4 
mucb; 4 
hashtag; 4 
rip; 4 
aglobovetaeuvoto; 4 
haddademanu; 4 
direitaseguedireita; 4 
santamarta; 4 
mood; 4 
lulaéhaddad; 4 
haddadelulanatv; 4 
debatesbtrio; 4 
tbtreze; 4 
lutávio; 4 
fantasticbeasts; 4 
gêmeos; 4 
áries; 4 
ucl; 4 
apple; 4 
maisanicholas; 4 
1000dayswithout1d; 4 
segundou; 4 
lanaiscoming; 4 
bolsonaronao; 4 
mulheresunidas; 4 
estoucombolsonaro; 4 
emmytnt; 4 
irmãodojorel; 4 
astrothreadbr; 4 
joaonosdebates; 4 
ondalaranja; 4 
thehandmaidstale; 4 
proenemaovivo; 4 
intensivaproenem; 4 
pinknorockinrio; 4 
detestoquandofalam; 3 
agostoacabandoeeu; 3 
racismo; 3 
pesodoseucarro; 3 
todentro; 3 
bolsonaro2018; 3 
tamojuntobmd; 3 
jogosagrado; 3 
premierleaguenaespn; 3 
casadachampions; 3 
domingão; 3 
dancadosfamosos; 3 
facada; 3 
eleições; 3 
eleicoes; 3 
stf; 3 
catra; 3 
witnesstour; 3 
sweetenertonight; 3 
músicaboaaovivo; 3 
musicaboaaovivo; 3 
blockchain; 3 
monolithtour; 3 
quemédourado; 3 
venicebitch; 3 
cironaredetv; 3 
getyou50dol; 3 
vemprofut; 3 
paratodososgarotosquejaamei; 3 
savagexfenty; 3 
sp; 3 
gokabum; 3 
haddadmanu; 3 
elemente; 3 
carina65180; 3 
euacredito; 3 
jogo; 3 
rouanetnao; 3 
astarisborn; 3 
braincast; 3 
live; 3 
ficaadica; 3 
estudioi; 3 
voudeciroporque; 3 
juntosporbolsonaro; 3 
sériec; 3 
bolsonaropresidente; 3 
arquivobbc; 3 
bottledupoutnow; 3 
h; 3 
forabolsonaro; 3 
20desetembro; 3 
diadegrêmio; 3 
fail; 3 
neverforget; 3 
photography; 3 
shawnmendes; 3 
thealbum; 3 
conmebollixo; 3 
elchavodel8; 3 
craquedoverdão; 3 
minhanormatividadesecreta; 3 
eferiadoeeu; 3 
boulosnagazeta; 3 
harrypotter; 3 
alckminnojornalnacional; 3 
datafolha; 3 
cironaglobonews; 3 
sotocatop; 3 
bolsolixo; 3 
illustration; 3 
faceitmajor; 3 
f1nosportv; 3 
boca; 3 
nfl; 3 
meteoro; 3 
btsloveyourselftour; 3 
ateofimdoanoeu; 3 
f1; 3 
somosmibr; 3 
gopats; 3 
fechadocombolsonaro; 3 
lulacandidato; 3 
vamoslabestia; 3 
anittadiganaoaofascismo; 3 
desafiosobfogo; 3 
lulainelegivel; 3 
gratidão; 3 
saiajustanognt; 3 
bbb; 3 
porn; 3 
publi; 3 
anitta; 3 
rainingblood; 3 
turnup; 3 
getatme; 3 
tãodeixandoagentesonhar; 3 
haddadfoguete; 3 
conmebollibertadores; 3 
dcuniverse; 3 
marvel; 3 
insatiable; 3 
riverdale; 3 
sex; 3 
lulaehaddad; 3 
geek; 3 
pink; 3 
fiel; 3 
cironeles; 3 
domingo; 3 
desenho; 3 
video; 3 
opinesobreamaconha; 3 
vídeo; 3 
conversacombial; 3 
joganogoogle; 3 
meetup; 3 
deezer; 3 
globonews; 3 
haddadnaglobonews; 3 
ironia; 3 
ocupacuritiba; 3 
gravísimo; 3 
ahora; 3 
bolsonaroétemer; 3 
segundafeira; 3 
supernaturalday; 3 
방탄소년단; 3 
굿나잇11시김남준; 3 
아렘형; 3 
jimin; 3 
김남준아니면알엠; 3 
vante; 3 
youth2030; 3 
남준_넌_나의_사람사랑자랑; 3 
냄쥰; 3 
lpfirsttime; 3 
calabocaciro; 3 
calabocabonner; 3 
kamikaze; 3 
kitten; 3 
juntospelasula; 3 
happybirthdaybeyonce; 3 
happybirthdayliam; 3 
sbt37anos; 3 
lutecomoumagarota; 3 
fortaleza; 3 
sérieb; 3 
happy_jk_day; 3 
eusouhaddad; 3 
haddad2018; 3 
maisasilva; 3 
maisasilvatv; 3 
mytwitteranniversary; 3 
maisasilvaig; 3 
teamgabiprado; 3 
nintendoswitch; 3 
ahs8nofx; 3 
handmaidstale; 3 
sorteio; 3 
mondaymotivation; 3 
eu; 3 
observatóriodoclima; 3 
aquecimentoglobal; 3 
copadobrasilfoxsports; 3 
vitxvas; 3 
vasco120anos; 3 
barbiedreamsvideo; 3 
queenradio; 3 
welcometobrazilnicki; 3 
sencillodelano; 3 
redacaosportv; 3 
historia; 3 
vergonha; 3 
lula2018; 3 
novafotodeperfil; 3 
lulainelegível; 3 
elenaoelenunca; 3 
minhaserie; 3 
política; 3 
amo; 3 
condemocracia2018; 3 
porenganomeuovo; 3 
whyididntreport; 3 
igualdade; 3 
andersongomes; 3 
trocadepasses; 3 
nossofutebol; 3 
sandy; 3 
forcaanitta; 3 
duoogrupofavorito; 3 
southamericamemes; 3 
dota2; 3 
nwslchampionship; 3 
cancionfavoritapop; 3 
lullaby; 3 
presentyou; 3 
correios; 3 
happybirthdaypink; 3 
kavanope; 3 
capitaocalcinha; 2 
falta3mesespradezembroeeu; 2 
soudeesquerdaporque; 2 
streetphotography; 2 
104anosdehistória; 2 
palmeiras104anos; 2 
running; 2 
gecomvc; 2 
nationsnatnt; 2 
férias; 2 
pieceofme; 2 
debatecorreio; 2 
breaking; 2 
pt; 2 
bbtchau; 2 
bloomalbum; 2 
rougenothenoite; 2 
katyperrykaaboodelmar; 2 
g1rio; 2 
np; 2 
beyoncé; 2 
safada; 2 
calabocarecord; 2 
womakerscode; 2 
thisisus; 2 
happybirthday; 2 
forcabolsonaro; 2 
fanfic; 2 
tourzb; 2 
xuxanoporchat; 2 
ensaio; 2 
spciro; 2 
lulahaddadmanu13; 2 
socorro; 2 
biothreadbr; 2 
lavajato; 2 
mito; 2 
poesia; 2 
poema; 2 
sunday; 2 
boyfriend; 2 
avenidapaulista; 2 
sundaymorning; 2 
quempegouobozinho; 2 
elesnão; 2 
haddadmanuela13; 2 
entrenojogo; 2 
mulheresunidascontraobolsonaro; 2 
cinema; 2 
game; 2 
twd; 2 
cat; 2 
cpidarouanet; 2 
ripmacmiller; 2 
donademim; 2 
problemaseu; 2 
nãoaguentogenteque; 2 
colanamao; 2 
assedioehabitonopensi; 2 
meubolsomonionsecreto; 2 
pinkmoney; 2 
choquedecultura; 2 
agorasouciro; 2 
paunocudaonu; 2 
b17; 2 
centraldaseleições; 2 
folha; 2 
museunacionalvive; 2 
ficadica; 2 
empauta; 2 
venezuela; 2 
darewincelebrate; 2 
nextvictory; 2 
florence; 2 
fortnite; 2 
bottedupoutnow; 2 
dragupaceleb; 2 
emmysfordragrace; 2 
pergunteaojoao; 2 
catxgre; 2 
nasceumaestrela; 2 
caradojogo; 2 
queremosacopa; 2 
blablamtvhits; 2 
superasegundamtvhits; 2 
cebolinha; 2 
meubolsomimionsecreto; 2 
painting; 2 
mondaymood; 2 
nature; 2 
kavanaugh; 2 
themaleartist; 2 
anavitoria; 2 
thesong; 2 
tmj; 2 
vasco; 2 
intxfla; 2 
forçajuan; 2 
chamaomeirelles; 2 
roubo; 2 
graciasmanu; 2 
lulahaddadmanu; 2 
deadfish; 2 
visibilidadebi; 2 
politicamenteincorreto2018; 2 
gohacks; 2 
amofini; 2 
vote; 2 
the100; 2 
stopkavanaugh; 2 
barçapsv; 2 
écomciroqueeuvou; 2 
todoscomciro; 2 
novoclipeiza; 2 
coiso; 2 
teamnicki; 2 
coizasqeuqueriater; 2 
liverpool; 2 
incendionomuseunacional; 2 
somos17; 2 
orgulhoeepaixao; 2 
perdendoamão; 2 
respondestjd; 2 
flaxgre; 2 
ffsingleinmyblood; 2 
mmvas; 2 
ffartistshawn; 2 
superclásico; 2 
riverxfox; 2 
bocaxriverfoxsports; 2 
stockcarnosportv; 2 
indynaband; 2 
grenal; 2 
bocaxfox; 2 
river; 2 
bipride; 2 
terranotícias; 2 
pirula; 2 
mulherespodcasters; 2 
thebanditotourbrazil; 2 
twinpeaks; 2 
chicobuarque; 2 
bomdiafox; 2 
thedragonprince; 2 
belabolameuparaguaio; 2 
ironfistseason2; 2 
elenaomesmoqueadanielamercuryteobrigueaseposicionarpranaoacabarsuacarreira; 2 
latribonera; 2 
toalltheboysivelovedbefore; 2 
houvsne; 2 
kickoff2018; 2 
patriots; 2 
deusfamiliabolsonaro; 2 
professor; 2 
sagitário; 2 
reviravoltanaeleição; 2 
merevoltoquando; 2 
foralomba; 2 
vaipracimadelesmengo; 2 
besançon; 2 
nadjaguerreira; 2 
hojeemdia; 2 
chuva; 2 
capitainmarvel; 2 
minasgerais; 2 
tpmnumtweet; 2 
programadoporchat; 2 
programasilviosantos; 2 
medicareforall; 2 
votehaddad; 2 
arquivome; 2 
happybirthdaymadonna; 2 
superarquivo; 2 
shadowofthetombraider; 2 
godofwar; 2 
devilmaycry5; 2 
digaumavdd; 2 
esseabestadonão; 2 
essetremnão; 2 
bocajuniors; 2 
martialarts; 2 
ciumeira; 2 
bempiorqueeu; 2 
thegifted; 2 
malhacao; 2 
dccomics; 2 
malhação; 2 
supergirl; 2 
dctv; 2 
titans; 2 
infinitywar; 2 
otemponaopara; 2 
dynasty; 2 
charmed; 2 
dcutitans; 2 
rougenoraulgil; 2 
developer; 2 
nerdgirl; 2 
nerd; 2 
tarcisionaband; 2 
elenever; 2 
lugardabateriaépertodopovão; 2 
neymar; 2 
crush; 2 
joãonojn; 2 
drawing; 2 
jardimdemeteoros; 2 
linhadequarta; 2 
fátimanaband; 2 
fátimagovernadora; 2 
psblog; 2 
tretanocondominio; 2 
audiovisual; 2 
garotosdoninho; 2 
twitch; 2 
hildatheseries; 2 
ccbbrj; 2 
ledzeppelin; 2 
arethafranklinrip; 2 
arethafranklin; 2 
brooklyn99; 2 
lutopelomuseunacional; 2 
bolsonaronaglobonews; 2 
linhadaquinta; 2 
runtastic; 2 
trx; 2 
smartcash; 2 
joaoamoedopresidente; 2 
amoedo; 2 
marinasilvanopanico; 2 
familia; 2 
direitaunida; 2 
sanatóriogeral; 2 
ccs18; 2 
ccs18gr; 2 
aşıkoldum; 2 
medicina; 2 
vegan; 2 
readabookday; 2 
almaecoração; 2 
entrevista; 2 
importante; 2 
tarcisio50; 2 
assedioehabitonasescolas; 2 
machistasnãopassarão; 2 
lgbtqtwitter; 2 
alerta; 2 
tribunatdf; 2 
buenosaires; 2 
dolar; 2 
diadeljubilado; 2 
forabozo; 2 
spnfamily; 2 
pergunteaojoão; 2 
amoedonopanico; 2 
artistafavoritafemenina; 2 
expedientefutebol; 2 
maniac; 2 
okdeuaky; 2 
simulacre; 2 
sunrise; 2 
오늘의방탄; 2 
lasvegas; 2 
꾹; 2 
unga; 2 
btsinhamilton; 2 
아침열시사십분임; 2 
여긴아직생일아님; 2 
btsxunitednations; 2 
rm_사랑; 2 
genunlimited; 2 
슈가형이다; 2 
harrystyles; 2 
directioners; 2 
mensalinhodotwitter; 2 
diadofolclore; 2 
posteiehsaicorrendo; 2 
nãosomosumafraquejada; 2 
faustao; 2 
ucldraw; 2 
bethesdadays; 2 
vamosfluzão; 2 
instagram; 2 
euqueroumuno; 2 
facaumpedido; 2 
calaabocagentili; 2 
vma2018; 2 
futebol; 2 
jornalismo; 2 
swedennationalteam; 2 
wandsready; 2 
santossempresantos; 2 
alemãofoxsports; 2 
bahia; 2 
miasanmia; 2 
segueointer; 2 
cartolafc; 2 
respeito; 2 
teamnadja; 2 
ios12; 2 
nãopassarão; 2 
trufalimãosiciliano; 2 
ficacuellar; 2 
6mesessemresposta; 2 
santinhanao; 2 
copadobrasil2018; 2 
segueverde; 2 
girls; 2 
en; 2 
lgbtqtwiter; 2 
주헌; 2 
happykeyday; 2 
dtd1billion; 2 
rm; 2 
1dcomeback2020; 2 
key; 2 
exo; 2 
뮤직뱅크; 2 
somostodosbolsonaro; 2 
freixo5050; 2 
paim131; 2 
stfvergonhanacional; 2 
criancaesperanca; 2 
elenãovaisairdacadeia; 2 
diadaárvore; 2 
neverhim; 2 
thesocialcelebrity; 2 
ladygaga; 2 
laurna; 2 
citepolemicas; 2 
deleallichallenge; 2 
ukintheusa; 2 
lulagato; 2 
lulaéocara; 2 
lulatudibom; 2 
lulalindo; 2 
lularouboumeucoração; 2 
votobolsonaro17; 2 
mouraonagnews; 2 
throwback; 2 
nyfw; 2 
fifa19; 2 
aquiésantos; 2 
chupagambá; 2 
whitecat; 2 
sabadou; 2 
br; 2 
instacat; 2 
lanadelrey; 2 
imaginedragons; 2 
iheartfesitival; 2 
metrosp; 2 
sororidade; 2 
saopaulo; 2 
happybirthdaydemilovato; 2 
g1minas; 2 
namjoon; 2 
thegroup; 2 
정국이는_9월의_첫번째_기적; 2 
홉필름; 2 
love_yourself; 2 
top; 2 
devops; 2 
colombia; 2 
bahrain; 2 
mma; 2 
coringão; 2 
avenidabrasil; 2 
meservevadia; 2 
globolixo; 2 
doctorwho; 2 
rtxrt; 2 
happybirthdayniall; 2 
rtdeal; 2 
diademarina18; 2 
davegrohl; 2 
nirvana; 2 
chateada; 2 
deutschland; 2 
história; 2 
alemanha; 2 
museus; 2 
gnewspainel; 2 
branding; 2 
thepredator; 2 
onuexigelula; 2 
amém; 2 
50milnomaraca; 2 
camxvas; 2 
sempreaoladodovasco; 2 
diadoadministrador; 2 
vasxacf; 2 
itatiaia; 2 
saude; 2 
lifeisstrange2; 2 
bancodeseries; 2 
gda12anos; 2 
gremio115anos; 2 
cirãonosegundoturno; 2 
rede; 2 
somoslula; 2 
bonoro; 2 
ufrj; 2 
nickixmadeinamerica; 2 
phpcslw; 2 
docker; 2 
campinas; 2 
forçaguerreiro; 2 
gremio; 2 
mx홀리데이7; 2 
mx_holiday7; 2 
mx비하인드; 2 
tribalistas; 2 
feitosdepaixao; 2 
tocomcirono12; 2 
empreendedorismo; 2 
beach; 2 
rj; 2 
moment; 2 
fé; 2 
horadeaventura; 2 
queereye; 2 
reylo; 2 
thelastjedi; 2 
amassajogajunto; 2 
sabeserbrasileiro; 2 
promundomelhorarsófalta; 2 
meusprêmiosnick2018; 2 
sechamainteressaloucura; 2 
animaisfantasticos; 2 
bozonaronao; 2 
worldsuicidepreventationday; 2 
garotodoninho; 2 
spiderman; 2 
irmaodojorel; 2 
argentina; 2 
mídia; 2 
musica; 2 
nevermind; 2 
imprensa; 2 
otwitternãoéfacebook; 2 
reclamoaquinotwitterpq; 2 
vemcomjoão30; 2 
elenemcomumcarai; 2 
segunda; 2 
ocapitãovoltou; 2 
festivallulalivre; 2 
censura; 2 
laveredadeenfrente; 2 
mostraolulaglobo; 2 
liampayne; 2 
trmaraca; 2 
estoucomolucas; 2 
fechamento; 2 
dannyrand; 2 
eusouciro; 2 
intrínsecanasestrelas; 2 
visibilidadelésbica; 2 
fsrádiobrasil; 2 
ge; 2 
superspellheroes; 2 
todosporbabiy; 2 
askluba; 2 
fora; 2 
killshot; 2 
areia; 2 
educação; 2 
anittalsoverparty; 2 
boulosresponde; 2 
gavioes; 2 
semfiltro; 2 
mve; 2 
worldsuicidepreventionday; 2 
remembergreys; 2 
setembroamarelotweetsdobem; 2 
mufc; 2 
albumfavoritopop; 2 
artistafavoritopop; 2 
afreirafilme; 2 
aurieta; 2 
calabocagentili; 2 
partiu; 2 
cozinheirosemacaonognt; 2 
feminismo; 2 
girlpower; 2 
coalafestival; 2 
frenchart; 2 
vincentvangogh; 2 
raça; 2 
beyonceday; 2 
famíliapalmeiras; 2 
acordabrasil; 2 
elanão; 2 
timão; 2 
beyday; 2 
decoração; 2 
dialindo; 2 
agua; 2 
vibe; 2 
xfactor; 2 
got7; 2 
flaxcor; 2 
afterschool; 2 
afterschoolcomeback; 2 
raina; 2 
diadavisibilidadebissexual; 2 
haddadnojornalnacional; 2 
thegooddoctor; 2 
pelohexa; 2 
thefameturns10; 2 
twentyonepilots; 2 
othfam; 2 
largadosepelados; 2 
luto; 2 
ai; 2 
respectariana; 2 
9yearsfx; 2 
bolsonaro17no1oturno; 2 
tarcísio50; 2 
reviravoltanaseleições; 2 
orioles; 2 
novo; 2 
amor; 2 
unreal; 2 
votecardib; 2 
beautifultraumatour; 2 
bananafish; 2 
katiaabreu; 2 
got; 2 
gay; 2 
debatetvgazeta; 2 
govegan; 2 
nfldoamor; 2 
javascript; 2 
diaderesistores; 2 
ballroomharry2018; 2 
angellairranch; 2 
debatetvaparecida; 2 
queen; 2 
ospingonosis; 2 
anticapitalistasenred; 2 
meubemmeumal; 2 
setembro; 2 
foraandres; 2 
corxint; 2 
corinhians108anos; 2 
foraloss; 2 
gorpg; 2 
emicidainaciodacatingueira; 2 
habilitaministro; 2 
oceptember; 1 
kultcamera; 1 
pareceidiotamas; 1 
fotografia; 1 
photocontest; 1 
fodasse; 1 
queriatantoter; 1 
odeiojenteq; 1 
simoneesimarianofaro; 1 
icpcollections; 1 
polemicadodia; 1 
deyvershow; 1 
forafelipemelo; 1 
hailhydra; 1 
racionais; 1 
artigo157; 1 
felizdiadosirmãos; 1 
awakenthephantom; 1 
kevinfeige; 1 
moderaçãoéumaarte; 1 
iheartradiommvas; 1 
monstronafazenda; 1 
dia7e17; 1 
diadobolsonaro17; 1 
podeapostar; 1 
émanuehaddadd; 1 
viscabarça; 1 
bbdiretoria; 1 
bomdiafoxquinta; 1 
linhabilidade; 1 
thevoicdbrasil; 1 
resistenciafeminina; 1 
omelhorlugar; 1 
risadasgarantidas; 1 
quesorteanossa; 1 
emefromão; 1 
romão; 1 
aifone; 1 
domingaodofaustao; 1 
yasbritney; 1 
spoxpar; 1 
whereismymind; 1 
reginaldorossi; 1 
my3wordlegacy; 1 
brucelee; 1 
enterthedragon; 1 
itsbritneybitch; 1 
uau; 1 
superxuxa; 1 
renatavasconcellos; 1 
michaeljackson; 1 
sirrossi; 1 
amei; 1 
iloveit; 1 
gameworkersunite; 1 
coreiadonorte; 1 
fachin; 1 
puskás; 1 
homensdehonra; 1 
barroso; 1 
funk; 1 
tse; 1 
patriotismo; 1 
marina; 1 
tiririca; 1 
tvbrasil; 1 
cuidadocomfakenews; 1 
jornaldamanha; 1 
subject16film; 1 
3milhoesdd11; 1 
porcopeiro; 1 
verdãodobrasil; 1 
bbbanco; 1 
somos; 1 
katyperry; 1 
desencontrosnosony; 1 
wagnerdadepressão; 1 
screenshotsaturday; 1 
ドット絵; 1 
dashgames2018; 1 
jrpg; 1 
gameart; 1 
rpg; 1 
sinucolegioanchieta; 1 
contrataoademirquintino; 1 
interfm897; 1 
gps897; 1 
acatedraldomar; 1 
vingança; 1 
lacatedraldelmar; 1 
liberdadepradentrodacabeca; 1 
oportinista; 1 
advogadabelem; 1 
muitaemoção; 1 
afrânio; 1 
thehandmaidstales; 1 
phoda; 1 
gorete; 1 
zefa; 1 
otavio; 1 
todoarrepiado; 1 
jeniffernascimento; 1 
cacau; 1 
goretegolpista; 1 
luccino; 1 
ifood; 1 
taisaraujo; 1 
pretagil; 1 
crlho; 1 
marciagoldsmith; 1 
beijogayas18h; 1 
punhodeferro; 1 
natirutz; 1 
aryfontoura; 1 
ícaro; 1 
womenintech; 1 
japafood; 1 
gdpr; 1 
node; 1 
internethealth; 1 
englishtime; 1 
japanesefood; 1 
blockchaintechnology; 1 
eating; 1 
pggirls; 1 
goodnight; 1 
23desetembro; 1 
icecreamday; 1 
60th; 1 
birthday; 1 
joanjett; 1 
23september; 1 
felizdiadosorvete; 1 
60anos; 1 
diadosorvete; 1 
apescamaravilhosa; 1 
mensageirosdacruz; 1 
sheknah; 1 
fbf; 1 
adep; 1 
furduncinhodoscrias; 1 
boulos; 1 
rbd; 1 
vaiaagorafdp; 1 
fechadocommaicon; 1 
petedavidson; 1 
marinersapartamentcomplex; 1 
teresinapride2018; 1 
ptnuncamais; 1 
ptnão; 1 
zbtour; 1 
baixonatural; 1 
santinha; 1 
oamornocaos; 1 
todoscomciro12; 1 
marinanaredetv; 1 
videoshowaovideo; 1 
somosmilhõesdelula; 1 
mamamoonobrasil; 1 
manifestação; 1 
jolex; 1 
sertragirls; 1 
prayforisa; 1 
pernambuco; 1 
pina; 1 
recife; 1 
jeongyeon; 1 
momo; 1 
nayeon; 1 
bdz; 1 
sana; 1 
사나; 1 
나연; 1 
twicetagram; 1 
정연; 1 
soribada; 1 
jihyo; 1 
シブヤノオト; 1 
mina; 1 
모모; 1 
쯔위; 1 
nayeon_com_franja; 1 
dahyun; 1 
tt; 1 
beanpole; 1 
미나; 1 
트와이스; 1 
tzuyu; 1 
다현; 1 
티티; 1 
chaeyoung; 1 
채영; 1 
nayeon_tv; 1 
지효; 1 
twice; 1 
hallyupopfest; 1 
firstloveoutsold; 1 
hogwarts; 1 
ficamarcela; 1 
worlds2018; 1 
zueira; 1 
tchaumarina; 1 
comanojardim; 1 
fentybeauty; 1 
saturday; 1 
close; 1 
parquevillalobos; 1 
tw; 1 
tw14anos; 1 
avpaulista; 1 
night; 1 
skull; 1 
fight; 1 
graffiti; 1 
artederua; 1 
brotherhood; 1 
brothersday; 1 
smartfit; 1 
jiujitsu; 1 
violenciageraviolencia; 1 
brother; 1 
parquedopovo; 1 
essepe; 1 
becodobatman; 1 
grafitesp; 1 
5k; 1 
mirantedosesc; 1 
caveira; 1 
gym; 1 
dj; 1 
pabloneruda; 1 
l; 1 
cpmf; 1 
socio5estrelas; 1 
marterchefbr; 1 
meuamor; 1 
ei; 1 
muitoamor; 1 
dificildecomer; 1 
meugrudinho; 1 
turminhadocoração; 1 
cuteness; 1 
depoisdonexus; 1 
euevc; 1 
mito12; 1 
bolsonaro12; 1 
haddadmanu13; 1 
haddadmanuela; 1 
quemmandomatarbolsonaro; 1 
haddadmanulula13; 1 
haddadnojornaldaglobo; 1 
conexãoflórida; 1 
bolsonaronaoecorrupto; 1 
jornaldarecord; 1 
agoraédomingo; 1 
tudoaver; 1 
cidadealerta; 1 
elenuncaelenao; 1 
fangirl; 1 
ilustracao; 1 
spaday; 1 
blogagemcoletiva; 1 
diy; 1 
batman; 1 
resenha; 1 
filme; 1 
decor; 1 
cronica; 1 
lovesimon; 1 
reciclagem; 1 
mutts; 1 
diadoveterinario; 1 
beleza; 1 
decoracao; 1 
leiamulheres; 1 
comportamento; 1 
rotaroots; 1 
livro; 1 
aplicativo; 1 
princesafútboleradepapá; 1 
visitaespecial; 1 
rouanettparaquemprecisa; 1 
brasilacimadetudo; 1 
euquerobolsonaro17; 1 
bonner; 1 
graveyardkeeper; 1 
propmaker; 1 
aloycosplay; 1 
aloy; 1 
horizonzerodawn; 1 
temerreasonswhy; 1 
uol; 1 
podejulgar; 1 
ottrj; 1 
assedioéhabitonoelite; 1 
assedioéhabitonasescolas; 1 
eventosuff; 1 
vermelhopornós; 1 
onset; 1 
killbill; 1 
typhoonmanghkut; 1 
99pop; 1 
votoquevaleapena; 1 
brochando; 1 
durmir; 1 
galodohaddad; 1 
moro; 1 
zitrilhao; 1 
galodamadrugada; 1 
gaiudofrustado; 1 
kumsono; 1 
janinhalinda; 1 
gaia; 1 
cramunhao; 1 
vicente; 1 
tecidosocial; 1 
camba; 1 
luiz; 1 
patetinha; 1 
73questions; 1 
377verdict; 1 
section377; 1 
pqpcast; 1 
elassim; 1 
escritora; 1 
dianacionaldoteatro; 1 
rosaparks; 1 
mamileiro; 1 
vamosanta; 1 
pelamordedeus; 1 
upsidedown; 1 
juegaboca; 1 
danilofilhodaputa; 1 
trderbi; 1 
euquerociropresidente; 1 
fala; 1 
vocênuncaaaa; 1 
abortion; 1 
ireland; 1 
ods; 1 
vamosalémdaenergia; 1 
chorany; 1 
agroépop; 1 
agroétudo; 1 
teamleostronda; 1 
votehayleykiyoko; 1 
sweetenersession; 1 
rachelsheherazade; 1 
teampatonãoerrasmite; 1 
teamkami; 1 
erafã; 1 
vitoriosos; 1 
esporte; 1 
foconobrasileiro; 1 
segundoturno; 1 
corridapresidencial; 1 
corridaeleitoral; 1 
vidadecorredor; 1 
mbsports; 1 
corridaeespiritualidade; 1 
10k; 1 
viciadosemcorridaderua; 1 
naplanilha; 1 
instarunner; 1 
essesim; 1 
nightrun; 1 
claudiolinsespecialistapopstar; 1 
diamundialdelimpeza; 1 
eatudioi; 1 
wtc17; 1 
madreteresadecalcutá; 1 
quintadaboavista; 1 
globonewsempauta; 1 
voltaprorj2; 1 
claudiolinslovers; 1 
rj2; 1 
claudiolins; 1 
voltaprorj1; 1 
sucesso; 1 
fazanarcisa; 1 
baleias; 1 
pmerj; 1 
bpchq; 1 
dejeitonenhum; 1 
eunovma; 1 
reputationtour; 1 
taylorswift; 1 
fechoconciro; 1 
pepemujica; 1 
migração; 1 
europa; 1 
ciro1w; 1 
ciroday12; 1 
temposmodernos; 1 
sócirovenceomal; 1 
chegadegolpes; 1 
fantasmanafinal; 1 
nossaarena; 1 
burrodemais; 1 
pracimadelestricolor; 1 
singaporegp; 1 
aquiébolsonaropohhhha; 1 
fraco; 1 
newbern; 1 
3dart; 1 
spyro; 1 
レイゼロ; 1 
aftereffects; 1 
tlk; 1 
cynder; 1 
quemévcnoescuro; 1 
devastedday; 1 
dare; 1 
quemestaportras; 1 
bottledup; 1 
casamentoerma; 1 
maisvistasdasemana; 1 
erma; 1 
calabocasoubempisciano; 1 
bolsonaromente; 1 
calabocamachista; 1 
antifascist; 1 
partiurj; 1 
empreendernobrasil; 1 
egot; 1 
diadaarvore; 1 
embuscadotetra; 1 
luisasonzanomtvhits; 1 
vamostricolor; 1 
wakeup; 1 
september11; 1 
luan; 1 
kannemann; 1 
novomantotricolor; 1 
maicon; 1 
diadogaúcho; 1 
jael; 1 
hugogloss; 1 
citepolêmicas; 1 
renatogaúcho; 1 
mtvhitsmalandra; 1 
lordblessus; 1 
grexcsc; 1 
geraldogrêmio; 1 
donosdaamérica; 1 
ficarenato; 1 
cpbr12; 1 
jénobusão; 1 
insecurehbo; 1 
jénoavião; 1 
deusnafrente; 1 
sigonafé; 1 
perseverança; 1 
soporhojefunciona; 1 
resiliência; 1 
tiktok; 1 
visiblewoman; 1 
あみぐるみ; 1 
okami; 1 
towerfall; 1 
第一屆武器統一盃; 1 
okamihd; 1 
themessenger; 1 
splatoon2; 1 
splatfest; 1 
octopathtraveler; 1 
ddlc; 1 
大神; 1 
猫の写真へたくそ選手権; 1 
theanswerishere; 1 
orkut; 1 
sportractive; 1 
capxfla; 1 
relax; 1 
libertad; 1 
paintings; 1 
tiradocebolinha; 1 
filosofía; 1 
mystreetinspiration; 1 
lesclassiquesasterix; 1 
felizviernes; 1 
sqlvh; 1 
marktwain; 1 
miguelito; 1 
nbaplayoffs; 1 
photo; 1 
thanhmediaarts; 1 
religion; 1 
mondaymorning; 1 
outdoors; 1 
landscape; 1 
thefreeexhibition; 1 
harukimurakami; 1 
mafalda; 1 
travel; 1 
bolsonarobabaca; 1 
believesurviviors; 1 
muellerinvestigation; 1 
civilémelhorquepenal; 1 
profjorgealbernaz; 1 
faculdade; 1 
direitociviléamor; 1 
profjorgealberaz; 1 
universidade; 1 
facul; 1 
justiça; 1 
derecho; 1 
eunavida; 1 
direitodireito; 1 
direito; 1 
justice; 1 
sóparaosfortes; 1 
teaser; 1 
quévendrá; 1 
bientôt; 1 
emocionado; 1 
song; 1 
september; 1 
inmyblood; 1 
forçabrunosilva; 1 
foconavitória; 1 
acimadetudorubronegro; 1 
forabananademelo; 1 
issoaquiéflamengo; 1 
falei; 1 
lixoresponde; 1 
ynwa; 1 
santosvssaopaulo; 1 
classicopaulista; 1 
17paraobemdobrasil; 1 
vamossaopaulo; 1 
naopassaram; 1 
romachievo; 1 
voltanivaldo; 1 
virgem; 1 
drsocrates; 1 
tragoverdades; 1 
écapacitismoquando; 1 
lisetegovernadora50; 1 
passionaisfc; 1 
gamexp18; 1 
weareblessed; 1 
gohawks; 1 
lojaaba; 1 
jifnordeste; 1 
filmesdomes; 1 
telecine; 1 
oasis; 1 
redetelecine; 1 
aintnorestforthewicked; 1 
saturdaymorning; 1 
whatsatstake; 1 
wonkru; 1 
s5e7; 1 
earlyvoting; 1 
browardcounty; 1 
fixaproblemin4words; 1 
hispanicheritagemonth; 1 
carente; 1 
grupoagua; 1 
teamluablanco; 1 
luablanco; 1 
f1naglobo; 1 
quemedourourado; 1 
naiaraazevedonotvz; 1 
torcidadeverdade; 1 
semnovidade; 1 
semprefoiassim; 1 
calamosatorcidamista; 1 
omaracaénosso; 1 
nadamudou; 1 
bemvindojair; 1 
maiortorcidadobrasil; 1 
sobreumpulmaofudido; 1 
joséteixeirameupai; 1 
alckminfofoqueiro; 1 
podcastwanda; 1 
projetonacional; 1 
horariopolitico; 1 
savecellbit; 1 
stripped; 1 
euprofetizo; 1 
queermuseu; 1 
onibejada; 1 
cannes2018; 1 
1dmemories; 1 
nudes; 1 
debate2018; 1 
paulmccartney; 1 
anoacabandoe; 1 
thursdaythoughts; 1 
nationalpepperonipizzaday; 1 
betoricha; 1 
show; 1 
pablovittar; 1 
renatavasconcelos; 1 
fliv2018; 1 
williambonner; 1 
ovelha; 1 
wellingtondiasgate; 1 
thealckmindead; 1 
betorichapreso; 1 
vaiquecola; 1 
museunacional200anos; 1 
arnaldoantunes; 1 
chegouomomento; 1 
tonobomdia; 1 
segundosol100; 1 
eapelhodavida; 1 
furacaooretorno; 1 
faustão; 1 
forçaponte; 1 
teste; 1 
thebilife; 1 
commissionsopen; 1 
artistsontwitter; 1 
characterdesign; 1 
mmva; 1 
visibilidadelesbica; 1 
sapatãoabeça; 1 
ospingosnosis; 1 
chovelafora; 1 
diadeinter; 1 
morri; 1 
vaiummateai; 1 
sertorio; 1 
bomdiariogrande; 1 
cinvsbuf; 1 
spafrancorchamps; 1 
surfranchpro; 1 
surfenaespn; 1 
motogpnosportv; 1 
sanmarinogp; 1 
indycar; 1 
futebolnaveia; 1 
superclássico; 1 
britishgp; 1 
sim; 1 
portlandgp; 1 
yudinosportv; 1 
argentinofoxsports; 1 
motogp; 1 
díadelavisibilidadbisexual; 1 
bisexuals; 1 
biculture; 1 
lgbti; 1 
biweek18; 1 
biplus; 1 
stopigm; 1 
lgbtinbritain; 1 
bivisibility; 1 
bisexuality; 1 
pobrehonesto; 1 
motoz2play; 1 
lytourla_d3; 1 
podcastfriday; 1 
luismauro2018; 1 
sf9inbrazil; 1 
sf9nobrasil; 1 
wynonnaearp; 1 
apresenteaumamina; 1 
funcast; 1 
guiasp; 1 
cristiano; 1 
eunemqueria; 1 
radarcostaverde; 1 
cidadededeus; 1 
realengo; 1 
nobolsonão; 1 
trânsitorj; 1 
informedodia; 1 
smule; 1 
vemnimimverao; 1 
rdrj; 1 
trconmebol; 1 
faladorpassamal; 1 
leaveselenaalone; 1 
timenescau; 1 
dhmasters; 1 
italiangp; 1 
atlvsphi; 1 
f1sportv; 1 
vocesabequem; 1 
voltajacobini; 1 
freedomfighterorchestra; 1 
votonulo; 1 
anulandoseuvoto; 1 
votandocorretamente; 1 
barbixas3milhões; 1 
teotfw; 1 
soupmdbvotocaiado; 1 
quemmandoumatarmarielle; 1 
blocksestúpidos; 1 
thiem; 1 
nadal; 1 
patspride; 1 
gronkspike; 1 
haveaday; 1 
tevejoemtodososcantos; 1 
govrj; 1 
flaviobolsonarosenador177; 1 
souatd; 1 
faetec; 1 
cbf; 1 
gelisenadora; 1 
haddadpre; 1 
bacharel; 1 
haddad13elulapresidente; 1 
katiagovernadora; 1 
vote18; 1 
votonamarinapq; 1 
nacaradogol; 1 
gecruzeiro; 1 
marinanaaparecida; 1 
tápuxado; 1 
hadd; 1 
casadamaejoana; 1 
ohmeudeux; 1 
chrome; 1 
umnojo; 1 
zenfone5; 1 
backto5; 1 
unitedafricancreatives; 1 
ibama; 1 
museunacionalrj; 1 
joaonaband; 1 
jucabandido; 1 
teamnino; 1 
doriababaca; 1 
ciraddad; 1 
euestou; 1 
almanaquesdv; 1 
issoaquieflamengo; 1 
forafracassados; 1 
foraebm; 1 
segueolider; 1 
choramais; 1 
massacredaserraeletrica; 1 
seu10veste1818; 1 
forabananas; 1 
timedetradição; 1 
forarodinei; 1 
foraandré; 1 
elestremem; 1 
flabasquete; 1 
orgulhodanação; 1 
trainee; 1 
forachapaazul; 1 
foratavares; 1 
linhaburra; 1 
iwc67; 1 
joaonojn; 1 
leader; 1 
agriculturepaysanne; 1 
pesticides; 1 
arreteantimendicite; 1 
marché; 1 
tlmsf; 1 
inde; 1 
paysans; 1 
changeonslesystemepasleclimat; 1 
demissionhulot; 1 
gco; 1 
lrem; 1 
marchepourleclimat; 1 
planificationecologique; 1 
enquete; 1 
environnement; 1 
redeestudosrurais; 1 
fabriquesdumonderural; 1 
colos; 1 
fetedelhuma; 1 
insurrection; 1 
éducationpopulaire; 1 
hambach; 1 
magazineduwe; 1 
nuitchercheurs; 1 
fousseret; 1 
afazendo10; 1 
louisvuitton; 1 
goblack; 1 
fantástico; 1 
resista; 1 
auladecozinha; 1 
defendaoscorais; 1 
bra; 1 
vódebikepresidente; 1 
dva; 1 
overwatch; 1 
meka; 1 
dario50420; 1 
ansioso; 1 
nice; 1 
beloscabelosandre; 1 
nemavarinhafuncinou; 1 
betina; 1 
alguemtemgoma; 1 
getuliovaideixarsaudades; 1 
gênia; 1 
elis; 1 
viroufesta; 1 
laureta; 1 
roberta; 1 
agenor; 1 
rochelle; 1 
novela; 1 
marocas; 1 
paulo; 1 
daniel; 1 
readegas; 1 
fernandakeulla; 1 
ranço; 1 
adrianaesteves; 1 
liberalismo; 1 
euqueroailhalotada; 1 
小坂菜緒; 1 
diamundialsemcarro; 1 
gremiooficial; 1 
imortaltricolor; 1 
dalhetricolor; 1 
rafinhabastos; 1 
recalque; 1 
superabonner; 1 
brilhaumaestrela; 1 
chupaeixo; 1 
thezoeiraneverend; 1 
porchat2anos; 1 
lubeto; 1 
cruzeiroécabuloso; 1 
respeitaessacamisa; 1 
vemtri; 1 
barcosnuncacritiquei; 1 
hojeédiadecruzeiro; 1 
familyboiporãisback; 1 
cruzeiropelohexa; 1 
contratudoecontratodos; 1 
nfdp; 1 
myfirsttweet; 1 
somostodosdesajustados; 1 
ivotedchallenge; 1 
perfect; 1 
learning; 1 
westerncivilization; 1 
politics; 1 
socialism; 1 
mutations; 1 
holiday; 1 
elevate; 1 
museveni; 1 
elonmusk; 1 
metoo; 1 
wokebros; 1 
teamcynthia; 1 
uganda; 1 
listening; 1 
recebidos; 1 
deusemulher; 1 
pf; 1 
madonna; 1 
camisadaislandianao; 1 
recuerdoceleste; 1 
labestianegra; 1 
r; 1 
sottr_photomode; 1 
residentevil2remake; 1 
daysgone; 1 
re2; 1 
dmc5; 1 
parxsan; 1 
sanxsão; 1 
robotchicken; 1 
mrbean; 1 
casosdefamilia; 1 
domingolegal; 1 
hero; 1 
whitepeopleproblem; 1 
faltam13dias; 1 
essezéruelanão; 1 
bonasfederal; 1 
voudebonasfederal; 1 
equipe1311; 1 
essetroçonão; 1 
essemanénão; 1 
comprova; 1 
segurançapública; 1 
ocoisosim; 1 
amoêdonosdebates; 1 
hadad_fernando; 1 
golpista; 1 
kingdomofheroes; 1 
ufc228; 1 
shanghai; 1 
bangkok; 1 
beyondthehorizon; 1 
weareone; 1 
pcm; 1 
pauloguedesnaglobonews; 1 
arrow; 1 
avengersinfinitywar; 1 
dceu; 1 
legendsoftomorrow; 1 
teentitans; 1 
malhacaovidasbrasileiras; 1 
news; 1 
legacies; 1 
insatiableonnetflix; 1 
marvelstudios; 1 
theoriginals; 1 
stargirl; 1 
nancydrew; 1 
arrowverse; 1 
shadowhunters; 1 
trailer; 1 
fazenda; 1 
riverdaleseason3; 1 
thevampirediaries; 1 
insatiableseason2; 1 
viúvanegra; 1 
dcudoompatrol; 1 
ninguemvaiaprisionaravozdopovo; 1 
debatebandsp; 1 
haechan; 1 
nct127; 1 
jaemin; 1 
girlsaward; 1 
ガールズアワード; 1 
johnny; 1 
nct; 1 
nct127_regular_irregular; 1 
ドヨン; 1 
nctdream; 1 
regular_irregular; 1 
nct127_regular; 1 
nct127japan1sttour; 1 
doyoung; 1 
starwarsfanawards; 1 
brazilshow; 1 
artesintegradas; 1 
felakuti; 1 
paisagemsonora; 1 
poster; 1 
domingoshow; 1 
programadasabrina; 1 
rougenodatena; 1 
agoraedomingo; 1 
ideas; 1 
flutterio; 1 
arkit; 1 
euquerobozonaro; 1 
namoradinha; 1 
ruivatarada; 1 
acompanhantessp; 1 
acompanhantes; 1 
quartadasbundas; 1 
acompanhantesp; 1 
adoradoresdebunda; 1 
vilamariana; 1 
garotacomlocal; 1 
ruiva; 1 
puta; 1 
bbw; 1 
gpsp; 1 
bdsm; 1 
happychenday; 1 
passelivreuniversitariointermunicipal; 1 
selenaiscoming; 1 
haddad13ptpresidente; 1 
ocoisonunca; 1 
osfilhostambémnão; 1 
haddadmanunojaburu; 1 
lulalivree; 1 
somosaresistência; 1 
55guerrapelowifiemhogwarts; 1 
machismomata; 1 
elejamémané; 1 
eledecuérola; 1 
elecruzcredo; 1 
pazaosbiscoiteiros; 1 
eledeusquemedibre; 1 
timãodavirada; 1 
sede; 1 
flatearth; 1 
atlético; 1 
lugardabateriaepertodopovao; 1 
transaméricanavenezuela; 1 
capxprc; 1 
pqp; 1 
brasileirão; 1 
furacãonatransamérica; 1 
governomediocre; 1 
libra; 1 
fake; 1 
querendosermangaka; 1 
mythology; 1 
nekotamura; 1 
cavalo; 1 
cavaloalado; 1 
pegasus; 1 
horse; 1 
pégasus; 1 
fandublagem; 1 
mitologia; 1 
dfreitas; 1 
thundercats; 1 
surrealdalestalker; 1 
eunãoquerobolsonaro; 1 
aindomadanoviva; 1 
bem; 1 
gritoooooo; 1 
idem; 1 
elisregina; 1 
ubs; 1 
superlidas; 1 
mcdia; 1 
bolsonaroensaboado; 1 
trmineirao; 1 
china; 1 
meteorgarden; 1 
dylanwang; 1 
pubg_baekhyunxsehun; 1 
meteorgarden2018; 1 
tbworld2018; 1 
hot100; 1 
debatebandrs; 1 
debatesesconguaiba; 1 
liganaguaiba; 1 
soupaola; 1 
ruicorreria; 1 
boçalnaro; 1 
ruigovernador; 1 
ruicosta; 1 
bbmp; 1 
godofwar4; 1 
vivero; 1 
ansiaudades; 1 
sony; 1 
vemmeteoro; 1 
symbiote; 1 
marvelsspiderman; 1 
venom; 1 
pixaloop; 1 
begreater; 1 
dica; 1 
ps4; 1 
deathstranding; 1 
pensesobre; 1 
cssgrid; 1 
angular2; 1 
muitofodah; 1 
nerdgirlz; 1 
18hoopclass; 1 
css; 1 
cssdiner; 1 
webdev; 1 
angular; 1 
conceicaoevaristonaabl; 1 
longlivethelegion; 1 
whatsgoodcardi; 1 
lgbtscontrabolsonaro; 1 
repeitaosrolesdoslixos; 1 
teaminaê; 1 
ocaotacrescendo; 1 
vidaderoadie; 1 
ead; 1 
wirecast; 1 
bolsonazinão; 1 
semspoiler; 1 
tdcc; 1 
brands; 1 
queimandoalingua; 1 
inhumans; 1 
sunnyfxx; 1 
sobrevivendo; 1 
pcnopc; 1 
ボスゴドラ; 1 
ハガネール; 1 
bowsette; 1 
一日一絵; 1 
ポケモンgo; 1 
usopennosportv; 1 
naovaitersegundoturno; 1 
streamer; 1 
minecraft; 1 
shera; 1 
truefact; 1 
falamaisgentilli; 1 
nerdcastacabou; 1 
voltaplbrasil; 1 
natashapresidente; 1 
eibolsonarovaitomarnocu; 1 
chewbacca; 1 
percussão; 1 
bonzo; 1 
tantan; 1 
tobemta; 1 
respectaretha; 1 
pagode; 1 
pagodeiro; 1 
percussion; 1 
foigope; 1 
cachorroquecachorro; 1 
tobemtambem; 1 
lulahaddadpresidente; 1 
trompetista; 1 
usopen; 1 
lisetenaredetv; 1 
lulalivresim; 1 
haddad13sim; 1 
manuvicesim; 1 
propostasdospresidenciáveis; 1 
anacrônico; 1 
pesquisaeleitoral; 1 
votoeletrônico; 1 
foco; 1 
esportes; 1 
amexvas; 1 
getwellsoonpedro; 1 
minhaesquerdistasecreta; 1 
élennon; 1 
xrp; 1 
dogecoin; 1 
smartcard; 1 
doge; 1 
wow; 1 
etc; 1 
priceless; 1 
truevalue; 1 
btc; 1 
smart; 1 
ubereats; 1 
tothemoon; 1 
cryptocurrency; 1 
memes; 1 
1doge1doge; 1 
emergingtech; 1 
criptomoedas; 1 
hot; 1 
nano; 1 
eth; 1 
tron; 1 
crypto; 1 
torvla; 1 
standup; 1 
ginobili; 1 
zlatan500; 1 
delleallichallenge; 1 
n1; 1 
senna; 1 
hamilton; 1 
brunaefabiodizemsim; 1 
indiretas; 1 
queremosobi; 1 
foraluisricardo; 1 
tásertu; 1 
seleçãobrasileira; 1 
floridacup; 1 
elatambémnão; 1 
rotaspelobrasil; 1 
jeito; 1 
vocêsim; 1 
joicefederal1771; 1 
bolsojoice1771; 1 
dia7é17; 1 
seranoprimeiroturno; 1 
joicehasselmann; 1 
tudonovo; 1 
pensandobem; 1 
tudo2; 1 
diadelutadapessoacomdeficiência; 1 
sice; 1 
criticaltransitions; 1 
emotions; 1 
sensors; 1 
thessaloniki; 1 
nsf; 1 
fellowship; 1 
phd; 1 
conference; 1 
iu; 1 
sna; 1 
estafamaestra; 1 
greece; 1 
postdoc; 1 
cikm2018; 1 
css18; 1 
javierduarte; 1 
digitalepidemiology; 1 
complex_systems; 1 
capes; 1 
nrt; 1 
prêmiodamúsicabrasileira; 1 
rockinrio2019; 1 
mercúrio; 1 
erkencikuş; 1 
i̇remhelvacıoğlu; 1 
demetözdemir; 1 
anket; 1 
canyaman; 1 
canem; 1 
21_lessons; 1 
diamundialdaprevençãodosuicídio; 1 
fotosdefatos; 1 
geraldonaglobonews; 1 
manbooker2018; 1 
diplo; 1 
nuevafotodeperfil; 1 
burra; 1 
paracetaloka; 1 
indecente; 1 
maluma; 1 
haja; 1 
jbalvin; 1 
kylesbikes; 1 
equipead19; 1 
ocean; 1 
saibaq; 1 
cenasgringasrs; 1 
amore; 1 
dadosabertos; 1 
citação; 1 
wattpad; 1 
fictimeaftertime; 1 
15deseptiembre; 1 
sinaloa; 1 
ddhh; 1 
guanajuato; 1 
vih; 1 
sinvotonohaydinero; 1 
revistadela1; 1 
rugeconellas; 1 
noalfiscalcarnal; 1 
león; 1 
nosinmujeres; 1 
nuestratribuna; 1 
lionpipol; 1 
guadalajara; 1 
bicissímultasno; 1 
opinión; 1 
tocomtarcisio; 1 
saidoarmáriobolsonaro; 1 
novo30; 1 
bomdiabrasil; 1 
eugostoquando; 1 
resistencia153dias; 1 
onudecidelulaécandidato; 1 
istoégente; 1 
lulaço; 1 
carlinhosmaia; 1 
haddadépresidente; 1 
andre13555; 1 
ajudeamaribel; 1 
mercados; 1 
quorum; 1 
neuquen; 1 
utn; 1 
medicamentos; 1 
cyt; 1 
axelkicillof; 1 
democraciaenpeligro; 1 
macri; 1 
scocco; 1 
jubilados; 1 
lacolumna; 1 
trabajo; 1 
bonadio; 1 
bastadeperseguir; 1 
poderadquisitivo; 1 
asignacionesfamiliares; 1 
argentinasinestadodederecho; 1 
ministerios; 1 
comodororivadavia; 1 
macrismoexplicito; 1 
crisiseconómica; 1 
cambiemos; 1 
lasmalvinassonargentinas; 1 
hcdn; 1 
cuadernos; 1 
encuentropatagónico; 1 
nomearrepiento; 1 
nomearrepientodeesteamor; 1 
ajuste; 1 
salud; 1 
díadelniño; 1 
inflacion; 1 
malvinas; 1 
educacionpublicasiempre; 1 
macrismoalpalo; 1 
laeditorial; 1 
universidad; 1 
milagrosala; 1 
presupuestodelajuste; 1 
macrisis; 1 
parogeneral; 1 
macrismoduro; 1 
camioneros; 1 
empoderados; 1 
tdf; 1 
presupuesto2019; 1 
fuerzacristina; 1 
marchanacionaleducativa; 1 
educacionenpeligro; 1 
macrismoobsceno; 1 
tierradelfuego; 1 
hoy; 1 
alianzacambiemos; 1 
untdf; 1 
mipanuelonoesdelito; 1 
hablamacri; 1 
riogrande; 1 
jujuy; 1 
editorial; 1 
resistencia158dias; 1 
bolsonaroécorrupto; 1 
afieléfoda; 1 
militei; 1 
teamprisma; 1 
borabora; 1 
somostodosemos; 1 
agentsofshield; 1 
cancionfavoritaurbano; 1 
modric; 1 
queronotvz; 1 
jadesy; 1 
natália; 1 
isolda; 1 
fátima; 1 
zenaide; 1 
thegoodplace; 1 
somostodostomzé; 1 
absurdo; 1 
inaceitável; 1 
linha24; 1 
crimelesapátria; 1 
fogonaxaqueline; 1 
algreen; 1 
forçagraça; 1 
bbbomdia; 1 
bomdiafoxsexta; 1 
bbdemite; 1 
basta; 1 
eueocigarro; 1 
siri; 1 
instagay; 1 
cortana; 1 
pasapalabrachv; 1 
nike; 1 
افضل_سناب_بجوالك; 1 
ok; 1 
bachelorinparadise; 1 
loveislove; 1 
pride; 1 
federer; 1 
showmatch2018; 1 
lovewins; 1 
شي_حلو_بحرف_م; 1 
fátima13; 1 
lgbt; 1 
zenaide313; 1 
eusouzn; 1 
tarzan; 1 
floridastate; 1 
s8; 1 
picodopapagaio; 1 
chárevelação; 1 
ensinosuperior; 1 
marketing; 1 
presidenciaveisnaglobo; 1 
devlife; 1 
vassouraquebrada; 1 
magento; 1 
colaçãodegrau; 1 
uam; 1 
porcorum; 1 
melixp2018; 1 
melixp; 1 
mm18br; 1 
meliexp2018; 1 
chatiado; 1 
nofilter; 1 
actionfigure; 1 
gopro; 1 
내마음; 1 
generationunlimited; 1 
데이식스; 1 
포트워스2회차공연; 1 
ly오클랜드; 1 
btsonfallon; 1 
jk; 1 
billboardnews; 1 
endviolence; 1 
suga; 1 
jungkook; 1 
오키나와; 1 
day6; 1 
해밀턴1회차공연; 1 
seesaw; 1 
army; 1 
youth; 1 
해밀턴3회차공연; 1 
지민; 1 
btsongma; 1 
ineedu; 1 
btsinhamilton_d3; 1 
정국; 1 
btsonagt; 1 
microconto; 1 
miniconto; 1 
osegredodaboafoto; 1 
livresdolula; 1 
naoassistaglobopor30dias; 1 
meseguenogab; 1 
lulaépresidiário; 1 
blessed; 1 
turmadamemica; 1 
bullyingdofuturo; 1 
cadêapropostadecente; 1 
cirorivotril; 1 
ofilhodeletambemnao; 1 
dragrace; 1 
ticosantacruz; 1 
pubg; 1 
fortinite; 1 
balancogeralmg; 1 
arseve; 1 
chears; 1 
livpsg; 1 
cryliv; 1 
juventuslazio; 1 
muntot; 1 
totliv; 1 
haddadédilma; 1 
sooners; 1 
gridironheights; 1 
rapcaviar; 1 
fallout76; 1 
happysaturday; 1 
cle; 1 
daquelejeito; 1 
quero; 1 
pauloguedes; 1 
celsoroth; 1 
joelsantana; 1 
getthestrap; 1 
southafrica; 1 
million; 1 
france; 1 
cats; 1 
guerreirodarodada; 1 
fungi; 1 
muse; 1 
gozo; 1 
funnycats; 1 
hammerhead; 1 
cute; 1 
lion; 1 
thoughts; 1 
foodie; 1 
muserandoms; 1 
bears; 1 
salmon; 1 
kitty; 1 
catsoftwitter; 1 
fridayfeeling; 1 
fishing; 1 
inkmaster; 1 
sharks; 1 
queensland; 1 
malta; 1 
serena; 1 
timelulu; 1 
justiceformcloma; 1 
keferanofaustao; 1 
soubrasileiromas; 1 
aquino; 1 
cansada; 1 
brasileirao; 1 
diadohistoriador; 1 
nunca; 1 
matriz; 1 
lymedisease; 1 
santos; 1 
marbranco; 1 
marbrancotj; 1 
apoiarateofim; 1 
verguenzacomenmbol; 1 
reageantos; 1 
santosotimedavirada; 1 
naodescenointervalo; 1 
ironic; 1 
sanxind; 1 
vasxsan; 1 
respectyourelders; 1 
kovac; 1 
botafogo; 1 
saudadespraia; 1 
fcbayern; 1 
rádiocolorada; 1 
5in9; 1 
liberationtour; 1 
aniitta; 1 
teamanapaula; 1 
teamaloisio; 1 
avante13; 1 
rafaelaresponde; 1 
trophyhunting; 1 
egyptstation; 1 
tiradamonica; 1 
blaugrana; 1 
goticasuave; 1 
infographics; 1 
userexperiences; 1 
nationalvideogamesday; 1 
vamosbrazil; 1 
manofmedan; 1 
oscarwilde; 1 
melherescontraobolsanaro; 1 
mulherescontraobolsanaro; 1 
representividade; 1 
meupresidentemeudaddy; 1 
blackcouples; 1 
mcrebecca; 1 
sassygirl; 1 
wildkardinbrazil; 1 
kardinbrazil; 1 
wildkardinrio; 1 
autonomousvehicles; 1 
souousado; 1 
wecannerdit; 1 
bivisbilityday; 1 
happybirthdaydemi; 1 
september11th; 1 
happybirthdaynickjonas; 1 
bumblebeemovie; 1 
liberaacativa; 1 
cartersim; 1 
liberation; 1 
ripbeatrizsegall; 1 
voleinaespn; 1 
grevedefome; 1 
anittadiganãoaofascismo; 1 
bossimga; 1 
tricoloremtodaterra; 1 
somosnyflu; 1 
vempranyflu; 1 
somosfluminense; 1 
keepmicrowavesdumb; 1 
digital; 1 
amigosdoezequiel; 1 
juvesassuolo; 1 
dreamog; 1 
graffite; 1 
graffite98fm; 1 
mensagemdodia; 1 
maisvocê; 1 
pensamentododia; 1 
democracianao; 1 
dia29elenuca; 1 
ritaleeprapresidente; 1 
dia29elenao; 1 
rimas; 1 
maturidade; 1 
pracima; 1 
nadapodeabalar; 1 
bomdiatuliolustosa; 1 
alexdias; 1 
matogrossoemathias; 1 
adia; 1 
pixel; 1 
fortalezaec; 1 
trboraleao; 1 
goiás; 1 
どうなる西村拓真; 1 
頑張れデゲネク; 1 
make; 1 
chat; 1 
falarcomoumpi; 1 
fea; 1 
featureme; 1 
sendmegifts; 1 
coindrop; 1 
bepos; 1 
workou; 1 
sendmegif; 1 
sen; 1 
mu; 1 
e; 1 
cristian; 1 
teamjess; 1 
rumoaotetra; 1 
weday; 1 
hbd; 1 
다함께_축하파티; 1 
random; 1 
happy818gday; 1 
키; 1 
임팩트; 1 
nanana; 1 
태호; 1 
나나나; 1 
minho; 1 
더쇼; 1 
생일축하해; 1 
bigbang; 1 
샤이니; 1 
이프; 1 
shinee; 1 
민호; 1 
웅재; 1 
같이온손님; 1 
양싸; 1 
suho; 1 
gd; 1 
jairmessiasbolsonaro17; 1 
elenununcaroubouobrasil; 1 
fodaseanitta; 1 
manunodesespero; 1 
minhaesquerdopatasecreta; 1 
jairbolsonaro17; 1 
liberdadecombolsonaro; 1 
elenuncaroubouobrasil; 1 
elenuncaroubou; 1 
bolsonaroeleito1ºturno; 1 
jairseacostumando; 1 
elenaoécorrupto; 1 
elenãoécorrupto; 1 
topbin; 1 
oneofmanyworldies; 1 
danilogentilifilhodaputa; 1 
baller; 1 
timeteló; 1 
replaytvjornal; 1 
zapzap; 1 
rio2016; 1 
câncer; 1 
autoral; 1 
sextounarégua; 1 
sub17; 1 
rimadotrem; 1 
tocomtarcisio50; 1 
engenhonovo; 1 
bailedaprojectfantasy; 1 
freixofederal; 1 
literatura; 1 
reformadaprevidência; 1 
cpidaprevidência; 1 
praeleeudigosim; 1 
paimmerepresenta; 1 
rossetto13; 1 
paimsenador; 1 
sou13; 1 
terceirização; 1 
lei; 1 
reformatrabalhista; 1 
futuroestuprador; 1 
futuroassediador; 1 
fénacadeia; 1 
mulheresunidasdecidem; 1 
cancun; 1 
xcaret; 1 
livemovel00h; 1 
votoimpressoja; 1 
elenãosairdacadeia; 1 
pleasecometobrazil; 1 
pottermore; 1 
diamundialsemcarrorj; 1 
levezadodia; 1 
r7; 1 
13temerswhy; 1 
afp; 1 
vaivendo; 1 
mais90; 1 
trazovaldiviatialeila; 1 
corisco; 1 
ocangaço; 1 
dela; 1 
elenäo; 1 
forafascista; 1 
ditaduranuncamais; 1 
cyberpunk2077; 1 
boringsaturdaynight; 1 
novacdjokovic; 1 
alizecornet; 1 
brag; 1 
gottarest; 1 
problematização; 1 
defensoriasim; 1 
defensorianarua; 1 
defensoriabahia; 1 
estaçãonovalapa; 1 
bossanostra; 1 
pocophonef1; 1 
amoedonopenico; 1 
redeglobo; 1 
usa; 1 
youngpilates; 1 
fitness; 1 
educacaofisica; 1 
nutricionista; 1 
pilateslovers; 1 
pilatescadillac; 1 
lixo; 1 
pilates; 1 
parabens; 1 
fitnessmotivation; 1 
pilatesstudio; 1 
partiuflutu; 1 
batebola; 1 
davajonas; 1 
i; 1 
mercuryprize; 1 
iza; 1 
alice; 1 
val2018; 1 
thekonferense2018; 1 
jacksonvillelandingshooting; 1 
dinrost; 1 
mtgchamp; 1 
dance; 1 
cerrado; 1 
illustrator; 1 
cartum; 1 
brasilia; 1 
forró; 1 
tongueouttuesday; 1 
malayanflyingfox; 1 
elemuitomenos; 1 
eletambémnão; 1 
vamosfogo; 1 
debatebandbsb; 1 
cruzeirocabuloso; 1 
tocadaraposa3; 1 
donadaminhavida; 1 
futsal; 1 
vamosvozão; 1 
programa5; 1 
bundesligaéno442; 1 
laligano442; 1 
selecaodacbf; 1 
rodnei; 1 
bddf; 1 
vemproflamengocr7; 1 
dicadodia; 1 
dicadodia2; 1 
gecorinthians; 1 
awaydays; 1 
htgawn; 1 
vemdezembro; 1 
partiurj2018; 1 
26damá; 1 
1semanaprasférias; 1 
florirrj; 1 
euvoltei; 1 
lindos; 1 
obrasilqueeuquero; 1 
omiguelchegou; 1 
gratis; 1 
perdendoamao; 1 
bazaaricons; 1 
havanaliveisout; 1 
havanalive; 1 
1000dayswithoutonedirection; 1 
weloveyouariana; 1 
keepbreathinariana; 1 
hojemelhorqueontem; 1 
uefa; 1 
senhorpresidente; 1 
oestexatléticogo; 1 
championsleaguenoeiplus; 1 
rmliga; 1 
gigantespornatureza; 1 
fcbb04; 1 
meninosdavila; 1 
gabigol200jogos; 1 
ufcsp; 1 
g1pernambuco; 1 
gloriaadeus; 1 
gizcast; 1 
200anoskarlmarx; 1 
jairoujáera; 1 
teamtntforever; 1 
oldschool; 1 
terceirizanãostf; 1 
m10; 1 
nãoimportamoquedigam; 1 
forcaclayson; 1 
familiapalmeiras; 1 
voudebike; 1 
marcodas3fronteiras; 1 
blueeyes; 1 
xatiado; 1 
frenchpress; 1 
gourmettouch; 1 
todososgatossãolindos; 1 
realoficial; 1 
turistandoemcasa; 1 
hitodelas3fronteras; 1 
saladanopote; 1 
gateira; 1 
cataratasdoiguaçu; 1 
saudadeseternas; 1 
loucosporcafé; 1 
gatosfilhotes; 1 
sóporumasemana; 1 
vendiocarro; 1 
greeneyes; 1 
fozdoiguaçu; 1 
polishop; 1 
babycat; 1 
instagramdogato; 1 
gatossendogatos; 1 
gatão; 1 
ar; 1 
todososgatossãofofos; 1 
gatobranco; 1 
iguassufalls; 1 
aleph; 1 
puertoiguazú; 1 
nationaldogday; 1 
sócio5estrelas; 1 
ahscult; 1 
htgawm; 1 
killerfrost; 1 
theflash; 1 
funkonycc; 1 
zero; 1 
mutantundeground; 1 
mrrobot; 1 
showdosfamosos; 1 
masterchefbrasil; 1 
teamteló; 1 
unbreakablekimmyschmidt; 1 
porchatespecial; 1 
13reasonswhy; 1 
50tonsdetemer; 1 
ilovesp; 1 
sunlights; 1 
green; 1 
rolaneles; 1 
lake; 1 
memories; 1 
history; 1 
turtle; 1 
culture; 1 
to; 1 
u; 1 
balancogeral; 1 
balancogeralrj; 1 
boletimmatutino; 1 
destemperado; 1 
thevoice; 1 
falapalavrão; 1 
호석; 1 
rmday; 1 
꾹이생일ㅊㅋ; 1 
준이는_아미의_사랑이자_자랑; 1 
happy_rm_day; 1 
金南俊; 1 
남준; 1 
모니생일ᄎᄏ; 1 
jin; 1 
trl; 1 
석진; 1 
미국4회차공연; 1 
jhope; 1 
석찌니; 1 
김남준; 1 
고마워하늘; 1 
진; 1 
answer; 1 
랩몬스터; 1 
worldwidehandsome; 1 
epiphany; 1 
jintro; 1 
달이참예뻤어요; 1 
남준이는_아미의_사랑이자_자랑; 1 
namjoonxarmy; 1 
포트워스1회차공연; 1 
모니생일ㅊㅋ; 1 
btsworldtour; 1 
꾹아근데그거는알아야한다나는분명히거르고걸러괜찮은것만올리는거다우리사이에전쟁은없길바란다말했다; 1 
jkmagicday; 1 
보라해; 1 
jinkissletsgo; 1 
namjoonday; 1 
loveyourselftourinla; 1 
littleeuphoriaday; 1 
김석진; 1 
manuaovivo; 1 
bemfeitobolsonaro; 1 
nesseeunaovoto; 1 
marinanosegundoturnosim; 1 
f; 1 
brasilcommarina18; 1 
marina18presidente; 1 
avril; 1 
naoseapeganaoofilme; 1 
pedeamorinha; 1 
amoras; 1 
professorademusica; 1 
aulasdeviolao; 1 
aulasdemusica; 1 
vaimad; 1 
musicista; 1 
quadrinhos; 1 
maternidade; 1 
paisefilhos; 1 
quintaserie; 1 
paternidade; 1 
jikook; 1 
btslytour; 1 
ripmuseunacional; 1 
rayaravive; 1 
eidmubarak; 1 
himym; 1 
mmavideos; 1 
2daystogo; 1 
bravecf10; 1 
morocco; 1 
alf; 1 
traveling; 1 
eidaladha; 1 
jordan; 1 
b99; 1 
trip; 1 
bravenation; 1 
bravecf; 1 
bravecf16; 1 
brave15; 1 
bravecf14; 1 
maroc; 1 
bravecf15; 1 
bogota; 1 
bravechampion; 1 
santander; 1 
eteimoso; 1 
sadboy; 1 
classemediasofre; 1 
maquinadememes; 1 
ajudeummoreira; 1 
espelhodavida; 1 
mulherescombonossauro; 1 
u2eitour; 1 
williambigode; 1 
leandroqueada; 1 
felipao; 1 
mengao; 1 
lcalheiros09; 1 
lucianocalheiros; 1 
temerealckmin; 1 
minharotina; 1 
tdpart; 1 
bip; 1 
loversrock; 1 
usopennaespn; 1 
orgulhosamentepontagrossense; 1 
ofantasmasubiu; 1 
tbtzão; 1 
coraçãodabananeira; 1 
googledoodle; 1 
índio_presente; 1 
alenobbb19; 1 
tôtiazona; 1 
sejamenas; 1 
homesweethome; 1 
burritosclandestinos; 1 
10yearsofdontforget; 1 
votoemmarinapq; 1 
marinapropoe; 1 
padilha1354; 1 
semesmorecer; 1 
13emcampanha; 1 
semesmorecer1⃣3⃣; 1 
manuela; 1 
lulavive; 1 
gointz; 1 
gneleicoes2018; 1 
elassempre; 1 
thesedays; 1 
negracomorgulho; 1 
stonetemplepilots; 1 
mulhercommuitoorgulho; 1 
rope; 1 
bestofyou; 1 
euqmandotwitter; 1 
msf; 1 
todoscontrabolsonaro; 1 
renatorusso; 1 
foofighters; 1 
legiãourbana; 1 
jornaldacultura; 1 
hallello; 1 
bembloguerinha; 1 
bdayokasan; 1 
vt; 1 
emdois; 1 
famex; 1 
doctorwhonaccxp2018; 1 
resistencia156dias; 1 
coytada; 1 
bonjurp; 1 
switch; 1 
motorola; 1 
livewire; 1 
sccp; 1 
bmw; 1 
google; 1 
harleydavidson; 1 
nintendo; 1 
360c; 1 
esim; 1 
maps; 1 
dualsim; 1 
iphone; 1 
actros; 1 
mercedesbenz; 1 
ufsc; 1 
sccpxpar; 1 
serie3; 1 
tsukuba; 1 
androidpolice; 1 
googlecoach; 1 
audi; 1 
wearos; 1 
leaf; 1 
whatsapp; 1 
volvo; 1 
uber; 1 
nissan; 1 
android; 1 
5g; 1 
waze; 1 
lenovo; 1 
iphones; 1 
etron; 1 
androidpie; 1 
chaxsccp; 1 
googledrive; 1 
malbec; 1 
amgxvas; 1 
challenge; 1 
rjtv; 1 
lancevas; 1 
vasxbah; 1 
vasxcea; 1 
espm; 1 
alichallenge; 1 
novoalmirante; 1 
goodbehavior; 1 
versailles; 1 
killingeve; 1 
dietland; 1 
pftc4; 1 
uerj; 1 
fog; 1 
planttraits; 1 
lsd; 1 
perseguicao; 1 
saudemental; 1 
falundafa; 1 
revoltadasbistecas; 1 
gearsnight; 1 
choroélivre; 1 
forcayde; 1 
renegades; 1 
naduvida; 1 
sdds; 1 
cayde6; 1 
soad; 1 
montreal; 1 
diva; 1 
chaxflu; 1 
celinedion; 1 
zorasourit; 1 
gopackgo; 1 
fluxbot; 1 
maternidadereal; 1 
farsajato; 1 
haddad13élula13nojn; 1 
lollabr; 1 
caturday; 1 
seleçãofeminina; 1 
gazetapeixe; 1 
linha19; 1 
blackandwhite; 1 
abstraction; 1 
thewood; 1 
canon; 1 
dominiquecameron; 1 
50mm; 1 
contemporaryartcurator; 1 
atmospheric; 1 
streetphoto; 1 
sea; 1 
atmosphere; 1 
contemporarypainting; 1 
paris; 1 
eastlothian; 1 
colourist; 1 
rainyday; 1 
blackandwhitephotography; 1 
incomingtide; 1 
pascalcolin; 1 
éciropresidente12; 1 
sila; 1 
serenatadeamor; 1 
bolsonaronojn; 1 
godnocomando; 1 
diversidade; 1 
cabodaciolo; 1 
saudades; 1 
joãoarruda; 1 
vote15; 1 
ripsextou; 1 
laschicasdelcable3; 1 
wonderwoman; 1 
arrasou; 1 
bestpersonaever; 1 
reencarnação; 1 
marinasilva18; 1 
somoshaddad; 1 
marinapresidente; 1 
facafake2018; 1 
facapresidente2018; 1 
somosmanuela; 1 
cirão; 1 
melhoresdoano2018; 1 
ufal; 1 
é13econfirma; 1 
manuvice; 1 
euevcsim; 1 
imusthavedonesomethingright; 1 
jamais; 1 
latetweet; 1 
feat_nickiminaj; 1 
britcertified; 1 
brits; 1 
reiki; 1 
equilibrio; 1 
drupal; 1 
locaweb; 1 
openstack; 1 
cloud; 1 
phpsp; 1 
beneficiente; 1 
phpwomenbr; 1 
imasters; 1 
php; 1 
corpo; 1 
betatesters; 1 
harmonia; 1 
edlp; 1 
grêmiotv; 1 
seguequem; 1 
elenaonuncanever; 1 
perfeito; 1 
elenaonuncaneverjamais; 1 
asu2018; 1 
guccitailoring; 1 
glenluchford; 1 
globorepórter; 1 
profissãorepórter; 1 
izoneペンと繋がりたい; 1 
g1matogrosso; 1 
gocnb; 1 
conmenbol; 1 
pqhaddad; 1 
metal; 1 
childishgambino; 1 
segundaéumdialindo; 1 
beijosdeluz; 1 
reflexõesdequinta; 1 
agoraé13; 1 
éjairoujáera; 1 
ejairoujaera; 1 
myanilist; 1 
usandthemtour; 1 
riga; 1 
ouroolimpico; 1 
deuséfiel; 1 
maratóncdmxtelcel; 1 
pattismith; 1 
rogerwaters; 1 
conespírituolímpico; 1 
nadavainosseparar; 1 
ld9; 1 
berlin42; 1 
correconemoción; 1 
stationx0; 1 
oclubedosabado; 1 
capitulo; 1 
엑소; 1 
categoria; 1 
백일의낭군님; 1 
weareoneexo; 1 
do; 1 
endlessdelirium; 1 
dohkyungsoo; 1 
도경수; 1 
ibge; 1 
hlf18; 1 
somostodosmarluce; 1 
bolsonaropresidente2018; 1 
forçacapitão; 1 
folhalixo; 1 
jornalesquerdistademerda; 1 
tristeza; 1 
pec241; 1 
cruzeiraocabuloso; 1 
pecdosgastospublicos; 1 
fomeporjustiça; 1 
frotaokiwibrasileiro; 1 
tocomciro; 1 
me; 1 
girl; 1 
recordaréviver; 1 
brazilian; 1 
startups; 1 
diadojornalista; 1 
tecnologia; 1 
procrastinação; 1 
inovacao; 1 
dicas; 1 
softwares; 1 
corrupcao; 1 
brasildigital; 1 
mercosul; 1 
inovação; 1 
destaquesdasemana; 1 
deiprint; 1 
artistasepolitica; 1 
viviana; 1 
thobackthursday; 1 
anaclara; 1 
eumerecoserfeliz; 1 
vídeoshowaovivo; 1 
videoshow; 1 
fiquedivacomniely; 1 
touro; 1 
anaclaraestanamorando; 1 
man; 1 
closet; 1 
vacation; 1 
instaboy; 1 
maraca; 1 
world; 1 
go; 1 
love; 1 
life; 1 
galleycast; 1 
macmagazinenoar; 1 
loopmatinal; 1 
ultrageekredegeek; 1 
papotech; 1 
beercastbrasil; 1 
consciêncialimpa; 1 
nessepequenomundochamadobrasil; 1 
mambanegra; 1 
vol7; 1 
quartas; 1 
esmeralda; 1 
clubberscontrabolsonaro; 1 
projetouniversidade2020; 1 
deterçapraquarta; 1 
enjoyfriends; 1 
illuminattis; 1 
premiere; 1 
correção; 1 
musicanova; 1 
drrubistein; 1 
5meses; 1 
otimedoamor; 1 
otimedavirada; 1 
onnline; 1 
thetecnogang; 1 
vol6; 1 
porcoquântico; 1 
anarquismo; 1 
poder; 1 
dissidenti; 1 
nabonbonera; 1 
brincandodelego; 1 
cashu; 1 
catandocoquinho; 1 
rave105; 1 
hushhushmovie; 1 
viralatasmaisricosqueamoedo; 1 
jeanwyllys5005; 1 
umdenós; 1 
legalizejá; 1 
pes2019; 1 
péquente; 1 
flamém; 1 
babyguto; 1 
s1live; 1 
デレステ3周年cp; 1 
クッパ姫; 1 
elasnao; 1 
beyhive; 1 
jenner; 1 
youtubers; 1 
opabomdia; 1 
kardashian; 1 
newfotocadotwittersz; 1 
carolcorps; 1 
wandamaximoff; 1 
devilmaycry; 1 
gosto; 1 
caroldenvers; 1 
scarletwitch; 1 
thor; 1 
sorry; 1 
feiticeiraescarlate; 1 
wakandaforever; 1 
superman; 1 
euamomeuscoleguinhas; 1 
ignoranciagerahonestidade; 1 
ocaldoengrossou; 1 
rey; 1 
vampire; 1 
kylo; 1 
caos; 1 
jokermovie; 1 
rogueone; 1 
starwarsart; 1 
ughbreds; 1 
dracula; 1 
bond25; 1 
hellboy; 1 
jurassicpark; 1 
grandmofftarkin; 1 
jurassicworldfallenkingdom; 1 
starwarsdaily; 1 
kyloren; 1 
nycc; 1 
fútbol; 1 
colven; 1 
vo; 1 
makotoniijimaweek; 1 
câmeradoestagiário; 1 
quemtemmaistem9; 1 
palxcap; 1 
temakin; 1 
lixeiramemes; 1 
stivejobs; 1 
tuitutil; 1 
gabiaki; 1 
soumuitolinda; 1 
metoomvmt; 1 
believesurvivors; 1 
melhorjairseacostumando; 1 
pazbarbuda; 1 
portoalegre; 1 
nickplay; 1 
pittyteconecta; 1 
everchanging; 1 
electricity; 1 
amanatnt; 1 
gameofthroneslive; 1 
osirmãossister; 1 
armyselcaday; 1 
vemprotelegram; 1 
liberatelegram; 1 
mariavaicomasoutras; 1 
omitochegou; 1 
mitonaselfie; 1 
ocapitaotavoltando; 1 
debatesbt; 1 
cirogomes2018; 1 
ciro2turno; 1 
tôcomrossetto; 1 
dorgas; 1 
rindodenervoso; 1 
queropropostadecente; 1 
trpv; 1 
futgloborádio; 1 
debate; 1 
genogalo; 1 
cbn; 1 
campanhafake; 1 
mpn2018; 1 
goout; 1 
hexabilidade; 1 
tvquase; 1 
dato; 1 
digamos; 1 
ufices; 1 
chile; 1 
economía; 1 
economiaenpicada; 1 
leosbaraglia; 1 
lespuedohacerdaño; 1 
cambiodeepoca; 1 
económico; 1 
pás; 1 
fascistasnãopassarão; 1 
ciromudadevice; 1 
eusourica; 1 
sortedodia; 1 
formula1; 1 
ripanitta; 1 
wecandoit; 1 
chitaozinhoexororo; 1 
teamprado; 1 
salvemomuseunacional; 1 
vermelho; 1 
lagarto; 1 
rwc2019; 1 
votenoqueacredita; 1 
nerdcast; 1 
thread; 1 
boletimdiário; 1 
podcastbr; 1 
rapaduracast; 1 
temer; 1 
gugacast; 1 
museonacional; 1 
bolsonaronaomerepresenta; 1 
lulalixo; 1 
lulapreso; 1 
business; 1 
tchauqueridos; 1 
ptlixo; 1 
desesperada; 1 
becband; 1 
porondeforvouteverjogar; 1 
makechesterproud; 1 
mlsnaespn; 1 
39a; 1 
sojesussalva; 1 
plutão; 1 
bomdiafoxsegunda; 1 
htv7; 1 
falconheavy; 1 
segundaelitedosdv; 1 
espaço; 1 
prova; 1 
marte; 1 
goldentour; 1 
fausto; 1 
trabalho; 1 
reallife; 1 
letsgo; 1 
verificanatasha; 1 
5aninhosdomiguel; 1 
aline; 1 
podosfera; 1 
ser; 1 
emuitomaisqfutebol; 1 
nadisposicaodecadaum; 1 
asegurancadetodos; 1 
forçabolsonaro; 1 
força; 1 
haddadsoufã; 1 
éprimaveraé13; 1 
santonunca; 1 
haddadéfera; 1 
todosvotandodevermelho; 1 
vouvotardevermelho; 1 
deusnoslivredemeireles; 1 
resistencia165dias; 1 
botoxnempensar; 1 
noticierocentral; 1 
tertuliadeviernes; 1 
fcpolit; 1 
facu; 1 
condemocracia; 1 
estebaniglesias; 1 
afcxfla; 1 
deplaca; 1 
cironothenoite; 1 
unidoscontraacorrupção; 1 
timealexis; 1 
chegadeprivilegios; 1 
somostodoslavajato; 1 
vamosrenovartudo; 1 
joaonosbt; 1 
imagemdasemana; 1 
unidoscontraacorrupcao; 1 
joãoamoêdonosdebates; 1 
nãoreelejaninguém; 1 
politica; 1 
meuvotoefeminista; 1 
notíciasabc; 1 
votemulheres; 1 
voteemmulheres; 1 
votelgbt; 1 
liampaynevmas; 1 
won1dz; 1 
opendata; 1 
iridescence; 1 
machismo; 1 
dia29elenão; 1 
nãovamosnoscalar; 1 
unfollownaanitta; 1 
diganãoacaçaasbaleias; 1 
vasxecb; 1 
upmh; 1 
entrepreneur; 1 
effort; 1 
resistencia136dias; 1 
10aniversario; 1 
lesbicalitrao; 1 
srn; 1 
ironfists2; 1 
facebookdown; 1 
ironfistnews; 1 
ironfist; 1 
randcorporation; 1 
lulazord; 1 
renaultseguerenault; 1 
mariliamendonca; 1 
estreiasintrínseca; 1 
mulheresintrínseca; 1 
thrillersintrínseca; 1 
fofosintrínseca; 1 
voltanicoloco; 1 
diainternacionaldapaz; 1 
greatapesgivingday; 1 
vidaloka; 1 
depoisreclama; 1 
ceilândiameupaís; 1 
aupfoxsports; 1 
ocaradarodada; 1 
cbftv; 1 
flaxcsc; 1 
imagemdarodada; 1 
imagensdarodada; 1 
riverfox; 1 
welcomemariano; 1 
bocafox; 1 
boatardefox; 1 
planetasportv; 1 
brasileiraonosportv; 1 
digitalpainting; 1 
creative; 1 
desenhodigital; 1 
skin; 1 
competition; 1 
digitaldraw; 1 
zenron; 1 
beastmaster; 1 
tsmwin; 1 
taoism; 1 
mastery; 1 
taoteching; 1 
wisdom; 1 
freedom; 1 
wuwei; 1 
tao; 1 
equipegil; 1 
portrásdaletra; 1 
dubai; 1 
airport; 1 
deprimida; 1 
foreveralone; 1 
voudemarina18; 1 
elisabethmoss; 1 
championsleague; 1 
psg; 1 
airneymar; 1 
gervinho; 1 
wilsonmoreira; 1 
flaviodinovo; 1 
ahsapocalpyse; 1 
cirocontraonazismo; 1 
marquinhovive; 1 
brasileirosub20nosportv; 1 
playplus; 1 
sbtrio; 1 
ujungselcaday; 1 
gwsnstanselcaday; 1 
orbitselcaday; 1 
fall; 1 
showdoesporte; 1 
opredadorfilme; 1 
bonojn; 1 
marinaruybarbosa; 1 
sweetener; 1 
rodinei; 1 
nowplaying️; 1 
gritomudo; 1 
sandyejunior; 1 
r9iscomingparty; 1 
vcconcorda; 1 
piauí; 1 
ocoisonão; 1 
teresina; 1 
bozonão; 1 
quenturademais; 1 
brobró; 1 
marshalivre; 1 
nofapseptember; 1 
humor; 1 
piada; 1 
rihvember; 1 
photooftheday; 1 
diamondbomb; 1 
diamondmilk; 1 
square; 1 
friday; 1 
montesiao; 1 
cumbuco; 1 
pic; 1 
musicofthesun; 1 
euamogatos; 1 
palavraaberta; 1 
ig; 1 
patrocinadortorcejunto; 1 
nokxl; 1 
cdnpoli; 1 
stopkm; 1 
bcpoli; 1 
renewables; 1 
breakfreefromplastic; 1 
oitnb; 1 
hearthstone; 1 
saeb; 1 
tiohaddad; 1 
tiociro; 1 
teatroamador; 1 
treino; 1 
teatromunicipal; 1 
lira; 1 
domingou; 1 
arteeducacao; 1 
circoalemdalona; 1 
cultura; 1 
poledance; 1 
teatro; 1 
desafio; 1 
palco; 1 
tecidoacrobatico; 1 
freyaaerodance; 1 
liraacrobatica; 1 
circuscabaret; 1 
hoop; 1 
feriado; 1 
gavioesdafiel; 1 
aerial; 1 
aerialista; 1 
fieltorcida; 1 
vemgente; 1 
artecircense; 1 
atores; 1 
liracircense; 1 
desafiododedo; 1 
nygvsdet; 1 
lions; 1 
malhaçãosonhos; 1 
replive; 1 
lecheminduroi; 1 
cachosperfeitos; 1 
admcachos; 1 
cachosdayas; 1 
cachos; 1 
cachoscurtos; 1 
cacheada; 1 
transman; 1 
transpride; 1 
chamanabeleza; 1 
atenção; 1 
cironao; 1 
verguenzaconmenbol; 1 
caçapava; 1 
jãonosótocatop; 1 
turmadamonicaofilme; 1 
jãonosotocatop; 1 
jaonosotocatop; 1 
loona_hihigh; 1 
btsfanart; 1 
sunmi; 1 
조이; 1 
jihope; 1 
warning; 1 
joy; 1 
fábioparedão; 1 
patriotsbrasil; 1 
dabears; 1 
família; 1 
walloop; 1 
wallpaper; 1 
nação12; 1 
seguimosvivos; 1 
nadanospara; 1 
marinaeeduardo; 1 
bolsolula; 1 
ira; 1 
monsterbeerfesrival; 1 
doom; 1 
soulcaliburvi; 1 
loucura; 1 
valerasgarvestido; 1 
mundo; 1 
valetudo; 1 
independiente; 1 
guriasgremistas; 1 
edificando; 1 
boratatuar; 1 
latinartistof2018; 1 
biquinicavadao; 1 
flashback; 1 
institutocanzion; 1 
zenetoecristiano; 1 
araras; 1 
notificaçãopreferida; 1 
semviradademesaéfabioreitor; 1 
fact; 1 
auftmquequeremosser; 1 
obrigado; 1 
estamostodosfudidos; 1 
annewithane; 1 
elenãoeladrão; 1 
eleñéladrão; 1 
rockinrio; 1 
napraia; 1 
rodagigante; 1 
beijonaboca; 1 
mulheresfoda; 1 
happybirthdayliamgallagher; 1 
aids; 1 
justeat; 1 
dawntsumetaite; 1 
peace; 1 
dreamer; 1 
nagasawa; 1 
pontokpop10; 1 
quiet; 1 
viveravida; 1 
foiela; 1 
mysteryinc; 1 
scooby; 1 
shaggy; 1 
scoobydoo; 1 
themysterymachine; 1 
voltemsempre; 1 
blackcat; 1 
catlover; 1 
linha21; 1 
caçaaotesouro; 1 
shaketowin; 1 
gearbest; 1 
coisasquemechocam; 1 
queronotvzdonas; 1 
exausto; 1 
forcaguerreira; 1 
lulahaddadmana13; 1 
resistencia160dias; 1 
resistencia139dias; 1 
jornalhoje; 1 
marciatiburi13pt; 1 
resistencia132; 1 
somosmuitas; 1 
mizcracker; 1 
thecompetitioncontestant; 1 
bolsomitoooo; 1 
europaleague; 1 
hipocrita; 1 
arsenalvorskla; 1 
ruanenao; 1 
cetadoido; 1 
offset; 1 
períciamédica; 1 
souitaguaí; 1 
atendimentoprioritárioautista; 1 
defesadoconsumidor; 1 
audiênciapública; 1 
projetorejeitado; 1 
spuitaguaí; 1 
haddadaovivo; 1 
emilioaposentou; 1 
mariaantônia; 1 
ferfaz23; 1 
2dias; 1 
jenniferlopez; 1 
domingosmontagner; 1 
hpmenagem; 1 
gilbertogil; 1 
debatenaband; 1 
alckminpedeprasair; 1 
unesco; 1 
queenofsoul; 1 
lisetenaband; 1 
geraldonojg; 1 
bettercallsaul; 1 
helene; 1 
isaac; 1 
manumasterchef; 1 
chorando; 1 
answernow; 1 
jatenteivariasvezes; 1 
zumbi; 1 
ffartistcamila; 1 
carallo; 1 
dividas; 1 
maranhão; 1 
aquinotwittereu; 1 
amanhafinalbbb18; 1 
lutopelamemoria; 1 
auladecozinhanognt; 1 
bivisibiltyday; 1 
biandproud; 1 
biproud; 1 
bivisibilityday2018; 1 
diadossolteiros; 1 
exercitodaprado; 1 
aracaju; 1 
nós4; 1 
somostodosintolerantes; 1 
fernandodenoronha; 1 
minhavida; 1 
sergipe; 1 
29dosguris; 1 
familyfirst; 1 
countingdown; 1 
noronha; 1 
steelers; 1 
sulamericanafoxsports; 1 
brincandodefotografar; 1 
john5; 1 
sansungbestofblues; 1 
tommorello; 1 
ccmfc; 1 
atenas2004; 1 
aleague; 1 
cadêtextãodotales; 1 
julianschnabel; 1 
willemdefoe; 1 
impressionism; 1 
lacorteprotegetusderechos; 1 
postimpressionism; 1 
podcasting; 1 
gravando; 1 
vejanaseleições; 1 
travisscott; 1 
astroworld; 1 
serenawilliams; 1 
nappilyeverafter; 1 
fabriciorosa500; 1 
comentáriofutebolesco; 1 
partiufinal; 1 
mengodefé; 1 
invictos; 1 
sub20; 1 
flahistoria; 1 
criasdagávea; 1 
wellingtondiasgovernadordopiaui; 1 
flaxcha; 1 
gofla; 1 
j10; 1 
og; 1 
ti2018; 1 
mtvscream; 1 
aquário; 1 
camilaonvmas; 1 
melhorcandidata; 1 
nopaunomineirão; 1 
annewithaneseason3; 1 
nopaunomineirao; 1 
somostodaslivres; 1 
mercado; 1 
fogonosracistas; 1 
euevoce; 1 
receba; 1 
olicity; 1 
somostodosrenata; 1 
ivetediganaoaofascismo; 1 
vemai18quilates; 1 
joelma18quilates; 1 
pabllovittar; 1 
respectarianaandallwomen; 1 
sótocatop; 1 
bozominios; 1 
saidoarmariobolsonaro; 1 
inconsistencia; 1 
pensamentoconsistente; 1 
saidoarmario17; 1 
darthmanu; 1 
pietra; 1 
sadado; 1 
grexcat; 1 
mrsmaisel; 1 
soccer; 1 
soccerislife; 1 
voringa; 1 
ciririqueiro; 1 
agoravai; 1 
cirar; 1 
fodasemoluscoebolsoneca; 1 
killthepoor; 1 
vascoxbahia; 1 
lacrando; 1 
19deseptiembre; 1 
eleiçõesnamaresol; 1 
fuerzaméxico; 1 
19s; 1 
microservices; 1 
lambda3; 1 
guerreiro; 1 
depressão; 1 
blackmirror; 1 
happybdaykeanureeves; 1 
keanureeves; 1 
flores; 1 
viajar; 1 
casamento; 1 
fone; 1 
amigos; 1 
paisagismo; 1 
festa; 1 
airpods; 1 
lento; 1 
osdonosdabolario; 1 
boicotefoxsportsbrasil; 1 
thankyouniall; 1 
thexfactornosony; 1 
weloveliambecause; 1 
themosthypeworthycanadian; 1 
allalong; 1 
btyto300m; 1 
louistomlinson; 1 
thestylestar; 1 
lt1; 1 
fandomseguefandoms; 1 
wewantlouisinnortheastbrazil; 1 
fotosnacionais; 1 
treva; 1 
lulanunca; 1 
lulanao; 1 
mineirao98fc; 1 
medaai98fc; 1 
esquenta98; 1 
puskas98fc; 1 
rodadaquente98fc; 1 
zeroazero98fc; 1 
arena98; 1 
aquecimento98fc; 1 
dagalo98fc; 1 
maiconno98fc; 1 
98fcnomineirao; 1 
leono98fc; 1 
sobisno98fc; 1 
emersonno98fc; 1 
98fcnoct; 1 
classicou98fc; 1 
feitosdepaixão; 1 
monsta_x; 1 
3주년케이크_냠냠; 1 
jb; 1 
재범; 1 
hui; 1 
jinyoung; 1 
mlt; 1 
yugyeom; 1 
몬리텔; 1 
answerishere; 1 
아이엠_댕댕; 1 
fine; 1 
몬스타엑스; 1 
뱀뱀; 1 
monlittletv; 1 
youngjae; 1 
펜타곤; 1 
갓세븐; 1 
monstax; 1 
cib; 1 
혼자; 1 
nobodyknows; 1 
후이; 1 
welldonegot7; 1 
bambam; 1 
pentagon; 1 
홀리데이; 1 
lullaby_got7; 1 
jooheon; 1 
igot7; 1 
justiceformarielle; 1 
bsb_boulos; 1 
bsb_amoedo; 1 
bsb_marina; 1 
vinheiteironofaustão; 1 
zuera; 1 
bsb_lula; 1 
bsb_bsonaro; 1 
bsb_ciro; 1 
bsb_alkimin; 1 
pesadelo; 1 
fase; 1 
retrogamer; 1 
gamer; 1 
90slegendday; 1 
greatest90sclgoals; 1 
lovebychanceseries; 1 
madonnaat60; 1 
timao108; 1 
devilmancrybaby; 1 
souzacaveirão; 1 
fifathebest; 1 
chororo; 1 
lgbtsunidoscontraele; 1 
mulheresunidascontraofascismo; 1 
lgbtscontraele; 1 
lgbtsunidos; 1 
gnewsinternacional; 1 
todagrandona; 1 
melhoralbumpop; 1 
positividade; 1 
domingãodofaustão; 1 
worldafroday; 1 
aprendemosnowipc; 1 
dalimion; 1 
debateredtv; 1 
inutil; 1 
ciro12pdt; 1 
opovofelizdenovo; 1 
setembrovermelho; 1 
20180825_sat; 1 
정진솔; 1 
loona1stwin; 1 
raina_youtube; 1 
말레이시아; 1 
loonabirth; 1 
jinsoul; 1 
happygaeunday; 1 
wild; 1 
yves; 1 
여름과_가을사이; 1 
bumzu; 1 
이브; 1 
레이나; 1 
afterachoolcomeback; 1 
20180826_sun; 1 
loona; 1 
im_raina; 1 
이달의소녀; 1 
plusplus; 1 
ohhyerin; 1 
20180827_12pm; 1 
하수영; 1 
여름과_가을_사이; 1 
작아지는_중; 1 
베스트프렌드; 1 
진솔; 1 
helpcoco; 1 
추석; 1 
off; 1 
범주; 1 
happy_kaeun_day; 1 
hihigh; 1 
happy_birthday; 1 
보이프렌드; 1 
pledis; 1 
its_okay; 1 
between; 1 
teamamosjao; 1 
manoseminas; 1 
chico500; 1 
marta211; 1 
tarcisionafeira; 1 
anavitória; 1 
ouçaotempoeagora; 1 
óogás; 1 
tastyjapan; 1 
pohasapatãofeatcloud; 1 
redaçãoforadoenem; 1 
cybermortadela; 1 
vaidarabundareinaldo; 1 
esquerdanuncamais; 1 
manuélula; 1 
alomãe; 1 
hadaddélula; 1 
followfriday; 1 
wwe2k19ratingreveal; 1 
wwe2k19; 1 
kingmaxelforwwedabut; 1 
giveaway; 1 
videofavorito; 1 
ontherunii; 1 
irmãosàobra; 1 
tentenãorir; 1 
rs; 1 
riopardo; 1 
maisamorporfavor; 1 
estrelinha; 1 
comigoninguemtoddy; 1 
voltapagamentoparalotérica; 1 
ksivlogan; 1 
ksivslogan; 1 
somostosdosmaria; 1 
enelcorazóndeladecimotercera; 1 
ceara; 1 
nordestebrasileiro; 1 
5anosdd11; 1 
buscando; 1 
searching; 1 
opredador; 1 
madeinamerica; 1 
liberalismonobrasil; 1 
criminosos; 1 
covardes; 1 
colgate; 1 
ortodontiaspo; 1 
overshare; 1 
cometobrazil; 1 
growtogether; 1 
holatwittermexico; 1 
amarelasaovivo; 1 
kaya40; 1 
runningaway; 1 
capresiste; 1 
renunciarollo; 1 
copadobrasilnosportv; 1 
theinternational; 1 
seleçãosportv; 1 
ripnotebook; 1 
médicos; 1 
sos; 1 
ciumes; 1 
braxeua; 1 
fechadocomciro; 1 
aparecida; 1 
euamomeliuz; 1 
simborsmengao; 1 
migrants; 1 
glyphosate; 1 
macron; 1 
réfugiés; 1 
sénat; 1 
aquarius; 1 
auditionsénat; 1 
planpauvrete; 1 
jefta; 1 
benalla; 1 
fcfa; 1 
banque; 1 
hulot; 1 
immigration; 1 
cashinvestigation; 1 
showdavida; 1 
louvre; 1 
visitefamille; 1 
assomption; 1 
jimihendrix; 1 
workoftheday; 1 
powfactor; 1 
eleiçõesopovo; 1 
colettefilm; 1 
a4; 1 
spencerelden; 1 
discursodeódio; 1 
crazyrichasian; 1 
unirio; 1 
falabrasil; 1 
lm5; 1 
prettylittleliars; 1 
onlyyou; 1 
7yearsoflittlemix; 1 
loveyourselfanswer; 1 
carpoolkaraoke; 1 
preconceitonãoéopinião; 1 
teamcardi; 1 
touchacoustic; 1 
lm5iscoming; 1 
firsttime; 1 
mccatra; 1 
marcelina; 1 
fanartfriday; 1 
cliqueart; 1 
2yearsofilluminate; 1 
thisaintover; 1 
the100season6; 1 
longlivetheroyals; 1 
tbr; 1 
theloyals; 1 
loyals; 1 
maratona24hnosleep; 1 
theroyals; 1 
webcamtoy; 1 
xavilio; 1 
maunan; 1 
anittaoverparty; 1 
bozojamais; 1 
masterachefbr; 1 
riri; 1 
fogocruzadorj; 1 
tirosrj; 1 
empregosday; 1 
wr7network; 1 
xboxshare; 1 
trueachievements; 1 
demodoforzahorizon4; 1 
oneperfectshot; 1 
maisamormenosbolsonaro; 1 
somostodoscumplices; 1 
mostra; 1 
soalegria; 1 
hojeédia; 1 
jejumintermitente; 1 
crossfit; 1 
domingoanimado; 1 
zurcacademia; 1 
turmaboa; 1 
lrt; 1 
quemmatoumarielle; 1 
shade; 1 
quemmatouanderson; 1 
codeofconflict; 1 
fairplay; 1 
agility; 1 
burnout; 1 
codeofconduct; 1 
universalacceptance; 1 
datascience; 1 
postmortem; 1 
lavueltaespn; 1 
arrascapuskás; 1 
seliga; 1 
vamoscruzeiro; 1 
palxcru; 1 
quantum; 1 
digitaltransformation; 1 
carplay; 1 
lavuelta18; 1 
analytics; 1 
nicehair; 1 
ciclismonaespn; 1 
under30summit; 1 
nossomosloucos; 1 
oab; 1 
leanit; 1 
cabjxcru; 1 
vueltaespn; 1 
cometotheduckside; 1 
somostodoslula; 1 
presidentehaddad13; 1 
eusoulula13; 1 
musico; 1 
korgrk100s; 1 
pradoco; 1 
keytar; 1 
ruanmansur; 1 
sertajeno; 1 
prado; 1 
korg; 1 
ajudepabllopagaranitta; 1 
portoalegreestácomvocêgeraldo; 1 
meushortsnão; 1 
foxsportsradio; 1 
michvsnd; 1 
goirish; 1 
freesquid; 1 
dilemasdedomingo; 1 
partidonovo; 1 
voteno30; 1 
zecabebecomgabi; 1 
sãojorgeajudaagabi; 1 
zecapagodinho; 1 
gabinocamarimdozeca; 1 
experimentexd; 1 
egol; 1 
pegaleão; 1 
sardinha; 1 
pintura; 1 
mktfantastico; 1 
ecvitória; 1 
ceviche; 1 
leiparatodos; 1 
caseiro; 1 
pescadabranca; 1 
menosparaopsdb; 1 
album; 1 
naomesmo; 1 
chegouaprimaverahaddad; 1 
criançaéprioridade; 1 
véi; 1 
manodocéu; 1 
fafa; 1 
soundtrack; 1 
laurapausini; 1 
ansiosopraveroshow; 1 
bethecowboy; 1 
freethetitties; 1 
prayforlily; 1 
gigantes; 1 
correria; 1 
forçarafa; 1 
pseuteamo; 1 
hanglooseéamor; 1 
jisoo; 1 
지수; 1 
9yearswithfx; 1 
girlsgeneration_oh_gg; 1 
liltouch_oh_gg; 1 
소녀시대_oh_gg; 1 
블랙핑크; 1 
thewitcher; 1 
소녀시대; 1 
oh_gg; 1 
blackpink; 1 
naeun; 1 
chanyeol_tommynow; 1 
citeumacantada; 1 
imaginedragonszero; 1 
vitóriadaconquista; 1 
mastercheftheprofessionals; 1 
umamaquinaprafada; 1 
addadpresidente; 1 
lulanasunastse; 1 
obr; 1 
diadocliente; 1 
guerrerocolorado; 1 
musichistory; 1 
falagentili; 1 
hadadd; 1 
dicadolula; 1 
foraciro; 1 
mulherescombolsoanaro; 1 
forapt; 1 
forapsdb; 1 
deusétopi; 1 
novacriatura; 1 
pesquiseantesdevotar; 1 
timedionísio1255; 1 
candidato; 1 
joãoarruda15; 1 
integridade; 1 
políticacompropósito; 1 
curitiba; 1 
deputadofederal; 1 
vempramassa; 1 
professordionísio1255; 1 
políticaspúblicas; 1 
neltonsenador123; 1 
contagemregressiva; 1 
gouradeputadoestadual12108; 1 
paraná; 1 
semfronteiras; 1 
pearljam; 1 
metallica; 1 
peru; 1 
ficoputoquando; 1 
cbfsemmoral; 1 
7setembro; 1 
porvocêportodos; 1 
horadoamor; 1 
palmeiraminhavidaévocê; 1 
diadopalmeiras; 1 
sep; 1 
palmeirasminhavidaévocê; 1 
ripmac; 1 
pulazé; 1 
whoforgottopaythebill; 1 
stlcards; 1 
gobills; 1 
rockies; 1 
birdland; 1 
dodgers; 1 
mlbnaespn; 1 
redetv; 1 
joaoamoedo; 1 
joaonaredetv; 1 
joaoamoedonosdebates; 1 
thezueiraneverends; 1 
luladraorouboumeucoraçao; 1 
correspondentespremier; 1 
inglesnaespn; 1 
stevenuniverse; 1 
littleredridinghood; 1 
빨간모자; 1 
mulherdefrases; 1 
frasesfernandamello; 1 
relacionamentoabusivo; 1 
princesaderua; 1 
textos; 1 
krash; 1 
empoderamentofeminino; 1 
metaopé; 1 
letitgo; 1 
frasedodia; 1 
quotes; 1 
fimderelacionamento; 1 
motivação; 1 
quotesaboutlife; 1 
fernandamello; 1 
quoteoftheday; 1 
relacionamento; 1 
issonaoehamor; 1 
amarépunk; 1 
frasefernandamello; 1 
trechosdelivros; 1 
frases; 1 
esperança; 1 
tiradochicobento; 1 
lepost; 1 
chriscornell; 1 
audioslave; 1 
emmynatnt; 1 
linhadotempo; 1 
pinoosinspira; 1 
11desetembro; 1 
dragonballz; 1 
mortocomfarofa; 1 
copa2018; 1 
theamericans; 1 
antigudinaticasnaopassarao; 1 
haddadnao; 1 
tmjcombolsonaro17; 1 
eusourobodobolsonaro; 1 
drama; 1 
ihavethisthingwithfloors; 1 
taamarrado; 1 
ondevcpisa; 1 
centro; 1 
arquitetura; 1 
vaihaddad; 1 
solemlibra; 1 
pokemongo; 1 
jogoseducacionais; 1 
leitura; 1 
aprendizado; 1 
tireihetero; 1 
pobresofre; 1 
g1penaseleições; 1 
gleicidamasceno; 1 
wagner; 1 
linux; 1 
semanadavacina; 1 
diganaoaopt; 1 
pingosnosis; 1 
beautifultraumastreamingparty; 1 
chellaby71; 1 
thefemaleartist; 1 
9today; 1 
hewasthecaptainofthefootballteambutiturnedhimout; 1 
thesmellingofarmpits; 1 
quazefimdeanoeeu; 1 
shonenjump; 1 
jump; 1 
naruto; 1 
borutonarutonextgenerations; 1 
bnha; 1 
mha; 1 
boruto; 1 
ps4live; 1 
uchiha; 1 
100juizo; 1 
uniãodasorganizadas; 1 
python; 1 
marksdailyapple; 1 
dearmark; 1 
chima; 1 
luchu; 1 
eleiçõesrbs2018; 1 
denovo; 1 
tersorteé; 1 
souc2; 1 
estagioparty; 1 
rougenofaro; 1 
queroalmocar; 1 
domalparaavida; 1 
wiseprisonlife; 1 
blackclover; 1 
hatarakusaibou; 1 
grandblue_anime; 1 
myidisgangnambeauty; 1 
prisonplaybook; 1 
epiphanyseokjin; 1 
militeitoda; 1 
meubolsominiumsecreto; 1 
sindicalistascomciro; 1 
criolo; 1 
nelsonsargento; 1 
wednesdaywisdom; 1 
samba; 1 
naçãorubronegra; 1 
ahmoleque; 1 
zagalo; 1 
rapper; 1 
missão; 1 
blabla; 1 
blablachampanheriafreguesia; 1 
legalizegalosdecombate; 1 
ufc229; 1 
askfandoms; 1 
fcseguefcs; 1 
fcsegueapenasfcs; 1 
gwentchallenger; 1 
mudabrasil; 1 
fashionweek; 1 
tocheiodefome; 1 
hackearnãovainoscalar; 1 
todoscontrafacismo; 1 
1ddrive; 1 
teamdollnature; 1 
rt2gain; 1 
teamstallion; 1 
thoughtfortheday; 1 
ff; 1 
jaehfinaldeagostoeu; 1 
odiodobem; 1 
metendo; 1 
producao; 1 
sexyhot; 1 
sexo; 1 
depois; 1 
sexinterracial; 1 
chupando; 1 
sexy; 1 
boys; 1 
banheirao; 1 
bocadefarofa; 1 
98esportes; 1 
mammamia2; 1 
unitau; 1 
museunacionaldorj; 1 
ovotoimporta; 1 
greeceishapenning; 1 
teamo; 1 
votoimporta; 1 
neutro; 1 
yellow; 1 
orgulho; 1 
tenso; 1 
twitterfornews; 1 
oneteam; 1 
secom; 1 
bols; 1 
nãoacaçadebeleis; 1 
acessibilidade; 1 
pracegover; 1 
ondalaranja30; 1 
fotojornalismo; 1 
brasileiros; 1 
politicanaoeprofissao; 1 
somostodosamoedo; 1 
job; 1 
guerranaglobo; 1 
puraverdade; 1 
vote30; 1 
lavsoak; 1 
larams; 1 
prepara; 1 
luladasilva; 1 
scala; 1 
meteorjs; 1 
remote; 1 
kotlin; 1 
meteorjob; 1 
java; 1 
meteor; 1 
epelavidadasmulheres; 1 
mexeucomumamexeucomtodas; 1 
querodizerumacoiza; 1 
mulhollanddrive; 1 
davidlynch; 1 
alohaépica; 1 
runkeeper; 1 
fla; 1 
comtodorespeito; 1 
spaceharrier; 1 
steamplay; 1 
earthwindandfire; 1 
bahxpal; 1 
aquario; 1 
slowfashion; 1 
casaco; 1 
alevalois; 1 
casacodepelucia; 1 
reuso; 1 
upcycling; 1 
makekylobaldo; 1 
bohemianrhapsody; 1 
fortworth; 1 
ix; 1 
bornonthisday; 1 
happyjkday; 1 
catsofinstagram; 1 
oprimi; 1 
fichapública2018; 1 
igu2018; 1 
lifeonmars; 1 
sweetthing; 1 
figurehead; 1 
ingridbergman; 1 
thelodgela; 1 
mayshamohamedi; 1 
franksilva; 1 
phishing; 1 
kravmabytes; 1 
hogwartstnt; 1 
marinasilva2007; 1 
thedramatvstar; 1 
ellenpompeo; 1 
thedramashow; 1 
thefemaletvstar; 1 
flyer; 1 
logo; 1 
marca; 1 
sans; 1 
monoline; 1 
cinema4d; 1 
3d; 1 
socialmedia; 1 
c4dart; 1 
brand; 1 
folheto; 1 
encarte; 1 
byozzydesigner; 1 
graphicdesign; 1 
advogado; 1 
photoshop; 1 
logotipo; 1 
font; 1 
brandingdesign; 1 
midiasocial; 1 
pattern; 1 
lamina; 1 
indesign; 1 
c4d; 1 
rounded; 1 
socialmediamarketing; 1 
byozzydesign; 1 
script; 1 
flyerdesign; 1 
designergrafico; 1 
designgrafico; 1 
girlsinthehouse; 1 
meditación; 1 
haddadélulanj; 1 
nomesdomito; 1 
votohaddad; 1 
deixaopançamamar; 1 
hazard13; 1 
chato; 1 
chocada; 1 
trendingtopics; 1 
incendiomuseunacional; 1 
carlapidona; 1 
contaminations; 1 
abcdev2018; 1 
gravidez; 1 
medicoidiota; 1 
rust; 1 
rustlang; 1 
beatles; 1 
xmasbaby; 1 
rustsp; 1 
gravida; 1 
elenananinanão; 1 
kero; 1 
solemvirgo; 1 
comicart; 1 
joaobidu; 1 
gir; 1 
comics; 1 
jeangiraud; 1 
flashbackfriday; 1 
blueberry; 1 
signos; 1 
sandman; 1 
moebius; 1 
moebiusart; 1 
madrugadanostálgica; 1 
atetaétua; 1 
visibilidadebissexual; 1 
vimeo; 1 
paulopreto; 1 
intercontinentalfutsal; 1 
putamundoinjusto; 1 
rafaelnadal; 1 
iamnotyourexcuse; 1 
quedeusmefree; 1 
ator; 1 
happysongjongkiday; 1 
artistadelano; 1 
seucostumeacústico; 1 
송중기; 1 
송중기생일ᄎᄏ; 1 
happybday; 1 
bigboss; 1 
축하해요; 1 
songjongki; 1 
parabéns; 1 
happysongjoongkiday; 1 
songjoongki; 1 
oruglhoepaixão; 1 
blitzdaguaíba; 1 
chupa; 1 
missaocumprida; 1 
ecidadania; 1 
ofilhodelenao; 1 
haddadnocanallivre; 1 
keferanofaustão; 1 
eunaomechamoluana; 1 
tujogamaisqeu; 1 
autoesporte; 1 
oremos; 1 
fgtno42; 1 
famíliaadams; 1 
curtas; 1 
ahs; 1 
condições; 1 
savagefw18; 1 
facadafake; 1 
cirou; 1 
minhaterraéoibilce; 1 
qualidade; 1 
sextachegou; 1 
780am; 1 
morfitelefe; 1 
gonzálezdaher; 1 
porumbrasilmenosviolento; 1 
darvey; 1 
suits; 1 
hilda; 1 
mauvencedor; 1 
thebestnaespn; 1 
calibãeabruxa; 1 
bruxasqueleem; 1 
boasemana; 1 
prontoesperoque; 1 
elesporelas; 1 
tozzacam; 1 
ciromeucandidato; 1 
tropa; 1 
z2020; 1 
vemmaisporaí; 1 
usopensportv; 1 
flyeaglesfly; 1 
pacaembu; 1 
maiorcampeãodobrasil; 1 
mulherescotrabolsonaro; 1 
vamoscontodo; 1 
autheticmexican; 1 
mexicoteamo; 1 
felizsabado; 1 
vivamexico; 1 
juntospelotetra; 1 
diadelaindependenciademexico; 1 
vamocolorado; 1 
jaimeandramiro; 1 
15septiembre; 1 
vivamexicocabrones; 1 
ponchilmaporamerica; 1 
hurricanflorence; 1 
laliga; 1 
foxpremiumnao; 1 
caioedavi; 1 
cirogomes12; 1 
rupaulsdragraceallstars; 1 
nflsunday; 1 
packers; 1 
greenbaypackers; 1 
help; 1 
classificados; 1 
mudaespn; 1 
mudafox; 1 
escorpião; 1 
borachape; 1 
segueolíder; 1 
vaaaaaaipomba; 1 
natgeovideo; 1 
ocapirotonao; 1 
estúdioi; 1 
marivaldo500; 1 
geracaodeadorador; 1 
boatarde; 1 
deus; 1 
qq; 1 
shippingrules; 1 
hlag; 1 
neyruto; 1 
circuitão; 1 
forthehorde; 1 
longreads; 1 
flac; 1 
arkhamasylum; 1 
batmanday; 1 
chorapaixao; 1 
diretodaredação; 1 
download; 1 
discododia; 1 
elenãoelenunca; 1 
warrior; 1 
developeronfire; 1 
blackpower; 1 
mesalva; 1 
blacklist; 1 
ig_saopaulo; 1 
sampa; 1 
sp1; 1 
skyscraper; 1 
spinfoco; 1 
finalmente; 1 
spdagaroa; 1 
sampacity; 1 
otemponopara; 1 
cidadedagaroa; 1 
obrasilqueelequer; 1 
livegalo; 1 
sériea; 1 
timedetodos; 1 
moreno; 1 
setienenqueir; 1 
astilleroríosantiago; 1 
sonellxsonosotrxs; 1 
fueraelfmi; 1 
sosnicaragua; 1 
defendamoslasaludpublica; 1 
todescontrabolsonaro; 1 
fueramacri; 1 
dujovne; 1 
hospitalposadas; 1 
ganamosmedicina; 1 
thingsthatmakeyougohmm; 1 
castração; 1 
sofazinho; 1 
recadinhoprocrush; 1 
livemovel; 1 
laçosdefamílianoviva; 1 
op; 1 
sorte; 1 
ifmg; 1 
mg; 1 
ouropreto; 1 
bocxcru; 1 
espacoifmgop; 1 
coragem; 1 
91anosufmg; 1 
primavera; 1 
lakeshow; 1 
chiefskindom; 1 
somostodosmerylstreep; 1 
amizadeverdadeira; 1 
debatrredetv; 1 
vapeislife; 1 
demilovato; 1 
teamdnce; 1 
mostrequestedlive; 1 
camilacabello; 1 
meutimao; 1 
corxcol; 1 
timao; 1 
fluxcor; 1 
aquiécorinthians; 1 
ceaxcor; 1 
bemamigos; 1 
resenhaespn; 1 
colorfieldpainting; 1 
nooneisillegal; 1 
rothko; 1 
williamturner; 1 
redon; 1 
marcchagall; 1 
russianart; 1 
kahlo; 1 
jmwturner; 1 
symbolism; 1 
odilonredon; 1 
surrealism; 1 
romanticism; 1 
remediosvaro; 1 
turner; 1 
varo; 1 
spanishart; 1 
hieronymusbosch; 1 
juggling; 1 
bosch; 1 
englishart; 1 
sairdepansacheia; 1 
horadeporcafé; 1 
jorgetoorador3a; 1 
sodisseverdade; 1 
teamillustrator; 1 
freethugger; 1 
anittanomultishow; 1 
everton; 1 
voltagrêmioraiz; 1 
seleção; 1 
elasnão; 1 
bomdiafoxterça; 1 
economizade99; 1 
corage; 1 
recalculei; 1 
gaysburroscombolsonaro; 1 
expectationssingle; 1 
ciroekátia; 1 
tite; 1 
funknãoécrime; 1 
ináciodacatingueira; 1 
belgrano; 1 
alckmin45; 1 
patdcometobrazil; 1 
umanamoradaparavictorralha; 1 
difrancesco; 1 
var; 1 
douglascosta; 1 
maladeverdade; 1 
debategazeta; 1 
joãopessoa; 1 
trumpisnotabovethelaw; 1 
molon4040; 1 
centrodeeventos; 1 
solidariedade; 1 
democracia; 1 
kavano; 1 
342artes; 1 
querorodavivanoteatrooficina; 1 
pedroalmodovar; 1 
beahero; 1 
ofertório; 1 
risos; 1 
barçahuesca; 1 
respeitaminhadescendência; 1 
emocionante; 1 
vamosfalarsobrelúpulo; 1 
america; 1 
celebridade; 1 
vembemviver; 1 
mandatocidadanista; 1 
tnt; 1 
mancity; 1 
manchesterpride; 1 
greysgallery; 1 
boanoite; 1 
chicoxavier; 1 
otd; 1 
ladoalado; 1 
uru; 1 
nicaragua; 1 
leydebolsas; 1 
oeaenbrasil; 1 
oea; 1 
juizdefora; 1 
bolivia; 1 
cartagena; 1 
oeanobrasil; 1 
pasantíasoea; 1 
brasil2018; 1 
montevideo; 1 
deco; 1 
mex; 1 
basomga; 1 
trancadanomeuquartoouvindomeuspaisfalaremmaldemim; 1 
futbol; 1 
joãonaband; 1 
maniadebola; 1 
henry; 1 
socyte; 1 
futdequarta; 1 
sandyleah; 1 
voleinosporttv; 1 
jb17; 1 
méxico; 1 
ocoiso; 1 
bonito; 1 
sbt; 1 
globo; 1 
xuxunarecord; 1 
hetero; 1 
piauigate; 1 
feliz; 1 
momentodesabafo; 1 
ahs8; 1 
édobrasil; 1 
princesa; 1 
prima; 1 
rainha; 1 
édificil; 1 
mãe; 1 
vó; 1 
enfimsexta; 1 
tamonofumo; 1 
micto; 1 
日髙麻鈴; 1 
山田杏奈; 1 
今日のハイシック; 1 
ちゃおガール; 1 
ちゃお面接; 1 
aisアイス; 1 
杉本愛莉鈴; 1 
風間玲マライカ; 1 
私立ちゃお学園; 1 
nendo2015; 1 
演技力ちゃお面接; 1 
宮田くるみ; 1 
森萌々穂; 1 
ロールアイス; 1 
徳久陽日; 1 
新谷ゆづみ; 1 
ちゃお学; 1 
とき宣; 1 
ちゃお; 1 
井上咲楽; 1 
ciao_smiles; 1 
さくら学院; 1 
小島華蓮; 1 
三戸なつめ; 1 
濱田龍臣; 1 
山出愛子; 1 
岡田愛; 1 
奥森皐月; 1 
おはスタ; 1 
田中美空; 1 
miyatakurumi; 1 
ハイスコアガール; 1 
おはガール; 1 
木内舞留; 1 
吉田爽葉香; 1 
ロワ梨里愛; 1 
ちゃおチャンネル; 1 
植村友結; 1 
ciaosmiles; 1 
hidakamarin; 1 
かわいい; 1 
並木彩華; 1 
大和田南那; 1 
アルステ; 1 
船木結; 1 
組長祭; 1 
amiina; 1 
拡散希望; 1 
有友緒心; 1 
heretocreate; 1 
creatorsunite; 1 
centeno; 1 
grecia; 1 
eurolat; 1 
craquedojogo; 1 
recursoshumanos; 1 
gestaodepessoas; 1 
wakandaprasempre; 1 
campeãmasterchef; 1 
notasteológicas; 1 
diogeneslgimenes; 1 
rodrigocampello; 1 
notasteologicas; 1 
liberdadeparapensar; 1 
aguilhão; 1 
lulanacadeia; 1 
tchauquerido; 1 
doesangue; 1 
meajudaluciano; 1 
b99onnbc; 1 
