elenão; 12 
elenao; 10 
bolsonaro17; 9 
debateaparecida; 7 
euquerobolsonaro; 5 
elenunca; 5 
bolsonaronojornalnacional; 4 
ciro12; 4 
elesim; 4 
meubolsominionsecreto; 3 
jn; 3 
cironacnbb; 3 
debateredetv; 3 
bolsonaro2018; 3 
elasim; 3 
eleicoes2018; 2 
bolsonaropresidente17; 2 
meuaniversáriodotwitter; 2 
thebest; 2 
écomciroqueeuvou; 2 
politica; 2 
bolsonaro; 2 
jornalnacional; 2 
quemmandoumatarbolsonaro; 2 
blender; 2 
cironojornalnacional; 2 
ciropresidente; 2 
mulherescombolsonaro; 2 
marina18; 2 
ps4share; 2 
coiso; 2 
coisão; 2 
vamociro; 2 
cbng1; 2 
mouraonagnews; 2 
rouanetnão; 2 
alvarodias19; 2 
pergunteaociro12; 2 
votemarina18; 2 
fakenews; 2 
direitaseguedireita; 2 
bolsonaronãoécorrupto; 2 
milhoescombolsonaro; 2 
vegan; 2 
cpidarouanet; 2 
betolivre; 2 
xvconparh; 2 
somostodosjornalistas; 1 
eleiçõesbrasileiras; 1 
euqueroumuno; 1 
domingodetremurasdv; 1 
tmj; 1 
coelho; 1 
diva; 1 
segundosol; 1 
americamg; 1 
diadehaddad; 1 
maisasilvatv; 1 
maisasilvaig; 1 
maisasilva; 1 
round2; 1 
beydaynotvz; 1 
otrii; 1 
pasadena; 1 
latingrammy; 1 
17confirma; 1 
gshow; 1 
popstar; 1 
biweek; 1 
bivisibilityday; 1 
bolsonaroesfaqueado; 1 
finaldesemanaacabou; 1 
englishgrammar; 1 
bolsonaronoprimeiroturno; 1 
geraldoalckmin; 1 
bolsonarojn; 1 
bolsonaro17no1oturno; 1 
dinheiro; 1 
feministas; 1 
jairbolsonaro17; 1 
ninguém; 1 
alckminpresidente; 1 
politicamenteincorreto2018; 1 
globo; 1 
polemica; 1 
caixa2; 1 
bolsonaronaglobonews; 1 
elesim17; 1 
jairmessiasbolsonaro; 1 
ptnuncamais; 1 
bolsonaropresidente; 1 
lutomuseunacional; 1 
italiangp; 1 
arte; 1 
blendermarket; 1 
japan; 1 
maiko; 1 
giappone; 1 
style; 1 
painting; 1 
gamedev; 1 
animation; 1 
blender3d; 1 
wip; 1 
b3d; 1 
greasepencil; 1 
art; 1 
3d; 1 
krita; 1 
gallery; 1 
illustration; 1 
oilpainting; 1 
cmv; 1 
waltermatthau; 1 
kyoto; 1 
geisha; 1 
rafikisland; 1 
2d; 1 
b2d; 1 
gandalf; 1 
newprofilepic; 1 
jg; 1 
cironoanticast; 1 
marcelorezende; 1 
mito; 1 
saudadeseternas; 1 
marcelatais; 1 
sobrevivi; 1 
amoatéoinfinito; 1 
forçaanita; 1 
tãodeixandoagentesonhar; 1 
sanxsão; 1 
bolsonaro17no1ºturno; 1 
bongocat; 1 
dingdong; 1 
yiayhate; 1 
joãonaband; 1 
bozo; 1 
haddadpresidente; 1 
eunão; 1 
meninocomunista; 1 
pás; 1 
podpesquisa2018; 1 
dancadosfamosos; 1 
dançadosfamosos2018; 1 
teamlarileo; 1 
partidonovo; 1 
amoedonosdebates; 1 
cironojornaldaglobo; 1 
equipeciro; 1 
urgente; 1 
tite; 1 
jornaldaglobo; 1 
euvotociro; 1 
avbeer; 1 
semlulaéciro; 1 
avinevinny; 1 
cironosegundoturno; 1 
avbeer2018; 1 
samyrashow; 1 
mariaclara; 1 
haddadélulanojn; 1 
jrnews; 1 
brasilcombolsonaro; 1 
bolsonaroeleito1ºlugar; 1 
mouraonaglobonews; 1 
corinthians108anos; 1 
novafotodoperfil; 1 
rezenyinlove; 1 
câncer; 1 
pas; 1 
diadoprogramador; 1 
vcconcorda; 1 
vejaamarelasaovivo; 1 
debatedacnbb; 1 
latinamerica; 1 
health; 1 
burnierfdp; 1 
pegunteaojoão; 1 
foraloss; 1 
amoedonopanico; 1 
filhodaputa; 1 
joãonojn; 1 
gazetaestadaojp; 1 
quemmandoumatarjb; 1 
elesimbolsonaro17; 1 
direitaunida; 1 
foraptcrimeeleitoral; 1 
forçaanitta; 1 
euvotobolsonaro17; 1 
calabocacirodenovo; 1 
quemmandoumatarobolsonaro; 1 
falamaisgentili; 1 
bolsonarosim; 1 
anittaisoverparty; 1 
porenganomeuovo; 1 
sentagostosobozo; 1 
ksivlogan; 1 
minecraftdegraça; 1 
blastcraft; 1 
ksivsloganpaul; 1 
ibope; 1 
essetremnão; 1 
eunaovotoembolsonaro; 1 
lulalivre; 1 
eusoulula; 1 
pergunteaomeirelles15; 1 
selecaosportv; 1 
nenhumlivre; 1 
soacho; 1 
animalsente; 1 
votomarinapq; 1 
sqn; 1 
govegan; 1 
gogovegan; 1 
pigfacts; 1 
árvoressãomundos; 1 
forcaanitta; 1 
foradubeux; 1 
foradiretoriamerda; 1 
forabeltrao; 1 
foraarnaldobarros; 1 
apple; 1 
campeãmasterchef; 1 
medicareforall; 1 
atequeainternetnossepare; 1 
saopaulo; 1 
sampa; 1 
sp; 1 
rouanettparaquemprecisa; 1 
brasilacimadetudo; 1 
rouanetnao; 1 
cirofilhodaputa; 1 
euquerobolsonaro17; 1 
orgulhoeepaixão; 1 
rt; 1 
forçabolsonaro; 1 
vigia; 1 
theootário; 1 
nflespn; 1 
hyperinflation; 1 
darksiders3; 1 
gta; 1 
ps2; 1 
pulpfiction; 1 
fury; 1 
pet; 1 
eleições2018; 1 
spotify; 1 
cosplay; 1 
historynotícias; 1 
godofwar; 1 
hangar; 1 
cat; 1 
uptheirons; 1 
sanandreas; 1 
forxboa; 1 
ledzeppelin; 1 
death; 1 
destaquesdasemana; 1 
pizza; 1 
animal; 1 
laracroft; 1 
sérieb2018; 1 
tombraider; 1 
war; 1 
cyberpunk2077; 1 
lara; 1 
juntosporbolsonaro; 1 
bolsonaropresidente2018; 1 
bolsonaronajovempan; 1 
bolsonaro17eleitono1ºturno; 1 
juntoscombolsonaro; 1 
evangelion; 1 
mulherescontraobolsonaro; 1 
문현아; 1 
eibozonarovaitomarnocu; 1 
bolsolixo; 1 
elenão; 12 
elenao; 10 
bolsonaro17; 9 
debateaparecida; 7 
euquerobolsonaro; 5 
elenunca; 5 
bolsonaronojornalnacional; 4 
ciro12; 4 
elesim; 4 
meubolsominionsecreto; 3 
jn; 3 
cironacnbb; 3 
debateredetv; 3 
bolsonaro2018; 3 
elasim; 3 
eleicoes2018; 2 
bolsonaropresidente17; 2 
meuaniversáriodotwitter; 2 
thebest; 2 
écomciroqueeuvou; 2 
politica; 2 
bolsonaro; 2 
jornalnacional; 2 
quemmandoumatarbolsonaro; 2 
blender; 2 
cironojornalnacional; 2 
ciropresidente; 2 
mulherescombolsonaro; 2 
marina18; 2 
ps4share; 2 
coiso; 2 
coisão; 2 
vamociro; 2 
cbng1; 2 
mouraonagnews; 2 
rouanetnão; 2 
alvarodias19; 2 
pergunteaociro12; 2 
votemarina18; 2 
fakenews; 2 
direitaseguedireita; 2 
bolsonaronãoécorrupto; 2 
milhoescombolsonaro; 2 
vegan; 2 
cpidarouanet; 2 
betolivre; 2 
xvconparh; 2 
somostodosjornalistas; 1 
eleiçõesbrasileiras; 1 
euqueroumuno; 1 
domingodetremurasdv; 1 
tmj; 1 
coelho; 1 
diva; 1 
segundosol; 1 
americamg; 1 
diadehaddad; 1 
maisasilvatv; 1 
maisasilvaig; 1 
maisasilva; 1 
round2; 1 
beydaynotvz; 1 
otrii; 1 
pasadena; 1 
latingrammy; 1 
17confirma; 1 
gshow; 1 
popstar; 1 
biweek; 1 
bivisibilityday; 1 
bolsonaroesfaqueado; 1 
finaldesemanaacabou; 1 
englishgrammar; 1 
bolsonaronoprimeiroturno; 1 
geraldoalckmin; 1 
bolsonarojn; 1 
bolsonaro17no1oturno; 1 
dinheiro; 1 
feministas; 1 
jairbolsonaro17; 1 
ninguém; 1 
alckminpresidente; 1 
politicamenteincorreto2018; 1 
globo; 1 
polemica; 1 
caixa2; 1 
bolsonaronaglobonews; 1 
elesim17; 1 
jairmessiasbolsonaro; 1 
ptnuncamais; 1 
bolsonaropresidente; 1 
lutomuseunacional; 1 
italiangp; 1 
arte; 1 
blendermarket; 1 
japan; 1 
maiko; 1 
giappone; 1 
style; 1 
painting; 1 
gamedev; 1 
animation; 1 
blender3d; 1 
wip; 1 
b3d; 1 
greasepencil; 1 
art; 1 
3d; 1 
krita; 1 
gallery; 1 
illustration; 1 
oilpainting; 1 
cmv; 1 
waltermatthau; 1 
kyoto; 1 
geisha; 1 
rafikisland; 1 
2d; 1 
b2d; 1 
gandalf; 1 
newprofilepic; 1 
jg; 1 
cironoanticast; 1 
marcelorezende; 1 
mito; 1 
saudadeseternas; 1 
marcelatais; 1 
sobrevivi; 1 
amoatéoinfinito; 1 
forçaanita; 1 
tãodeixandoagentesonhar; 1 
sanxsão; 1 
bolsonaro17no1ºturno; 1 
bongocat; 1 
dingdong; 1 
yiayhate; 1 
joãonaband; 1 
bozo; 1 
haddadpresidente; 1 
eunão; 1 
meninocomunista; 1 
pás; 1 
podpesquisa2018; 1 
dancadosfamosos; 1 
dançadosfamosos2018; 1 
teamlarileo; 1 
partidonovo; 1 
amoedonosdebates; 1 
cironojornaldaglobo; 1 
equipeciro; 1 
urgente; 1 
tite; 1 
jornaldaglobo; 1 
euvotociro; 1 
avbeer; 1 
semlulaéciro; 1 
avinevinny; 1 
cironosegundoturno; 1 
avbeer2018; 1 
samyrashow; 1 
mariaclara; 1 
haddadélulanojn; 1 
jrnews; 1 
brasilcombolsonaro; 1 
bolsonaroeleito1ºlugar; 1 
mouraonaglobonews; 1 
corinthians108anos; 1 
novafotodoperfil; 1 
rezenyinlove; 1 
câncer; 1 
pas; 1 
diadoprogramador; 1 
vcconcorda; 1 
vejaamarelasaovivo; 1 
debatedacnbb; 1 
latinamerica; 1 
health; 1 
burnierfdp; 1 
pegunteaojoão; 1 
foraloss; 1 
amoedonopanico; 1 
filhodaputa; 1 
joãonojn; 1 
gazetaestadaojp; 1 
quemmandoumatarjb; 1 
elesimbolsonaro17; 1 
direitaunida; 1 
foraptcrimeeleitoral; 1 
forçaanitta; 1 
euvotobolsonaro17; 1 
calabocacirodenovo; 1 
quemmandoumatarobolsonaro; 1 
falamaisgentili; 1 
bolsonarosim; 1 
anittaisoverparty; 1 
porenganomeuovo; 1 
sentagostosobozo; 1 
ksivlogan; 1 
minecraftdegraça; 1 
blastcraft; 1 
ksivsloganpaul; 1 
ibope; 1 
essetremnão; 1 
eunaovotoembolsonaro; 1 
lulalivre; 1 
eusoulula; 1 
pergunteaomeirelles15; 1 
selecaosportv; 1 
nenhumlivre; 1 
soacho; 1 
animalsente; 1 
votomarinapq; 1 
sqn; 1 
govegan; 1 
gogovegan; 1 
pigfacts; 1 
árvoressãomundos; 1 
forcaanitta; 1 
foradubeux; 1 
foradiretoriamerda; 1 
forabeltrao; 1 
foraarnaldobarros; 1 
apple; 1 
campeãmasterchef; 1 
medicareforall; 1 
atequeainternetnossepare; 1 
saopaulo; 1 
sampa; 1 
sp; 1 
rouanettparaquemprecisa; 1 
brasilacimadetudo; 1 
rouanetnao; 1 
cirofilhodaputa; 1 
euquerobolsonaro17; 1 
orgulhoeepaixão; 1 
rt; 1 
forçabolsonaro; 1 
vigia; 1 
theootário; 1 
nflespn; 1 
hyperinflation; 1 
darksiders3; 1 
gta; 1 
ps2; 1 
pulpfiction; 1 
fury; 1 
pet; 1 
eleições2018; 1 
spotify; 1 
cosplay; 1 
historynotícias; 1 
godofwar; 1 
hangar; 1 
cat; 1 
uptheirons; 1 
sanandreas; 1 
forxboa; 1 
ledzeppelin; 1 
death; 1 
destaquesdasemana; 1 
pizza; 1 
animal; 1 
laracroft; 1 
sérieb2018; 1 
tombraider; 1 
war; 1 
cyberpunk2077; 1 
lara; 1 
juntosporbolsonaro; 1 
bolsonaropresidente2018; 1 
bolsonaronajovempan; 1 
bolsonaro17eleitono1ºturno; 1 
juntoscombolsonaro; 1 
evangelion; 1 
mulherescontraobolsonaro; 1 
문현아; 1 
eibozonarovaitomarnocu; 1 
bolsolixo; 1 
