elenão; 674 
elenao; 324 
elenunca; 323 
bolsonaronojornalnacional; 127 
meubolsominionsecreto; 124 
anittaisoverparty; 114 
afazenda10; 110 
ciro12; 99 
newprofilepic; 79 
thevoicebrasil; 77 
mulherescontraobolsonaro; 66 
debateredetv; 66 
captainmarvel; 64 
vmas; 64 
segundosol; 60 
nothim; 57 
mpn; 53 
sentagostosobozo; 49 
afazenda; 47 
thebest; 45 
omemedaminhavida; 45 
masterchefbr; 45 
g1; 41 
tbt; 40 
jn; 40 
biweek; 38 
emmys; 37 
pcas; 36 
novafotodoperfil; 34 
appleevent; 34 
debateaparecida; 34 
calabocagentilli; 33 
eibozonarovaitomarnocu; 32 
friendsday; 32 
amas; 32 
eleições2018; 31 
setembroamarelo; 31 
thevoicebr; 31 
bts; 30 
ahsapocalypse; 29 
lutomuseunacional; 25 
bolsonaronãoécorrupto; 24 
lulalivre; 23 
orgulhoepaixão; 23 
fifafootballawards; 23 
elesim; 22 
mulherescontrabolsonaro; 22 
museunacional; 22 
elejamais; 21 
salvemasbaleias; 20 
fechocomciro; 20 
popstar; 19 
dançadosfamosos; 19 
afazendaaovivo; 19 
sextou; 19 
eusoulula; 19 
elasim; 18 
haddadélula; 18 
mmvas; 18 
marta; 18 
pas; 18 
jimin; 18 
btsarmy; 17 
meuaniversáriodotwitter; 16 
haddadélulanojn; 15 
cblol; 15 
haddadpresidente; 15 
mulherescontraofascismo; 15 
segundadetremurasdv; 15 
avantipalestra; 15 
nowplaying; 15 
jornaldaglobo; 15 
bakeoffbrasil; 14 
bolsonaro17; 14 
verguenzaconmebol; 14 
lpfirsttime; 14 
nflnaespn; 14 
vamosflamengo; 14 
sabadodetremurasdv; 14 
corinthians108anos; 14 
ciraonosegundoturno; 14 
vaicorinthians; 14 
marina18; 13 
trump; 13 
iheartfestival; 13 
idol; 13 
ciropresidente; 13 
otemponãopara; 13 
crf; 12 
headabovewater; 12 
éverdadeessebilete; 12 
7desetembro; 12 
marinanojornalnacional; 12 
jg; 12 
방탄소년단; 12 
galo; 12 
bomdia; 11 
democraciasim; 11 
dingdong; 11 
greysanatomy; 11 
eleicoes2018; 11 
cironojornalnacional; 11 
euquerobolsonaro; 11 
manunojaburu; 11 
brasilcommarina; 11 
flamengo; 11 
repost; 11 
sweetener; 11 
michaeljacksonday; 10 
geraldonojn; 10 
nct; 10 
bivisibilityday; 10 
votomarinapq; 10 
tvtime; 10 
unga; 10 
flaxcor; 10 
flaxcha; 10 
btsxunitednations; 10 
maisanicholas; 10 
obrasilfelizdenovo; 10 
donadaminhavida; 10 
lgbtqtwitter; 9 
usopen; 9 
textaocientifico; 9 
timelula; 9 
ripcatra; 9 
fcseguindofc; 9 
vamointer; 9 
mulheresunidascontrabolsonaro; 9 
halamadrid; 9 
gofla; 9 
quartadetremurasdv; 9 
grêmio; 9 
oqueeumaisqueriaagora; 9 
bonderenault; 9 
timão108; 9 
lulapresidente; 9 
rt; 9 
haddadnojn; 9 
gazetaestadaojp; 9 
anavitoria; 9 
mucbvive; 8 
fantastico; 8 
corinthians; 8 
backtohogwarts; 8 
nctdream; 8 
quemmandoumatarbolsonaro; 8 
áries; 8 
cruzeiro; 8 
bottledupoutnow; 8 
mulherescombolsonaro; 8 
suga; 8 
diadoprogramador; 8 
paz; 8 
supernaturalday; 8 
love; 8 
btsloveyourselftour; 8 
idolchallenge; 8 
ffartistcamila; 8 
iheartradiommvas; 8 
camilacabello; 8 
thegooddoctor; 8 
citecoisasaleatorias; 8 
lobos; 8 
otemponaopara; 8 
1000dayswithout1d; 8 
bolsonaro; 8 
bongocat; 8 
habemussemifinal; 8 
masterchefprofissionais; 8 
sierraburgessisaloser; 8 
uolnasurnas; 8 
pranamorarcmgtemq; 8 
chanyeol; 8 
libra; 8 
domingodetremurasdv; 8 
happybirthdayniall; 8 
rouanetnão; 8 
brasil; 7 
exo; 7 
keepbreathinariana; 7 
bolsonaropresidente17; 7 
astarisborn; 7 
mariellepresente; 7 
takitaki; 7 
sechamainteressaloucura; 7 
riverdale; 7 
respectariana; 7 
pergunteaociro12; 7 
f1; 7 
jotafm; 7 
rmgalaxyday; 7 
coringão; 7 
atypical; 7 
brasileirão2018; 7 
fiel; 7 
promundomelhorarsófalta; 7 
endviolence; 7 
cruxfla; 7 
fandomseguefandoms; 7 
barbiedreamsvideo; 7 
deleallichallenge; 7 
lulamanuhaddad; 7 
lutavio; 7 
sqn; 7 
vante; 7 
fifa19; 7 
superdrags; 7 
escorpião; 6 
flaxcam; 6 
bottledup; 6 
debatebandrio; 6 
nctdream_wegoup; 6 
twibbon; 6 
dtd1billion; 6 
forcabolsonaro; 6 
lulanasurnastse; 6 
theconcerttour; 6 
tercadetremurasdv; 6 
conmebollibertadores; 6 
marinersapartmentcomplex; 6 
ineedu; 6 
seesaw; 6 
braxeua; 6 
diademarina; 6 
꾹; 6 
btsonagt; 6 
queremosobi; 6 
justdoit; 6 
apoiehaddadmanu; 6 
trcoluna; 6 
lulainelegível; 6 
falamaisgentili; 6 
genunlimited; 6 
youth2030; 6 
votemarina18; 6 
happybirthdaybeyoncé; 6 
sextadetremurasdv; 6 
vascodagama; 6 
getyou50dol; 6 
happybirthdayliam; 6 
ateofimdoanoeu; 6 
braziliannavy; 6 
diadevasco; 6 
capitãmarvel; 6 
modric; 6 
fakenews; 6 
bolsonaro2018; 6 
forçapedro; 6 
찬열; 6 
happychenday; 6 
reviravoltanaeleicao; 6 
love_yourself; 6 
foraloss; 6 
latinamas; 6 
citeumatretaesaia; 6 
falaciro12; 6 
maisasilvaig; 6 
emmytnt; 5 
domingão; 5 
fofocalizandonosbt; 5 
g1rio; 5 
anittadiganaoaofascismo; 5 
afreirafilme; 5 
southamericamemes; 5 
엑소; 5 
info; 5 
lulainelegivel; 5 
cirofilhodaputa; 5 
calabocaciro; 5 
bolsonaroeleito1ºlugar; 5 
breaking; 5 
gameofthrones; 5 
bbdebate; 5 
capricórnio; 5 
devastatedday; 5 
photo; 5 
ig; 5 
오늘의방탄; 5 
ursoo; 5 
answerishere; 5 
florence; 5 
ladygaganofantastico; 5 
libertadores; 5 
grêmio115anos; 5 
suplicysenador; 5 
suplicy131; 5 
내마음; 5 
happyrmday; 5 
jk; 5 
joker; 5 
gopain; 5 
thefemaleartist; 5 
gremio; 5 
agostoacabandoeeu; 5 
추석; 5 
natashapresidente; 5 
nflbrasil; 5 
firsttimeoutnow; 5 
artistafavoritocrossover; 5 
nyfw; 5 
ciro2018; 5 
whyididntreport; 5 
gêmeos; 5 
doctorwho; 5 
shawnmendes; 5 
peixes; 5 
세훈; 5 
sehun; 5 
santamarta; 5 
jikook; 5 
오키나와; 5 
camilaonvmas; 5 
dota2; 5 
lulalivrejá; 5 
happybirthdaydemi; 5 
ucl; 5 
sofazinho; 5 
brasileiraonosportv; 5 
cantacomigo; 5 
lulaécandidato; 5 
spidermanps4; 5 
ps4share; 5 
nofapseptember; 5 
ffartistshawn; 5 
elesnunca; 5 
forçabolsonaro; 5 
ciropresidente12; 5 
vamociro; 5 
emmynatnt; 5 
bolsonaronao; 5 
timão; 5 
timelulu; 5 
teamgabiprado; 5 
anitta; 5 
teotfw; 4 
vasco120; 4 
datafolha; 4 
marinasilvanopanico; 4 
usopennaespn; 4 
kamikaze; 4 
altashoras; 4 
nintendoswitch; 4 
jairbolsonaro; 4 
debateband; 4 
almaecoração; 4 
conmebollixo; 4 
verdãodobrasil; 4 
worldsuicidepreventionday; 4 
xfactor; 4 
haddadelulanojn; 4 
palcopopstar; 4 
1yearwithoutteenwolf; 4 
estoucomolucas; 4 
thisisus; 4 
ajudeamaribel; 4 
thealbum; 4 
humansoflatecapitalism; 4 
triste; 4 
libertadores2018; 4 
rockinrio; 4 
모니생일ㅊㅋ; 4 
lgbt; 4 
forçajuan; 4 
fechamento; 4 
ficacuellar; 4 
sorteio; 4 
eliana; 4 
rip; 4 
direitaseguedireita; 4 
vamoslabestia; 4 
libertadoresfoxsports; 4 
palxcru; 4 
racismo; 4 
linhadequarta; 4 
faceitmajor; 4 
boulosnaredetv; 4 
mulherescontraofacismo; 4 
desafiodapuberdade; 4 
gratidao; 4 
beyday; 4 
nct127; 4 
gohawks; 4 
ahs; 4 
watchfirsttime; 4 
harrystyles; 4 
tvdnosbt; 4 
vmas2018; 4 
eugostoquando; 4 
dgdna; 4 
themusicvideo; 4 
anittanothevoicebrasil; 4 
finalcantacomigo; 4 
diamondball; 4 
dgwomenss19; 4 
venicebitch; 4 
família; 4 
leaveselenaalone; 4 
skoob; 4 
ursal; 4 
bancodeseries; 4 
thebanditotourbrazil; 4 
votehayleykiyoko; 4 
talokotio; 4 
horadeaventura; 4 
marypoppinsreturns; 4 
onugarantelula; 4 
debatesbtrio; 4 
pes2019; 4 
amassajogajunto; 4 
friends; 4 
nãoaguentogenteque; 4 
debatesbt; 4 
exo_comingsoon; 4 
twice; 4 
aquinotwittereu; 4 
rm; 4 
lasvegas; 4 
fazenda; 4 
medo; 4 
toalltheboysivelovedbefore; 4 
thestylestar; 4 
orgulhoepaixao; 4 
kickoff2018; 4 
namjoongostoso; 4 
ti8br; 4 
stationx0; 4 
art; 4 
leão; 4 
sotocatop; 4 
g1sp; 4 
shinee; 4 
soudedireitaporque; 4 
arquivobbc; 4 
famíliapalmeiras; 4 
marinacomciro; 4 
nossofutebol; 4 
conversacombial; 4 
rougenothenoite; 4 
5diasaovivo; 4 
amor; 4 
meubolsominonsecreto; 4 
ocapitãovoltou; 4 
ficaadica; 4 
visiblewomen; 4 
rm생일ㅊㅋ; 4 
welcometobrazilnicki; 4 
lixeiramemes; 3 
encontro; 3 
mytwitteranniversary; 3 
usopensportv; 3 
novelajesus35; 3 
jlo; 3 
lulaépresidiário; 3 
priscilatossan; 3 
fancam; 3 
백일의낭군님; 3 
dohkyungsoo; 3 
warnerwewanttheselection; 3 
50milnoarruda; 3 
elanao; 3 
giovannachaves; 3 
witnesstour; 3 
deezer; 3 
fcseguefcs; 3 
messi; 3 
tocadaraposa3; 3 
copadobrasil2018; 3 
chateado; 3 
otwitternãoéfacebook; 3 
belgiangp; 3 
braxesa; 3 
ahs8nofx; 3 
horadafofoca; 3 
aquário; 3 
macstreamingparty; 3 
askfandoms; 3 
everchanging; 3 
euestou; 3 
hopeonthestreet; 3 
ffsinglehavana; 3 
grexest; 3 
copadobrasil; 3 
diadegrêmio; 3 
donosdaamérica; 3 
renaultseguerenault; 3 
agt; 3 
savagexfw18; 3 
sbt37anos; 3 
meubolsominiosecreto; 3 
jornalextra; 3 
forabarbieri; 3 
porchatespecial; 3 
foratemer; 3 
calabocacirodenovo; 3 
dancadosfamosos; 3 
bolsominionsecreto; 3 
mamamoonobrasil; 3 
bolsonaropresidente; 3 
pelohexa; 3 
vamoscruzeiro; 3 
nfl; 3 
hashtag; 3 
ios12; 3 
coiso; 3 
redacaosportv; 3 
cristiano; 3 
chuseok; 3 
wegoup; 3 
posteiehsaicorrendo; 3 
venezuela; 3 
seahawks; 3 
pmbnocanalbrasil; 3 
elesim17; 3 
nadjaguerreira; 3 
tuesdayselfie; 3 
directioners; 3 
haddadelula; 3 
cidadedorock; 3 
rihanna; 3 
sdds; 3 
bolsonaronão; 3 
afreira; 3 
mariellefranco; 3 
chamaomeirelles; 3 
thevoice; 3 
arethafranklin; 3 
chocada; 3 
toddphillips1; 3 
taehyung; 3 
happybirthday; 3 
btsworldtour; 3 
cliqueart; 3 
ligaantispoiler; 3 
vma; 3 
reclamoaquinotwitterpq; 3 
cironaredetv; 3 
mostraonuglobo; 3 
nascarfoxsports; 3 
problemaseuclipe; 3 
stockcarnosportv; 3 
diadeflu; 3 
vamosfluzão; 3 
sótocatop; 3 
quemmatoumarielle; 3 
video; 3 
vasxacf; 3 
valetudo30anos; 3 
weareoneexo; 3 
elassim; 3 
dolcegabbana; 3 
guccitailoring; 3 
prettylittleliars; 3 
mve; 3 
firsttime; 3 
btsfanart; 3 
트와이스; 3 
우리아미상받았네; 3 
tbtnomtvhits; 3 
debatedacnbb; 3 
20desetembro; 3 
inter; 3 
orgulho; 3 
votedaciolo; 3 
free; 3 
frases; 3 
annewithane; 3 
palmeiras; 3 
vasxsan; 3 
aquecimentoglobal; 3 
brazil; 3 
observatóriodoclima; 3 
ripmacmiller; 3 
nationalvideogamesday; 3 
carlinhosmaianotvz; 3 
joãonojn; 3 
espelhodavida; 3 
cironacnbb; 3 
façaumpedido; 3 
pinknorockinrio; 3 
happybirthdaypink; 3 
haddad13presidente; 3 
savagexfenty; 3 
odeiojenteq; 3 
주헌; 3 
luanetes; 3 
luansantana; 3 
luansantanatv; 3 
gopackgo; 3 
shawnatmmvas; 3 
happykeyday; 3 
cubeisoverparty; 3 
we_go_up; 3 
cironojornaldaglobo; 3 
estoucombolsonaro; 3 
jãonosotocatop; 3 
meubolsominionfavorito; 3 
votecardib; 3 
vasxfla; 3 
brasilacimadaonu; 3 
cirogomes; 3 
touro; 3 
brooklyn99; 3 
souotipodepessoaq; 3 
bigmouth; 3 
miasanmia; 3 
wynonnaearp; 3 
cartolafc; 3 
promises; 3 
emmys2018; 3 
teatroparaquemnãogosta; 3 
servusbasti; 3 
flaxcsc; 3 
garotosdoninho; 3 
thesocialcelebrity; 3 
thegroup; 3 
chaxsccp; 3 
happy_jk_day; 3 
홉필름; 3 
im_fine; 3 
eferiadoeeu; 3 
oamorvencera; 3 
fantástico; 3 
músicaboaaovivo; 3 
vote13; 3 
정국생일ㅊㅋ; 3 
quemtemmaistem9; 3 
camilamendes; 3 
thefemaletvstar; 3 
estamoscontigodedé; 2 
coachxselena; 2 
selenaiscoming; 2 
neverforget; 2 
wonderwoman; 2 
ibope; 2 
deckerstar; 2 
queen; 2 
futebol; 2 
fail; 2 
novelajesus42; 2 
novelajesus36; 2 
novelajesus37; 2 
novelajesus34; 2 
chunli; 2 
videoshowaovideo; 2 
recordtv; 2 
saude; 2 
pt; 2 
videoshow; 2 
animaisfantasticos; 2 
exolselcaday; 2 
fromsonetosment; 2 
도경수; 2 
fentyxkai; 2 
tchauquerido; 2 
cironao; 2 
lulanacadeia; 2 
piada; 2 
thefameturns10; 2 
otd; 2 
wandsready; 2 
maisvocê; 2 
diadeinter; 2 
asiangames; 2 
pracimadelescoelho; 2 
coelhão; 2 
adeustodagloria; 2 
newmusicfriday; 2 
remembergreys; 2 
metallica; 2 
asu2018; 2 
paradagay; 2 
armyseguearmy; 2 
htgawm; 2 
italiangp; 2 
f1naglobo; 2 
visibilidadelesbica; 2 
allalong; 2 
sexy; 2 
cariri; 2 
trip; 2 
afazenda2018; 2 
setembro; 2 
falandodeafazenda; 2 
bodyparty; 2 
artesdepressão; 2 
debatenaband; 2 
호비; 2 
armys; 2 
해밀턴1회차공연; 2 
armypijamaparty; 2 
1yearwithserendipity; 2 
reputationtour; 2 
camila; 2 
rumoaotetra; 2 
gremio115anos; 2 
queremosacopa; 2 
barmyidolstreamparty; 2 
vamosfogo; 2 
sulamericanafoxsports; 2 
reagesantos; 2 
santosotimedavirada; 2 
artistontwitter; 2 
tusca; 2 
proud; 2 
gloriaadeus; 2 
flaxvit; 2 
tôdentro; 2 
colunadofla; 2 
lafabrica; 2 
intxfla; 2 
arquibancadaincendeia; 2 
querodizerumacoiza; 2 
falta3mesespradezembroeeu; 2 
wesleynobrasil; 2 
wesleyalivetour; 2 
fhc; 2 
foraebm; 2 
forarodinei; 2 
tiposdefic; 2 
programaraulgil; 2 
programadoporchat; 2 
rougenoraulgil; 2 
bbqbrasil; 2 
programasilviosantos; 2 
lutávio; 2 
jungkook; 2 
lula2018; 2 
naruto; 2 
bolsonaro17no1ºturno; 2 
bethesdadays; 2 
bolsonaro17eleito1ºturno; 2 
gabiprado; 2 
ai; 2 
datascience; 2 
seliga; 2 
apple; 2 
stf; 2 
dog; 2 
obrasilqueeuquero; 2 
euevc; 2 
taylorswift; 2 
havanalive; 2 
quedeusmefree; 2 
tiff18; 2 
lgbtscontrabolsonaro; 2 
grêmiotv; 2 
freefire; 2 
adotenãocompre; 2 
catsoftwitter; 2 
pabllovittar; 2 
아로하; 2 
nct_dream; 2 
nct127_regular_irregular; 2 
regular_irregular; 2 
sr18b; 2 
smrookies; 2 
한가위; 2 
folha; 2 
arena98; 2 
vemmaisporaí; 2 
twinpeaks; 2 
lp1firsttime; 2 
gamexp; 2 
rockinrio2019; 2 
malhacao; 2 
facaumpedido; 2 
usopennosportv; 2 
falamaisgentilli; 2 
citepolemicas; 2 
maroon5; 2 
suspiria; 2 
lanaiscoming; 2 
relationshipgoals; 2 
mfw; 2 
travel; 2 
gabrieladuarte; 2 
cancaonova; 2 
fichalimpa; 2 
f1nosportv; 2 
eusim; 2 
spfc; 2 
exausta; 2 
milhoescombolsonaro; 2 
theflash; 2 
haddadpresidente13; 2 
elenemfodendo; 2 
pilateslovers; 2 
pilates; 2 
nofapsetember; 2 
뷔; 2 
jisoo; 2 
jennie; 2 
lisa; 2 
yg; 2 
bt21; 2 
v; 2 
blackpink; 2 
mino; 2 
bigbang; 2 
linefriendsla; 2 
태형; 2 
np; 2 
twentyonepilots; 2 
thegoodplace; 2 
sixmajorparis; 2 
sextouuu; 2 
nojo; 2 
grexcru; 2 
joganogoogle; 2 
classemediasofre; 2 
sérieb2018; 2 
madonna; 2 
saudemental; 2 
centraldaseleições; 2 
whatsapp; 2 
supernatural; 2 
kaysardadour; 2 
bbb; 2 
rj; 2 
boy; 2 
getthestrap; 2 
quemédourado; 2 
barçapsv; 2 
notearslefttocry; 2 
ufrj; 2 
haddad13; 2 
vergonha; 2 
askmarvel; 2 
marinanojg; 2 
maquinadememes; 2 
terceirizanãostf; 2 
christiancowan; 2 
laureniscoming; 2 
câncer; 2 
we_young; 2 
foto; 2 
kaixgucci19; 2 
flossom; 2 
플로썸; 2 
somos3milhões; 2 
fsradiobrasil; 2 
lm5; 2 
liampayne; 2 
7yearsoflittlemix; 2 
charmed; 2 
zuho; 2 
astro; 2 
행복; 2 
rowoon; 2 
sf9; 2 
grenal; 2 
명절지화자좋다; 2 
해밀턴2회차공연; 2 
army; 2 
taekook; 2 
btsinhamilton; 2 
즐추; 2 
추석도방탄과함께; 2 
timebrown; 2 
forahaddad; 2 
debatecnbb; 2 
onu; 2 
juntassomosmaisfortes; 2 
pensamentododia; 2 
premierleagueredetv; 2 
palmeiras104anos; 2 
104anosdehistória; 2 
riograndedosul; 2 
ganjalegalizada; 2 
pás; 2 
afazendo10; 2 
bomdiafoxsexta; 2 
expedientefutebol; 2 
selecaosportv; 2 
jogosagrado; 2 
ufc; 2 
educacaofisica; 2 
ufc228; 2 
gastura; 2 
진; 2 
novelajesus41; 2 
chico500; 2 
haddadnaglobonews; 2 
chile; 2 
cancionfavoritapop; 2 
airdrop; 2 
brasileirao2018; 2 
puto; 2 
vem2019; 2 
residentevil; 2 
coringa; 2 
morfitelefe; 2 
ahora; 2 
creo; 2 
juicioporjurados; 2 
repúdio; 2 
2kday; 2 
the100; 2 
votobolsonaro17; 2 
lifeisstrange2; 2 
ficadica; 2 
naocompreadote; 2 
aindomadanoviva; 2 
textos; 2 
letsgoliquid; 2 
eaconnected; 2 
whitepeopleproblems; 2 
neymar; 2 
cle; 2 
pink; 2 
beautifultraumatour; 2 
seokjin; 2 
maisquepromessas; 2 
assedioéhabitonopensi; 2 
soubrasileiromas; 2 
queriadizerq; 2 
blakeforce; 2 
detestoquandofalam; 2 
bolsonaronaoecorrupto; 2 
첸; 2 
chen; 2 
원호; 2 
marinapresidente; 2 
joãocom6; 2 
federer; 2 
brazilloveszayn; 2 
vemcomjoão30; 2 
사나; 2 
아스트로; 2 
wildkardinbrazil; 2 
afcxfla; 2 
novoclipeiza; 2 
livemovel; 2 
emmy; 2 
vamossãopaulo; 2 
themaleartist; 2 
ffvideoinmyblood; 2 
leavenogirlbehind; 2 
unga2018; 2 
estudioi; 2 
bocxcru; 2 
olicity; 2 
rmliga; 2 
callmebaby200m; 2 
straykids; 2 
happyseungminday; 2 
flaviapavanelli; 2 
medicina; 2 
lulaépresidiario; 2 
direitaunida; 2 
usa; 2 
felizviernes; 2 
painting; 2 
landscape; 2 
photography; 2 
nature; 2 
forcaanitta; 2 
passada; 2 
ciro; 2 
asaventurasdepoliana091; 2 
이달의소녀; 2 
professor; 2 
educação; 2 
heno; 2 
a4; 2 
maiorcampeãodobrasil; 2 
jairbolsonaronojornalnacional; 2 
katyperrykaaboodelmar; 2 
cozinhapraticanognt; 2 
rjtv; 2 
timãodavirada; 2 
javascript; 2 
handmaidstale; 2 
asaventurasdepoliana092; 2 
asaventurasdepoliana088; 2 
fortnite; 2 
hogwartstnt; 2 
cironosegundoturno; 2 
ciro12pdt; 2 
liltouch_oh_gg; 2 
vasxbah; 2 
beach; 2 
sp; 2 
videoshowaovivo; 2 
monsta_x; 2 
몬스타엑스; 2 
catra; 2 
boulosesonia50; 2 
emicidainaciodacatingueira; 2 
lukamodric; 2 
ripanitta; 2 
famílias; 2 
ceará; 2 
maniac; 2 
desafiounidasnasruas; 2 
샤이니; 2 
key; 2 
oficial; 2 
rede; 2 
lula; 2 
luto; 2 
brincadeiradocao; 2 
keferanofaustão; 2 
copadobrasilfoxsports; 2 
jb17; 2 
mulheres; 2 
hurricaneflorence; 2 
cirãodamassa; 2 
familia; 2 
babyguto; 2 
quemmandoumatarjb; 2 
elesimbolsonaro17; 2 
solidariedade; 2 
fé; 2 
generosidade; 2 
cover; 2 
elenever; 2 
singer; 2 
cbng1; 2 
haddadédilma; 2 
backtoyou; 2 
selenagomez; 2 
peace; 2 
happy; 2 
bday; 2 
novoalmirante; 2 
osporcochegô; 2 
tazercraft; 2 
ahs8; 2 
caos; 2 
hushhushmovie; 2 
readabookday; 2 
desafiosobfogo; 2 
keferanofaustao; 2 
camprock; 2 
staystrong; 2 
ahshotel; 2 
ele; 2 
naovamosnoscalar; 2 
theo; 2 
bolsominions; 2 
jornalnacional; 2 
ahsapolcalypse; 2 
flaxgre; 2 
fcbayern; 2 
50milnomaraca; 2 
mouraonagnews; 2 
somosmibr; 2 
haddadélulanatv; 2 
cinema; 2 
jairmessiasbolsonaro; 2 
futebolnaveia; 2 
mengodefé; 2 
mccatra; 2 
meuamor; 2 
지민; 2 
maisasilvatv; 2 
euquerobozonaro; 2 
querolulanosdebates; 2 
lulacandidato; 2 
debatenaredetv; 2 
btsfortworth; 2 
포트워스1회차공연; 2 
btslovemyself; 2 
코카콜라; 2 
casadachampions; 2 
vênus; 2 
mulheresintrínseca; 2 
21balas; 2 
cozinheirosemacaonognt; 2 
nayeon; 2 
나연; 2 
シブヤノオト; 2 
mina; 2 
tt; 2 
미나; 2 
티티; 2 
ahsapocalpyse; 2 
paunocudaonu; 2 
calcionatv; 2 
verguenzaconmenbol; 2 
britneyspears; 2 
laligafoxpremium; 2 
elesnao; 2 
iphone; 2 
fazenda10; 2 
suicídio; 2 
sanatóriogeral; 2 
euacredito; 2 
gigantespornatureza; 2 
criançaesperança; 2 
maisasilva; 2 
tbtreze; 2 
sweetenertonight; 2 
origen; 2 
tankfamily; 2 
bolsomitoooo; 2 
falabrasil; 2 
sabeserbrasileiro; 2 
saudades; 2 
happy_rm_day; 2 
paulistinhaday; 2 
arianagrande; 2 
kookmin; 2 
모니생일ᄎᄏ; 2 
슈가형이다; 2 
신화; 2 
btsstudiobylg; 2 
오늘깨알홍보; 2 
형이야; 2 
꾹이생일ㅊㅋ; 2 
얼쑤; 2 
여긴아직생일아님; 2 
생일은오늘이란다; 2 
m; 2 
브로맨스; 2 
곧끝; 2 
아침열시사십분임; 2 
namjoon; 2 
태형아사랑해; 2 
꾹아근데그거는알아야한다나는분명히거르고걸러괜찮은것만올리는거다우리사이에전쟁은없길바란다말했다; 2 
challenge; 2 
exnamtv; 2 
elesnão; 2 
motivação; 2 
botafogo; 2 
pçadaspalmeiras; 2 
vitoria; 2 
fajr; 2 
vasco; 2 
에스에프나인; 2 
instagram; 2 
saisergio; 2 
tiredafblocklistparty; 2 
firstloveoutsold; 2 
novo30; 2 
happybirthdaybeyonce; 2 
shineeisback; 2 
share2018bsb; 2 
elenãovaiganhar; 2 
ahscoven; 2 
vasco120anos; 2 
bitsaeon; 2 
roda; 2 
capitaocalcinha; 2 
brasilfelizdenovo; 2 
anitanão; 2 
rouanetnao; 2 
ffsingleinmyblood; 2 
gorpg; 2 
ifood; 2 
cpidarouanet; 2 
laranjadepresidiárionão; 2 
vitxvas; 2 
diadoadministrador; 2 
vaidarpt; 1 
meubolsominiumsecreto; 1 
patrocinadortorcejunto; 1 
nokxl; 1 
cdnpoli; 1 
stopkm; 1 
bcpoli; 1 
renewables; 1 
breakfreefromplastic; 1 
euevoce; 1 
globonews; 1 
olharespnw; 1 
thebestnaespn; 1 
winorgohome; 1 
gfc; 1 
spfotos; 1 
pelezao; 1 
15dajuh; 1 
insolvênciaemfoco; 1 
mariana; 1 
karamel; 1 
novelajesus23; 1 
novelajesus44; 1 
novelajesus31; 1 
novelajesus18; 1 
novelajesus24; 1 
novelajesus39; 1 
novelajesus26; 1 
novelajesus19; 1 
novelajesus29; 1 
novelajesus38; 1 
primeiromilagredejesus; 1 
novelajesus22; 1 
novelajesus40; 1 
novelajesus28; 1 
novelajesus27; 1 
novelajesus25; 1 
novelajesus21; 1 
novelajesus; 1 
novelajesus30; 1 
novelajesus20; 1 
mavencalore; 1 
indiedev; 1 
animation; 1 
indiegame; 1 
representividade; 1 
meupresidentemeudaddy; 1 
blackcouples; 1 
mcrebecca; 1 
sassygirl; 1 
renatavasconcellos; 1 
beautiful; 1 
videovanguardaward; 1 
jenniferlopez; 1 
btsnobrasilem2019; 1 
latribonera; 1 
neyruto; 1 
gokabum; 1 
circuitão; 1 
balançogeral; 1 
senadofederal; 1 
soacho; 1 
atardeesua; 1 
judiciário; 1 
palaciodogoverno; 1 
voltaota; 1 
meubrasil; 1 
spinraza; 1 
spinrazaparatodos; 1 
presidencia; 1 
políticos; 1 
thevoicebrasil2018; 1 
euqueroumuno; 1 
obrigado; 1 
paladins; 1 
supermarioodyssey; 1 
pcvasconcellos; 1 
oitavas; 1 
mufc; 1 
gefla; 1 
zaynxkyungsoo; 1 
labelloxxiumin; 1 
선미; 1 
sunmi; 1 
credit_teaser; 1 
exoxswiftiestreamingparty; 1 
kriswu; 1 
kyungsooxgmail; 1 
pringlesxchen; 1 
vid; 1 
warning; 1 
ditaduranuncamais; 1 
trarruda; 1 
sériec; 1 
tomafeladaputa; 1 
ironic; 1 
macmiller; 1 
staystrongari; 1 
staystrongariana; 1 
cirotempaupequeno; 1 
bolsonaronoprimeiroturno; 1 
forcacapitao; 1 
danilogentili; 1 
haha; 1 
diadoator; 1 
nemfodendo; 1 
publi; 1 
maisanoconversacombial; 1 
fantasticbeasts; 1 
bloopers; 1 
paradadadiversidade; 1 
lucasvilla; 1 
janeausten; 1 
damas; 1 
radio96; 1 
nenhumdireitoamenos; 1 
geledes; 1 
altashorascompabllovittar; 1 
fmuniversitaria; 1 
mulhernegra; 1 
literatura; 1 
superchef; 1 
coys; 1 
uefaawards; 1 
notfreytened; 1 
ucldraw; 1 
laroubonera; 1 
domingoespetacular; 1 
tocadaraposa4; 1 
streambottledup; 1 
blottledupoutnow; 1 
metinsiouxfalls; 1 
worldwired; 1 
5yearsofyourstruly; 1 
porcopeiro; 1 
bbbanco; 1 
somos; 1 
bbtchau; 1 
師弟を見るとストレスが減るらしい; 1 
slowhands; 1 
wユーリを見るとストレスが減るらしい; 1 
lt1; 1 
respectruin; 1 
fe; 1 
corisco; 1 
ocangaço; 1 
diva; 1 
djcubartholo; 1 
linda; 1 
pax; 1 
acre; 1 
donadosorrisomaislindo; 1 
segueolider; 1 
f1noge; 1 
luciferonnetflix; 1 
jolex; 1 
cherrybomb; 1 
atomicpinkdemon; 1 
youtube; 1 
maríliagabriela; 1 
ties; 1 
vogue; 1 
revista; 1 
yearsandyears; 1 
euamanhecinogarotavip; 1 
rebeldenosbt13anos; 1 
validlgbtq; 1 
weloveliambecause; 1 
missyou; 1 
perolahinode; 1 
decepcionada; 1 
liberarecord; 1 
perfumaria; 1 
protecao; 1 
afazaenda; 1 
instahndcariri; 1 
falandodeafazendasim; 1 
boicoterecord; 1 
feriado; 1 
piscina; 1 
viagem; 1 
dazzlelovers; 1 
nordestemeulindo; 1 
digitalart; 1 
onedayatatime; 1 
100bestshows; 1 
copironheart; 1 
rapemquadrinhos; 1 
neverhim; 1 
bojackhorseman; 1 
askpesadao; 1 
withrefugees; 1 
cassiebrazillovesyou; 1 
lulaéhaddad; 1 
swedishousemafia; 1 
justinhailey; 1 
theanswerishere; 1 
boys; 1 
sandraohnoemmys; 1 
bmth6; 1 
ficoputoquando; 1 
debruynenolugardele; 1 
amo; 1 
étop; 1 
saudadechinelo; 1 
teammodric; 1 
desculpamãe; 1 
nadapodesermaior; 1 
reidecopas; 1 
teamchulapa; 1 
teamnadja; 1 
modaozushi; 1 
vem_filho_forthbeam_mamãe_já_ama; 1 
魔道祖师; 1 
jogodosenta; 1 
ângulofox; 1 
caduda102vive; 1 
nãodesceprointervalo; 1 
saizica; 1 
newyorktimes; 1 
elitenyc; 1 
aaronphilip; 1 
rocknroll; 1 
turnup; 1 
getatme; 1 
camerarecord; 1 
rock; 1 
profissaoreporter; 1 
especialmarcelorezende; 1 
fazendaaovivo; 1 
rainingblood; 1 
betofalcao; 1 
werespecttomhiddleston; 1 
merli; 1 
umnproud; 1 
sóvem; 1 
nbtstourbrazil; 1 
youpixcon; 1 
sabatina; 1 
écapacitismoquando; 1 
zo9anos; 1 
happybirthdayandrewlincoln; 1 
sharpobjects; 1 
6yearsofemblem3; 1 
cubepartyisover; 1 
bohemianrhapsodyofilme; 1 
bohemianrhapsody; 1 
freddiemercury; 1 
ubereats; 1 
paudarabiola; 1 
somostodostomzé; 1 
ripsextou; 1 
foralomba; 1 
recibo; 1 
foramarlos; 1 
forarenê; 1 
forageuvanio; 1 
forarever; 1 
foraromulo; 1 
donaldglover; 1 
childishgambino; 1 
esquadrãodamoda; 1 
topchef; 1 
afazendaestreia; 1 
samurocas; 1 
teresa; 1 
minhamulherquemanda; 1 
aquenãopodiaamar; 1 
asaventurasdepoliana; 1 
comprarébomlevarémelhor; 1 
pss; 1 
passaourepassa; 1 
asaventurasdepoliana089; 1 
novelasdatarde; 1 
domingolegal; 1 
rededafama; 1 
asaventurasdepoliana093; 1 
lytourla_d4; 1 
smashbros; 1 
bulgaria; 1 
hagiasofia; 1 
nindies; 1 
playingnow; 1 
madri; 1 
nintendodirect; 1 
luigismansion; 1 
hagiasofiachurch; 1 
sofia; 1 
politicamenteincorreto2018; 1 
bolsonaro17no1oturno; 1 
passionaisfc; 1 
noprimeiroturno; 1 
doom; 1 
brasilcombolsonaro; 1 
ensinodomiciliar; 1 
todosporbabiy; 1 
tgtatléticomineiro; 1 
exercitoprado; 1 
leostronda; 1 
codeofconflict; 1 
fairplay; 1 
agility; 1 
burnout; 1 
codeofconduct; 1 
universalacceptance; 1 
devops; 1 
en; 1 
postmortem; 1 
lavueltaespn; 1 
arrascapuskás; 1 
quantum; 1 
digitaltransformation; 1 
carplay; 1 
cruxsan; 1 
lavuelta18; 1 
analytics; 1 
nicehair; 1 
ciclismonaespn; 1 
chuva; 1 
under30summit; 1 
nossomosloucos; 1 
oab; 1 
leanit; 1 
cabjxcru; 1 
vueltaespn; 1 
cometotheduckside; 1 
resistirpraexistir; 1 
stophomofobia; 1 
todoscontraocoiso; 1 
adorei; 1 
foracoiso; 1 
gostei; 1 
cute; 1 
angel; 1 
doglovers; 1 
yoga; 1 
bistecando; 1 
dogoftheday; 1 
doglife; 1 
sccpxgre; 1 
소정; 1 
봄의여신; 1 
ehusguri; 1 
osdonosdabolario; 1 
boicotefoxsportsbrasil; 1 
respondestjd; 1 
bastadeguerraaospobres; 1 
legalizaçãojá; 1 
legalizabrasil; 1 
reptourlive; 1 
girys; 1 
cardi; 1 
nicki; 1 
nickixcardi; 1 
edlp; 1 
seguequem; 1 
roacutan; 1 
beyoncénorockinrio2019; 1 
volga; 1 
rindodenervoso; 1 
russia; 1 
otrii; 1 
caspian; 1 
soltaoliaummmm; 1 
fazermaisparamudarmais; 1 
lovecats; 1 
adoptdontshop; 1 
adoteumgatinhoespecial; 1 
umlarparadorotéia; 1 
adoteumadulto; 1 
adoteumgatinho; 1 
adoteumgatoadulto; 1 
catland; 1 
thaliachallenge; 1 
uerj; 1 
linhadedomingo; 1 
basegremista; 1 
proenemaovivo; 1 
intensivaproenem; 1 
vascoxbahia; 1 
amoedonopanico; 1 
pense; 1 
lucas; 1 
黃旭熙; 1 
anation2108; 1 
아육대; 1 
루카스; 1 
nct2018; 1 
扬扬; 1 
ten; 1 
텐; 1 
เตนล์; 1 
정우; 1 
anation2018; 1 
jungwoo; 1 
밥챙겨먹기; 1 
nct_u; 1 
wegoup_mv_8_25pm; 1 
nacaradogol; 1 
bh; 1 
craquedojogo; 1 
trocadepasses; 1 
fechadocomocruzeiro; 1 
cruxcam; 1 
inspiraçãointrínseca; 1 
hll; 1 
votonulo; 1 
chiefskingdom; 1 
sfvskc; 1 
99pop; 1 
combatespace; 1 
ggg; 1 
megusta; 1 
canelo; 1 
orei; 1 
chavodel8; 1 
realitykings; 1 
premierleaguenaespn; 1 
doaçaodesangue; 1 
daciolo; 1 
cironeles; 1 
nuvem5anos; 1 
britcertified; 1 
joãonaband; 1 
ondalaranja; 1 
tnf; 1 
truedetective; 1 
chievojuve; 1 
music; 1 
lastfm; 1 
mlbnaespn; 1 
adidasrunners; 1 
papodesegundanognt; 1 
saidarede2018; 1 
riparethafranklin; 1 
vma2018; 1 
hinodoblog; 1 
flyhighzquadfran; 1 
scarlettjohansson; 1 
thefemalemoviestar; 1 
fodasemoluscoebolsoneca; 1 
killthepoor; 1 
leostrondateam; 1 
bloomalbum; 1 
mastercheftheprofessionals; 1 
dolantwinstuesday; 1 
askmadrugadao; 1 
selfieforliam; 1 
familiar; 1 
6underground; 1 
haddademanu; 1 
bolsonaronojn; 1 
modicesinspira; 1 
lionking; 1 
finsup; 1 
vagabanda; 1 
leagueoflegends; 1 
freddiemercuryday; 1 
spotify; 1 
trendingtopics; 1 
rockinrio2011; 1 
música; 1 
ozzyosbourne; 1 
cidadenegra; 1 
ledzeppelin; 1 
gamexp18; 1 
metal; 1 
gamepark; 1 
rockinrio2017; 1 
rockinrioclub; 1 
mariokart; 1 
justdance; 1 
linha20anos; 1 
dinahjane; 1 
projotanomtvhits; 1 
fifthharmony; 1 
montrealfilmfestival; 1 
flytourviagens; 1 
davidssecret; 1 
lifestyle; 1 
fefecaprattes; 1 
parasempreabba; 1 
daddykall; 1 
tiff; 1 
torontofilmfestival; 1 
tiff2018; 1 
amorcasacomigo; 1 
streetart; 1 
makeup; 1 
justgoodvibes; 1 
flytoureuamoviajar; 1 
osegredodedavi; 1 
osegredode; 1 
euamoviajar; 1 
flytour; 1 
worldpremiere; 1 
streetstyle; 1 
diadavisibilidadelésbica; 1 
girlslikeyou; 1 
backinitup; 1 
mianiversariodetwitter; 1 
debatearapuan; 1 
partiu; 1 
festivalofdisruption; 1 
globoplay; 1 
versacess19; 1 
stayhappy; 1 
winetravel; 1 
wine; 1 
vinouruguayo; 1 
respect; 1 
uruguay; 1 
uruguai; 1 
60yearsyoung; 1 
aurieta; 1 
minisermao; 1 
virgendelosdolores; 1 
paulinascomep; 1 
quemcomodeus; 1 
12desetembro; 1 
cantoresdedeus; 1 
dvdmulheres; 1 
hoje; 1 
contrários; 1 
sãonilo; 1 
sundayride; 1 
myblood; 1 
braziljs2018; 1 
formula1; 1 
spnfamily; 1 
bl; 1 
腐向け; 1 
へんたい; 1 
yaoi; 1 
やおい; 1 
podre; 1 
sóocaco; 1 
acabada; 1 
exaurida; 1 
cinderellaandfourknights; 1 
ray; 1 
misspacujá; 1 
onepierce; 1 
orangeanime; 1 
thriller3d; 1 
greysgallery; 1 
agoraé13; 1 
stfgolpista; 1 
bonner; 1 
globolixo; 1 
emmyawards2018; 1 
acabalogofaculdade; 1 
reformerpilates; 1 
newfoundland; 1 
newfiefunfest2018; 1 
tot; 1 
regrann; 1 
reformer; 1 
facadanohadad; 1 
coracao; 1 
socialneuroscience; 1 
carryon; 1 
twinkletwinklelittlestar; 1 
killingeve; 1 
snowbaz; 1 
ripavicii; 1 
designativista; 1 
fdsemursal; 1 
prouni; 1 
blackpinkinyourarea; 1 
雑誌付録; 1 
blackpinkmagazinecover; 1 
마지막처럼; 1 
명절; 1 
rose; 1 
shooky; 1 
koreanthanksgiving; 1 
xgirl; 1 
함께해서; 1 
welcomeback; 1 
rosé; 1 
뚜두뚜두; 1 
지수; 1 
제니; 1 
로제; 1 
officialblink; 1 
holiday; 1 
allets; 1 
collaboration; 1 
2nd; 1 
진짜사나이300; 1 
젠츄리챙; 1 
더좋은; 1 
블랙핑크; 1 
블링크존; 1 
양손가득; 1 
キットカット; 1 
blackpinkjapan; 1 
アーカー; 1 
nonagon; 1 
이하이; 1 
선물; 1 
happytogether; 1 
aaa2018; 1 
thegreatseungritourinosaka; 1 
leehi; 1 
星形スティックミラー; 1 
리사; 1 
ahkah; 1 
live; 1 
gentlemonster; 1 
queermuseu; 1 
trench; 1 
voteanitta; 1 
anittaparapresidente; 1 
blackmirrornovosimpsons; 1 
anitta2018; 1 
leo; 1 
saúde; 1 
doctorwhonaccxp2018; 1 
halloweenmovie; 1 
harrypotter; 1 
acasadaraven; 1 
acs; 1 
punhodeferro; 1 
cartoonnetwork; 1 
goninjas; 1 
bozonaro; 1 
concordo; 1 
bonstempos; 1 
sufoco; 1 
racismonão; 1 
2x; 1 
itatiaianoar; 1 
traírademais; 1 
otário; 1 
proconjá; 1 
sadboy; 1 
cotidiano; 1 
escolhiapoiar; 1 
boraleão; 1 
bairrobenfica; 1 
forxvil; 1 
hojetemleão; 1 
corridacentenáriodofortaleza; 1 
eusoufortaleza; 1 
leternite; 1 
diganaoaoodio; 1 
luismauro2018; 1 
vaiquecola; 1 
edfísicaubm; 1 
fisioterapiaubm; 1 
minhamúsicanoubm; 1 
yesnovasco; 1 
priscilaevelynn; 1 
watusi; 1 
elenaonuncanever; 1 
perfeito; 1 
elenaonuncaneverjamais; 1 
mesirvavadia; 1 
avenidabrasil; 1 
sitenatelinha; 1 
exbbb; 1 
redebbb; 1 
kaysar; 1 
남우현; 1 
infinite; 1 
woohyun; 1 
second_write; 1 
nam_woo_hyun; 1 
gpnastock; 1 
gay; 1 
chiquititasnodeezer; 1 
chiquititasnospotify; 1 
me; 1 
dedé; 1 
galonãotempartido; 1 
venom; 1 
doodle; 1 
respondelucao; 1 
forçabarça; 1 
sadbuttrue; 1 
elenuncaelenao; 1 
respectarianaandallwomen; 1 
atetaétua; 1 
geekcity; 1 
heros; 1 
osegredodaboafoto; 1 
himym; 1 
melhormerchant; 1 
superman; 1 
ucinageekcity; 1 
aovivo; 1 
microconto; 1 
miniconto; 1 
morenagostosa; 1 
acompanhantesp; 1 
acompanhantedeluxo; 1 
expointer; 1 
ruivinha; 1 
expointer2018; 1 
aquisotemtop; 1 
musadosapo; 1 
resgatemapaz; 1 
nole; 1 
cuidemdahistoria; 1 
salveopovo; 1 
nishikori; 1 
rio; 1 
ameanatureza; 1 
paes; 1 
quehomem; 1 
superlidas; 1 
bsb; 1 
bestbowsintheworld; 1 
fab; 1 
choquederealidade; 1 
forçasnoesporte; 1 
disparabrasil; 1 
elivanes; 1 
wafc2018; 1 
archery; 1 
tirocomarco; 1 
borntowin; 1 
mrarcher; 1 
f1beyondthegrid; 1 
precisavadar1clicknamira; 1 
wiawisatf; 1 
builtnotborn; 1 
archerylife; 1 
wiawis; 1 
shibuya; 1 
10àdireita; 1 
seta; 1 
blablablametro; 1 
timbeta; 1 
sanguedejesustempoder; 1 
osso; 1 
tekashi69; 1 
govtl; 1 
gorevoltz; 1 
golexyz; 1 
go40k; 1 
gorude; 1 
ajudeummoreira; 1 
flaviaviananafazenda; 1 
flamenguistasincero; 1 
theclonewars; 1 
ml; 1 
clonewarsrewatch; 1 
microsoftai; 1 
serenatadeamor; 1 
lj1; 1 
allybrookeatfusion; 1 
letthewavebegin; 1 
payet; 1 
aúpaatleti; 1 
vamosvozão; 1 
programa5; 1 
bundesligaéno442; 1 
laligano442; 1 
rogerwaters; 1 
pinkfloyd; 1 
reidecopa; 1 
espetáculo; 1 
segundoso; 1 
workinprogress; 1 
segundosol100; 1 
gina; 1 
andredias; 1 
jánascemoslivres; 1 
minhau; 1 
ilustrasil; 1 
uniaoluziaeroberval; 1 
adrianaesteves; 1 
kai; 1 
데이식스; 1 
weloveflossom; 1 
exoplanet; 1 
에스쿱스; 1 
레츠꼬; 1 
월화드라마; 1 
day6; 1 
가자; 1 
preview; 1 
내아이디는강남미인; 1 
tvn; 1 
고생했어; 1 
seventeen; 1 
scoups; 1 
projetobemyuniverse; 1 
youth; 1 
도경석; 1 
youarenotalone; 1 
비주얼승철; 1 
세븐틴; 1 
선원들이여; 1 
tevejoemtodososcantos; 1 
gravidas; 1 
gestacao; 1 
annakarinasenadora505; 1 
baby; 1 
homofobianao; 1 
psol2018; 1 
maismulheresnapolítica; 1 
homofobianão; 1 
pokemongofriendscode; 1 
eduardojorgeaovivo; 1 
pokemongo; 1 
pokemongofriend; 1 
odeiovinheta; 1 
padreléo; 1 
forapt; 1 
anilversario; 1 
turmafeirasegredo; 1 
guccicruise19; 1 
alessandromichele; 1 
onlyyou; 1 
insatiable; 1 
loveyourselfanswer; 1 
carpoolkaraoke; 1 
preconceitonãoéopinião; 1 
teamcardi; 1 
touchacoustic; 1 
twd; 1 
lm5iscoming; 1 
bumbumnoar; 1 
naoaguentogenteque; 1 
enelcorazóndeladecimotercera; 1 
somin; 1 
효아; 1 
서화; 1 
hana; 1 
seohwa; 1 
coverdance; 1 
레드벨벳; 1 
초희; 1 
hyoa; 1 
visiblenb; 1 
happiness; 1 
하나; 1 
세러데이; 1 
소민; 1 
saturday; 1 
sf9inbrazil; 1 
santuarioeuapoio; 1 
eunwoo; 1 
redvelvet; 1 
김시온; 1 
김초희; 1 
sf9nobrasil; 1 
시온; 1 
grenal417; 1 
vamotricolor; 1 
imortaltricolor; 1 
mercadolivre; 1 
teamfifthharmony; 1 
team5h; 1 
fofocalizando; 1 
passado; 1 
baleo; 1 
excitement; 1 
fazatédemais; 1 
got7; 1 
해밀턴3회차공연; 1 
방탄밤; 1 
igot7; 1 
fogonomuseu; 1 
meusonho; 1 
verdade; 1 
axémusic; 1 
caroline; 1 
lulaladrão; 1 
museu; 1 
elatemdireitodeescolha; 1 
cuidado; 1 
freecodefridaycontest; 1 
oisumida; 1 
fantasy; 1 
nfm; 1 
nflchallengebr; 1 
fantasynfl; 1 
yahoofantasy; 1 
iamnotyourexcuse; 1 
debatetvaparecida; 1 
crb106anos; 1 
dragonballsupernocn; 1 
galodapraiaorgulhodealagoas; 1 
redetv; 1 
masterchef; 1 
novafotodeperfil; 1 
aoscuidadosdeadobe; 1 
combatafakenews; 1 
chavesnomultishowep109; 1 
desequilibrado; 1 
acabôocaô; 1 
vermelhoebranco; 1 
alkimin; 1 
taok; 1 
voleinosportv; 1 
vamocoloradooooooooo; 1 
papaivoltou; 1 
vemtetra; 1 
torcedorcoloradogzh; 1 
oterrorcomeçou; 1 
goals; 1 
organicmarijuana; 1 
legendary; 1 
organiccannabis; 1 
farmfreshmcd; 1 
meunomeégg; 1 
freethugger; 1 
legalizemarijuana; 1 
ice; 1 
trustgamingbr; 1 
4anos; 1 
meet; 1 
meubolsominionsecreto2018; 1 
soltaotômpero; 1 
extrahours; 1 
16personalities; 1 
lolósim; 1 
aprendeucdb; 1 
masterchefbrasil; 1 
somostodosmarilia; 1 
forçagraça; 1 
bbbomdia; 1 
bbdemite; 1 
basta; 1 
anatomy; 1 
brasileirosub20; 1 
biomedicina; 1 
deusabencoe; 1 
gigantedacolina; 1 
educadorfisico; 1 
diadoortopedista; 1 
raiox; 1 
protrusãodiscal; 1 
120anos; 1 
dri; 1 
fisioterapia; 1 
giselelira; 1 
forcaisaque; 1 
radiografia; 1 
chupaexmarido; 1 
not; 1 
haddadlindo; 1 
harrynario; 1 
vergonhadesc; 1 
ritmodeclassico; 1 
domumfellings; 1 
viscabarça; 1 
jin; 1 
someday; 1 
hatrick; 1 
vma2012; 1 
tatbilb; 1 
barcapsv; 1 
corridadebigas; 1 
nãoconfioemgenteque; 1 
vamosemfrente; 1 
gizcast; 1 
200anoskarlmarx; 1 
intrínsecanasestrelas; 1 
happybirthdaymadonna; 1 
rhythmnation; 1 
tarcisionaband; 1 
gift; 1 
card; 1 
netflix; 1 
plancóndor; 1 
dina; 1 
dictadura; 1 
levirculpinão; 1 
rj2; 1 
iza; 1 
amorquenaosemed; 1 
ficaperes; 1 
somosmarina; 1 
céudodia; 1 
voutedizerumacoiza; 1 
solemlibra; 1 
falameuanjoaovivo; 1 
bossimga; 1 
meteorgardenishome; 1 
progamaraulgil; 1 
globocensura; 1 
bonuses; 1 
votebranco; 1 
erc20; 1 
spheroiduniverse; 1 
ndexnetwork; 1 
eleicoes; 1 
bounty; 1 
girao1777; 1 
meufederaléogeneral; 1 
foxnews; 1 
prayforbonero; 1 
skywind; 1 
assédioéhabitonafaetec; 1 
castlevania; 1 
sdd; 1 
rhcp; 1 
anjo; 1 
letraskk; 1 
gusttavolima; 1 
pstu; 1 
wildlife; 1 
slashwildlife; 1 
slashprotectanimals; 1 
paratodosgarotosquejaamei; 1 
paratodososgarotosquejáamei; 1 
afazanda10; 1 
embaixadamineirão; 1 
nopaunomineirão; 1 
lpfirsttimetomorrow; 1 
1dcomeback2020; 1 
nationsnatnt; 1 
laligapratodos; 1 
cinematography; 1 
batmanday; 1 
batmanday2018; 1 
pensandoemvoce; 1 
freefall; 1 
0x800488fc; 1 
freefall2; 1 
freierfall2; 1 
thenun; 1 
freierfall; 1 
alenobbb19; 1 
enquetes; 1 
duvidas; 1 
pv2; 1 
joyuri; 1 
yves; 1 
produce48; 1 
produce48finale; 1 
스타제국걸스; 1 
스타제국; 1 
izone; 1 
trans; 1 
mañana; 1 
corte; 1 
reformauniversitaria; 1 
gabrielschiavina; 1 
díadelaniñez; 1 
pobrezacero; 1 
verdecreo; 1 
empalmegraneros; 1 
sideat; 1 
boletaunicapapelya; 1 
creandofuturo; 1 
parkingday; 1 
diadelniño; 1 
ciudad; 1 
radiopolis; 1 
lacasa; 1 
verónicalópeznordio; 1 
creoenvos; 1 
laligadelcollage; 1 
seguridadvial; 1 
juanmanueltobares; 1 
laapertura; 1 
tallerecologista; 1 
nidos; 1 
crisis; 1 
molinoblanco; 1 
robótica; 1 
mauriciomenacho; 1 
río; 1 
díadelniño; 1 
educacionpublicasiempre; 1 
sanmartinsur; 1 
redes; 1 
lanochedeloslápices; 1 
innovación; 1 
movilidadsustentable; 1 
yobancoapablojavkin; 1 
miércoles; 1 
sábado; 1 
pintacrear; 1 
noalvotoelectrónico; 1 
eldiariodellunes; 1 
género; 1 
incendios; 1 
sustentabilidad; 1 
autonomía; 1 
eugeniacraviotto; 1 
rosario; 1 
entramar; 1 
laceramica; 1 
movilidad; 1 
hoy; 1 
planabre; 1 
votoelectrónico; 1 
suprema; 1 
santafe; 1 
ciclomaravilla; 1 
creotedefiende; 1 
conicetrosario; 1 
arribarosario; 1 
superiordecomercio; 1 
shanatova5779; 1 
creoenrosario; 1 
paridad; 1 
theendofthefxxxingworld; 1 
leica; 1 
newyork; 1 
riograndedonorte; 1 
leicaq; 1 
southamerica; 1 
latinamerica; 1 
work; 1 
leicagram; 1 
mossoro; 1 
antarctica; 1 
motonogp; 1 
onthisday; 1 
108anosdecorinthians; 1 
vamochuchu; 1 
instaperfect; 1 
ferrugemisoverparty; 1 
fikadika; 1 
nbalive19; 1 
nba2k19; 1 
giveaway; 1 
forçabrunosilva; 1 
azarado; 1 
fifathebest2018; 1 
sejaoamordasuavida; 1 
mensalinhodotwitter; 1 
bigcok; 1 
hotboy; 1 
monday; 1 
bigdick; 1 
jackoff; 1 
afternoon; 1 
bonecasafadinha; 1 
daciolonaoemachista; 1 
dudunaglobonews; 1 
srd; 1 
13reasonswhy; 1 
vouconfessarque; 1 
thebestfifafootballawards; 1 
fact; 1 
dogsofinstagram; 1 
tnycartoons; 1 
dogs; 1 
ff; 1 
quintou; 1 
petgram; 1 
adoteumamigo; 1 
petlovers; 1 
followfriday; 1 
instapet; 1 
instadog; 1 
fifathebest; 1 
tóxica; 1 
partidonovo; 1 
voteno30; 1 
trechos; 1 
homensdeverdade; 1 
luzsolo; 1 
rainbowsixsiege; 1 
vemverão; 1 
euevocê; 1 
caturday; 1 
championsleague; 1 
psg; 1 
airneymar; 1 
gervinho; 1 
caldeiraodohulk; 1 
touchbrown; 1 
inbrotherhood; 1 
browns; 1 
dabears; 1 
jetsdancetoanything; 1 
tgibf; 1 
dalvssea; 1 
onepride; 1 
seavsden; 1 
winchestercathedral; 1 
nauticalhistory; 1 
beautifultraumastreamingparty; 1 
iheartfesitival; 1 
importante; 1 
chellaby71; 1 
9today; 1 
hewasthecaptainofthefootballteambutiturnedhimout; 1 
thesmellingofarmpits; 1 
electricity; 1 
aftermovie; 1 
happybirthdayliampayne; 1 
boringsaturdaynight; 1 
novacdjokovic; 1 
alizecornet; 1 
brag; 1 
gottarest; 1 
p9; 1 
gobucs; 1 
tbvsten; 1 
vemfolia; 1 
golpe64; 1 
partemédico; 1 
g1paraná; 1 
boca; 1 
forçacruzeiro; 1 
yoqualy; 1 
gokeyd; 1 
jungeun; 1 
milasafterparty; 1 
rtxrt; 1 
assédioéhabitonoelite; 1 
todoseu; 1 
meteoro; 1 
rickandmorty; 1 
willbealweysthenumberone; 1 
sb822; 1 
rezende2018; 1 
pocketmortys; 1 
netneutrality; 1 
quenoite; 1 
ti8; 1 
cat; 1 
havana1bparty; 1 
sitiodosbetas; 1 
waitingforthesun; 1 
cocoricoagain; 1 
gtfo; 1 
iludido; 1 
teamleostronda; 1 
conexãoflórida; 1 
jornaldarecord; 1 
agoraédomingo; 1 
xuxanoporchat; 1 
tudoaver; 1 
cidadealerta; 1 
young; 1 
weyoung; 1 
sm슈퍼아이돌리그; 1 
pubg_baekhyunxsehun; 1 
민혁; 1 
exclusive; 1 
youngandfree; 1 
cap; 1 
elenaoelenunca; 1 
vamosbrazil; 1 
psblog; 1 
manofmedan; 1 
oscarwilde; 1 
경수; 1 
do; 1 
디오; 1 
heretheycome; 1 
joaonaband; 1 
amoedo; 1 
avepjo; 1 
fcseguindofcs; 1 
partiutoca3; 1 
deusétop; 1 
ボスゴドラ; 1 
ハガネール; 1 
bowsette; 1 
一日一絵; 1 
ポケモンgo; 1 
편히쉬기; 1 
astrofanart; 1 
보내; 1 
가족; 1 
몇달만에보네; 1 
박재범; 1 
휴가; 1 
로하수호; 1 
sexy4eva; 1 
최유프; 1 
ㅎㅎ; 1 
blue_sky; 1 
마쉬멜로우; 1 
따나; 1 
지짜맛있다; 1 
로아; 1 
용; 1 
helpholland; 1 
우리; 1 
잘; 1 
친해지자; 1 
송편; 1 
눈뉴난냐; 1 
xtvn; 1 
로하; 1 
astroday; 1 
기대해주세요; 1 
즐추즐추; 1 
somostodosthiago; 1 
mamaedobento; 1 
tovelha; 1 
aibb; 1 
therevivalshow; 1 
dynasty; 1 
worldsuicidepreventationday; 1 
tujogamaisqeu; 1 
diaderesistores; 1 
autoesporte; 1 
eu; 1 
sotocatopnomultishow; 1 
selfieforstandit; 1 
nãopisenagrama; 1 
spirit6anos; 1 
diadopalmeiras; 1 
pensandoobrasil; 1 
levantatecapitão; 1 
porenganomeuovo; 1 
medodaescorpiana; 1 
help; 1 
howaythelads; 1 
believeland; 1 
chivsgb; 1 
minvsgb; 1 
nufc; 1 
gotham; 1 
packers; 1 
shawnsignatureii; 1 
eawatches; 1 
livemusicsummit; 1 
wesupportshawn; 1 
mulheresunidas; 1 
calabocagentili; 1 
mulherescontraomachismo; 1 
snootchallenge; 1 
openfuture; 1 
rmucl; 1 
wild_kard_in_brazil; 1 
happyhanday; 1 
승민; 1 
jongwoon; 1 
onemoretime; 1 
hyunaandedawnroyalfamily; 1 
mariahcarey; 1 
happyfelixday; 1 
black6ix; 1 
hyunadeservesbetter; 1 
wonho; 1 
latin; 1 
스트레이키즈; 1 
블랙식스; 1 
뿌뿌; 1 
superjunior; 1 
seungmin; 1 
nctzenselcaday; 1 
minhyuk; 1 
happybirthdayfentybeauty; 1 
wildkardinrio; 1 
onemoretimesj; 1 
슈퍼주니어; 1 
calvinharris; 1 
wildkardnobrasil; 1 
종운; 1 
shownu; 1 
luan; 1 
teresanosbt; 1 
ferrugem; 1 
happybirthdayjimmyfallon; 1 
francoarmani; 1 
ad; 1 
dilsinho; 1 
pazbarbuda; 1 
prevencaoaosuicidio; 1 
anagabriela; 1 
quesaco; 1 
evangelion; 1 
bolsonaronaband; 1 
midia; 1 
bolsonaronarecord; 1 
vcacredita; 1 
adeliorecebeuordens; 1 
mudabrasil; 1 
marcoantoniovilla; 1 
youngpilates; 1 
fitness; 1 
nutricionista; 1 
pilatescadillac; 1 
lixo; 1 
parabens; 1 
fitnessmotivation; 1 
pilatesstudio; 1 
relax; 1 
libertad; 1 
paintings; 1 
tiradocebolinha; 1 
filosofía; 1 
mystreetinspiration; 1 
lesclassiquesasterix; 1 
sqlvh; 1 
marktwain; 1 
miguelito; 1 
nbaplayoffs; 1 
mondaymood; 1 
thanhmediaarts; 1 
religion; 1 
mondaymorning; 1 
outdoors; 1 
thefreeexhibition; 1 
harukimurakami; 1 
mafalda; 1 
fechadocombolsonaro; 1 
atenção; 1 
catsofinstagram; 1 
oprimi; 1 
omeudeus; 1 
surpresa; 1 
peganopulo; 1 
poresaeunaoesperava; 1 
eterno9x2; 1 
smurfetes; 1 
coutimhoprapresidente; 1 
vaicomdeusagosto; 1 
tchautchauagosto; 1 
aa; 1 
vitxcam; 1 
maria; 1 
lewandowski; 1 
atemaisagosto; 1 
toffoli; 1 
zerohoradorio; 1 
idiota; 1 
cbf; 1 
adnet; 1 
freebookfriday; 1 
ps; 1 
blocknoschatos; 1 
hihigh; 1 
해찬; 1 
haechan; 1 
saeb; 1 
joaonosdebates; 1 
verperouferiadouquasesextou; 1 
nonest; 1 
10yearsofdontforget; 1 
turnêlobosbh; 1 
legaisparaoverão; 1 
elno; 1 
naoasofrencia; 1 
barracos; 1 
pacaembu; 1 
pixelart; 1 
ドット絵; 1 
arquivoelpais; 1 
cslewis; 1 
inspiration; 1 
gameart; 1 
enix; 1 
awardskbs; 1 
emisonintheperfectionists; 1 
thefirefly; 1 
fanatiquei; 1 
léopain; 1 
tánahoradaroça; 1 
seomengaoseclassificar; 1 
vempsico; 1 
tombodaivete; 1 
obscuro; 1 
fear; 1 
earthquake; 1 
savage; 1 
pusheen; 1 
depateaparecida; 1 
designdeinteriores; 1 
silvioformado; 1 
porfavor; 1 
recantodokadete; 1 
vídeoshowaovivo; 1 
pergunteaoateu; 1 
pirula; 1 
gavinbond; 1 
nalata; 1 
jiujitsu76; 1 
jiujitsu; 1 
pmap; 1 
futebolfeminino; 1 
gocnb; 1 
rexpeita; 1 
gokbm; 1 
seleçãomasculina; 1 
mundial; 1 
losxacas; 1 
meetup; 1 
scala; 1 
meteorjs; 1 
remote; 1 
kotlin; 1 
meteorjob; 1 
java; 1 
meteor; 1 
emmyawards; 1 
itsabeautifuldayintheneighborhood; 1 
asimplefavor; 1 
1s; 1 
arrow; 1 
sfvae; 1 
mineirao98fc; 1 
medaai98fc; 1 
esquenta98; 1 
puskas98fc; 1 
rodadaquente98fc; 1 
zeroazero98fc; 1 
aquecimento98fc; 1 
dagalo98fc; 1 
maiconno98fc; 1 
98fcnomineirao; 1 
leono98fc; 1 
sobisno98fc; 1 
emersonno98fc; 1 
98fcnoct; 1 
classicou98fc; 1 
3dart; 1 
spyro; 1 
レイゼロ; 1 
aftereffects; 1 
tlk; 1 
cynder; 1 
blogbeabádigital; 1 
votociro12; 1 
vempramassa; 1 
cirogomes12; 1 
ciropdt; 1 
cirogomes2018; 1 
ciropresidentepdt; 1 
cirosimpostenão; 1 
pedagoga; 1 
vamosbotafogo; 1 
aumentaosomevem; 1 
ryeowookie; 1 
iwillanticipatealot; 1 
wewantsungminwithsj; 1 
iloveyou; 1 
이특; 1 
leeteuk; 1 
whohasmadeacoolstage; 1 
ourmaknae; 1 
withteacherjosumi; 1 
f1nogp; 1 
singaporegp; 1 
bomdiafoxterça; 1 
egyptstation; 1 
atropelaosmalandro; 1 
novosdeputados; 1 
edicao10; 1 
speedtest; 1 
novossenadores; 1 
enfermagem; 1 
nursestudent; 1 
cco; 1 
ufsj; 1 
cocielo; 1 
mpsp; 1 
davidbowie; 1 
nãoagridequemtrabalhaciro; 1 
jogosvorazes; 1 
afterlaughter; 1 
um44k; 1 
um44kftmek; 1 
marcelorezende; 1 
mito; 1 
saudadeseternas; 1 
marcelatais; 1 
sobrevivi; 1 
amoatéoinfinito; 1 
forçaanita; 1 
santos; 1 
pedraonaespn; 1 
plane; 1 
ocean; 1 
sky; 1 
coconuttree; 1 
praiadocoqueiro; 1 
portoseguro; 1 
architecture; 1 
sun; 1 
sea; 1 
blue; 1 
boat; 1 
praiadoespelho; 1 
bahia; 1 
turismo; 1 
trancoso; 1 
water; 1 
paradise; 1 
arbol; 1 
airplane; 1 
cocopalm; 1 
topgreys; 1 
suavidaimporta; 1 
quemtempainaotemopiniao; 1 
foiela; 1 
voudeciroporque; 1 
celeirodeases; 1 
forajenifertemer; 1 
nãosomosdesajustados; 1 
meumenino; 1 
15mixtape; 1 
mm2iscoming; 1 
podejulgar; 1 
diadobiólogo; 1 
cidadequeflui; 1 
benejerrys; 1 
delleallichallenge; 1 
flaviapavanellitv; 1 
bozo; 1 
danojogentalha; 1 
falaciro; 1 
calaabocagentilli; 1 
calaabocabozo; 1 
feitosdepaixao; 1 
saoxflu; 1 
ahtá; 1 
pazdecristo; 1 
vemcanada; 1 
스페셜; 1 
mx_holiday7; 1 
weyoung_chanyeolxsehun; 1 
셀프캠버전; 1 
special; 1 
mx홀리데이7; 1 
홀리데이; 1 
몬채널; 1 
monbebeselcaday; 1 
diadohistoriador; 1 
brasilcontraanitta; 1 
britvoteonedirection; 1 
back2school; 1 
btyto300m; 1 
台風; 1 
台風２１号; 1 
giordana15anos; 1 
naovamosdeixarelasair; 1 
enterrodosossos; 1 
lucifer; 1 
themarvelousmaisel; 1 
capitainmarvel; 1 
thebingeworthyshow; 1 
lucifersaved; 1 
thenoite; 1 
boulos; 1 
rbd; 1 
ikwydls2; 1 
behindthetweets; 1 
ukintheusa; 1 
glenluchford; 1 
goodcryep; 1 
1000daysof1d; 1 
freshpop; 1 
sidao; 1 
emerson; 1 
lulaepresidiario; 1 
queenofsoul; 1 
11september; 1 
homem; 1 
spxrj; 1 
peito; 1 
rola; 1 
bunda; 1 
putaria; 1 
macho; 1 
verificanatasha; 1 
ilovebts; 1 
1d; 1 
teamubispo; 1 
bumbumtamtam; 1 
spfcxafc; 1 
yellowball; 1 
eunovma; 1 
socorro; 1 
tbtimão; 1 
gado; 1 
quemecristaonaovotanaesquerda; 1 
anittanao; 1 
cristaonaovotaesquerda; 1 
recadinhoprocrush; 1 
facada; 1 
elemente; 1 
elanão; 1 
jaehfinaldeagostoeu; 1 
semsexoeu; 1 
eusouconservador; 1 
vasconcelos2018; 1 
renata; 1 
foraarão; 1 
quebrandootabunognt; 1 
estúdioi; 1 
natuzanatv; 1 
futuromelhoragora; 1 
anaamélia; 1 
geraldoalckmin; 1 
energiarecarregada; 1 
formacao; 1 
natuzanorádio; 1 
homilia; 1 
partiucopacabana; 1 
euvou; 1 
conversão; 1 
louvorecc; 1 
eucaristia; 1 
dublin; 1 
papafrancisco; 1 
natuzanuncadesliga; 1 
meubolsominionpreferido; 1 
cfcxcap; 1 
sobeleão; 1 
fentybeautyanniversary; 1 
r9iscomingparty; 1 
prainhadaclaudinha; 1 
negalora; 1 
theoffice; 1 
sherlock; 1 
tamotransandodefato; 1 
beproud; 1 
croatia; 1 
orgulhogaúcho; 1 
espcro; 1 
vatreni; 1 
toptop; 1 
beautyfair; 1 
beautyfair2018; 1 
gira_sol; 1 
àsvezesnosilênciodanoite; 1 
equilibrio; 1 
bocajuniors; 1 
bocadefarofa; 1 
98esportes; 1 
todentro; 1 
oitnb; 1 
donademim; 1 
teamanapaula; 1 
timeteló; 1 
arsyoungjaeday; 1 
키; 1 
hendery; 1 
tombadas2; 1 
aviso; 1 
teste; 1 
marinasilva18; 1 
marinasilva; 1 
alvarodiasnopanico; 1 
bomdiapr; 1 
rpcpr; 1 
melhoralbumpop; 1 
bivisibilityday2018; 1 
copalibertadores; 1 
fodace; 1 
espiritodeporco; 1 
haddad; 1 
bolsolixo; 1 
mulheresunidascontraobolsonaro; 1 
nevermind; 1 
colettefilm; 1 
spencerelden; 1 
batalhadostécnicos; 1 
diainternacionaldasolidariedade; 1 
queenofthesouth; 1 
cantor; 1 
ranchodoserjão; 1 
sextooou; 1 
positivevibes; 1 
lacuenta; 1 
delasota; 1 
lssc; 1 
yemen; 1 
joselopez; 1 
ppt; 1 
metoo; 1 
cineargentino; 1 
sccpxcol; 1 
victorvicenzza; 1 
direitaamordaçada; 1 
cirocampeao; 1 
vaidaptvaida; 1 
ciroeuteamo; 1 
semlulaeciro; 1 
vamoschape; 1 
elenaõ; 1 
eltop5decocacolafm; 1 
trad; 1 
airtravel; 1 
zefelipenasabrina; 1 
paramoreartfriends; 1 
zero1; 1 
tvfama; 1 
ganhandotodas; 1 
teamnescau; 1 
whygod; 1 
chegadezembro; 1 
musicaboaaovivo; 1 
faltaafaculdadeléo; 1 
forapaulo; 1 
masterchefpro; 1 
limpaedesinfetada; 1 
selfiesforbrie; 1 
visibilidadebissexual; 1 
captainmarvelchallenge; 1 
diadavisibilidadebissexual; 1 
tãodeixandoagentesonhar; 1 
gosesi; 1 
orgulhodeserfranca; 1 
r7; 1 
fake; 1 
eleocaralho; 1 
eleseucu; 1 
insatiablenetflix; 1 
torcemosjuntos; 1 
30semanaspaes; 1 
deusulive; 1 
menosódio; 1 
crosswords; 1 
somospaes; 1 
feminina; 1 
uol; 1 
yummi; 1 
raposa; 1 
bear; 1 
sunday; 1 
empadaodefrango; 1 
instafood; 1 
minhassereias; 1 
comlarieumpoucomais; 1 
julgadorlindodotio; 1 
soumadeleve; 1 
matandoasaudade; 1 
carnaval; 1 
ezaga; 1 
photooftheday; 1 
dudu; 1 
aerabiscoiteirachegapratodes; 1 
selfie; 1 
mascotegael; 1 
nadamudou; 1 
ma; 1 
phantonoftheopera; 1 
friendship; 1 
poups; 1 
carbonara; 1 
gymtime; 1 
nigrinhaeamesma; 1 
tgif; 1 
sapao; 1 
aindabdaydebiel; 1 
quarentou; 1 
deontem; 1 
familiamarista; 1 
amores; 1 
dezanoscomessasmalas; 1 
vemcarnaval; 1 
aumentandoomenu; 1 
delei; 1 
eteile; 1 
quasederepente30; 1 
cozinhadedomingo; 1 
quemevoce; 1 
slz; 1 
bearded; 1 
gym; 1 
poremvislumbrandooferiado; 1 
minharminina; 1 
deleve; 1 
lovesing; 1 
diadetricolor; 1 
pagaasmarmitas; 1 
aupfpoxsports; 1 
nemadefesadoliverpool; 1 
circuitao; 1 
sóvemcirão; 1 
nomanita; 1 
sense8; 1 
tuffcapirota; 1 
cirãonosegundoturno; 1 
factcheckingpolitz; 1 
disqueoração; 1 
trsantafe; 1 
barbixas3milhões; 1 
amarelasaovivo; 1 
pedeamorinha; 1 
amoras; 1 
furduncinhododynho; 1 
boanoite; 1 
friozinho; 1 
portoalegre; 1 
usinadogasometro; 1 
wattpad; 1 
witnessthefinale; 1 
paratodososgarotosquejaamei; 1 
packmas; 1 
vempracolina; 1 
jenniferlawrence; 1 
thedramamoviestar; 1 
theshow; 1 
avrillavigne; 1 
sencillodelano; 1 
missyoudemi; 1 
subject16film; 1 
thescififantasyshow; 1 
elamerece; 1 
festivaldebrasilia; 1 
trfgala; 1 
slaycancerwithdragons; 1 
blessed; 1 
burtreynolds; 1 
pediatriccancer; 1 
inspireothers; 1 
family; 1 
fanfamily; 1 
livedanilcejogandodetroit; 1 
meditación; 1 
cirodamassa; 1 
tazercraftgamer; 1 
gab; 1 
humornegro; 1 
kingofzungleday; 1 
sorteiorelâmpago; 1 
aceitaquedoimenos; 1 
gayman; 1 
gaybear; 1 
style; 1 
prendaminha; 1 
semanafarroupilha; 1 
hat; 1 
levelcult; 1 
bolsobosta; 1 
tradicionalismo; 1 
smile; 1 
feriadão; 1 
orgulhodesergaúcho; 1 
atentadobolsonaro; 1 
bolsonaroesfaqueado; 1 
gaybaby; 1 
gayboy; 1 
blacklove; 1 
justintimberlake; 1 
wolfgangnovogratz; 1 
outlander; 1 
yoda; 1 
grishaverse; 1 
canada; 1 
revengeofthesith; 1 
typhoonmangkhut; 1 
fire; 1 
sixofcrows; 1 
starwars; 1 
rouge; 1 
rougenofaro; 1 
rougenopremiomultishow; 1 
rougenodatena; 1 
dicadepetista; 1 
brasilfcb; 1 
cincytennis; 1 
liberaacativa; 1 
decimoencuentroderabiola; 1 
cuscuz; 1 
cetv; 1 
nossasenhoradapaz; 1 
medjugorje; 1 
twitter; 1 
beychella; 1 
rstats; 1 
medodenofuturo; 1 
vamosfalarsobrelúpulo; 1 
desencanto; 1 
durmamcomessa; 1 
happybirthdayhermionegranger; 1 
supergirl; 1 
afazenda10ra; 1 
laje67; 1 
shameonus; 1 
soupmdbvotocaiado; 1 
cabuloso; 1 
meulegado; 1 
1jo5; 1 
felizsemana; 1 
faledejesus; 1 
chefmaravel; 1 
academiacbnmariosergiocortella; 1 
noizcomemicida; 1 
infosfera; 1 
diaadiadaeconomiamiriamleitao; 1 
comoaprenderinglescommairovergara; 1 
atlflix; 1 
sleepwithmethepodcastthatputsyoutosleep; 1 
cbnprofessional; 1 
tecnocast; 1 
thejoeroganexperience; 1 
mauriciomeirellespodcast; 1 
everdadeessebilete; 1 
positivethinkingday; 1 
thebeginningofdespair; 1 
partiucombu; 1 
bozo2018; 1 
gustatrintao; 1 
kéferanofaustão; 1 
mariane; 1 
vocêéimportantepq; 1 
livedepoisdas11; 1 
palanquelivre; 1 
reptourneworleans; 1 
fanartfriday; 1 
reptourstl; 1 
reptournola; 1 
intxprc; 1 
finoallafine; 1 
machismo; 1 
preconceito; 1 
homofobia; 1 
paznofutebol; 1 
teatrofaap; 1 
nãoehad; 1 
nãoehpubli; 1 
teatropraquemnãogosta; 1 
teatroparaquemnaogosta; 1 
vemtheo; 1 
catxgre; 1 
grêmiorádioumbro; 1 
deutschland; 1 
história; 1 
alemanha; 1 
museus; 1 
2yearsofilluminate; 1 
streamsmthealbum; 1 
leniostreck; 1 
horárioeleitoral; 1 
somos3milhoes; 1 
forçarafa; 1 
pearljam; 1 
debateredtv; 1 
inutil; 1 
baitaamigos; 1 
emmy2018; 1 
nowplaying️; 1 
miasanbasti; 1 
esmuellert; 1 
legend; 1 
euamoatitude; 1 
opredador; 1 
artistasdasemana; 1 
meirelles15; 1 
waitonit; 1 
marvelfuturefight; 1 
frow; 1 
lolitaupdate; 1 
oruglhoepaixão; 1 
gecorinthians; 1 
awaydays; 1 
handofalittlegirl; 1 
nymf; 1 
handofman; 1 
nymf18; 1 
seleçaobrasileira; 1 
inovarparamim; 1 
dancadosfamosos2018; 1 
pesmobile; 1 
europaleague; 1 
wwe2k19; 1 
thepoweroffootball; 1 
teampsg; 1 
winningeleven; 1 
allin; 1 
minikayke; 1 
fifa19demo; 1 
nxtuk; 1 
proevolutionsoccer; 1 
felizdiadascrianças; 1 
bruiserweight; 1 
pes2014; 1 
i63; 1 
kololli; 1 
teamom; 1 
nxttakeover; 1 
lopez; 1 
partiudubai; 1 
urgente; 1 
vcnobemestar; 1 
premierligueredetv; 1 
saveshadowhunters; 1 
ruimdemiraebemarmado; 1 
votobranco; 1 
diadegremio; 1 
festivaldomuseuqueimado; 1 
semcandidato; 1 
neverbethesametour; 1 
lulanaurnatse; 1 
filmes; 1 
riverdalebrasil; 1 
foratininho; 1 
fla; 1 
tite; 1 
cor; 1 
turmadamêmica; 1 
bozominios; 1 
saidoarmariobolsonaro; 1 
inconsistencia; 1 
pensamentoconsistente; 1 
saidoarmario17; 1 
pesquisa; 1 
irada; 1 
fadigada; 1 
coisada; 1 
pelamordideusgente; 1 
fazanarcisa; 1 
influencers; 1 
domingaodofaustao; 1 
vidalongaaorocknacional; 1 
projetoboto2019; 1 
éointer; 1 
pittyteconecta; 1 
matriz; 1 
pittyturnê2018; 1 
itanocomando; 1 
alaorianoscomorgulho; 1 
alaorianacomorgulho; 1 
centronotopo; 1 
calabocarafael; 1 
expectationssingle; 1 
pst; 1 
vamossport; 1 
leãodapartida; 1 
juntossomosmaisfortes; 1 
tbttvilha; 1 
scrgif; 1 
efeitoedmilsondevastador; 1 
relembraréviver; 1 
foraarnaldobarros; 1 
treinoabertodia01; 1 
flatearth; 1 
tribesound; 1 
trderbi; 1 
derbinoge; 1 
forafarcaazul; 1 
brincandodefotografar; 1 
john5; 1 
sansungbestofblues; 1 
tommorello; 1 
segueolíder; 1 
deusotenha; 1 
boraleao; 1 
teamo; 1 
meu10; 1 
meupar; 1 
sounenis; 1 
2x1; 1 
maridolindo; 1 
meusentimentos; 1 
mais3pontos; 1 
fui; 1 
fortalezaxlondrina; 1 
katyperry; 1 
pabllovittarnotvz; 1 
beyourbiggestfan; 1 
teamamosjao; 1 
embraceyourface; 1 
haddadélulajn; 1 
déciolima13; 1 
13pt; 1 
queunção; 1 
toooopzeira; 1 
puluébrincadeira; 1 
quepereza; 1 
chupelo; 1 
kloelamaravilla; 1 
ursalvive; 1 
forodesãopaulo; 1 
golpecomunista; 1 
방탄신발; 1 
generationunlimited; 1 
이맛이느낌; 1 
btsonfallon; 1 
gmaidolchallenge; 1 
푸마; 1 
pumaxbts; 1 
여름을더짜릿하게; 1 
midautumnday; 1 
firstloveappreciationday; 1 
puma; 1 
btsinfortworth; 1 
박보검; 1 
loveyourselfinforthworth; 1 
basket; 1 
btsongma; 1 
madebybts; 1 
bts바스켓; 1 
lulahaddadmanu; 1 
lamentável; 1 
xatiado; 1 
pes2019db; 1 
santosnadapodesermenor; 1 
corxatl; 1 
borabora; 1 
seesawxineeduremix; 1 
felanpe2018; 1 
meubolsomionsecreto; 1 
corinthiansxpalmeiras; 1 
economia; 1 
mundocurioso; 1 
paraty; 1 
hamiltonwinner; 1 
patrimôniomundial; 1 
gpsingapura; 1 
aniitta; 1 
espaçosa; 1 
comosupremocomtudo; 1 
cirocirúrgico; 1 
remix; 1 
cristianoronaldo; 1 
mintnabuzz; 1 
constitución; 1 
elcaribe; 1 
redessociales; 1 
nuevafotodeperfil; 1 
nacionales; 1 
enfoque; 1 
euaindanaoengolei; 1 
thrillersintrínseca; 1 
péquente; 1 
afcxvas; 1 
showdointervalo; 1 
flickerworldtourwestpalmbeach; 1 
harrystylesliveontourla2; 1 
cadaufazobem; 1 
tadificil; 1 
vemdoar; 1 
diadaárvore; 1 
correria; 1 
blackpanther; 1 
vamosjuntas; 1 
boulosnatvaparecida; 1 
usopenfinal; 1 
saopaulo; 1 
cauêvieira; 1 
g2; 1 
dora; 1 
colodetio; 1 
isis; 1 
papitoídolo; 1 
tetraemeio; 1 
colorado; 1 
boraprasemi; 1 
souc2; 1 
direita; 1 
teamminaj; 1 
insidewarner; 1 
thejoker; 1 
acessibilidade; 1 
pracegover; 1 
disneycoco; 1 
publipost; 1 
força; 1 
fifa; 1 
agentsofshield; 1 
autorretrato; 1 
flores; 1 
emunah; 1 
agape; 1 
insonia; 1 
sabadao; 1 
ufcnocombate; 1 
capitalismo; 1 
fastfood; 1 
garden; 1 
emiahfotodecelular; 1 
mulheresapoiambolsonaro; 1 
boatardinha; 1 
deusébomotempotodo; 1 
emiahfotografia; 1 
motoe4plus; 1 
tamarindo; 1 
chilibeans; 1 
natureza; 1 
j7prime2; 1 
ufc228nocombate; 1 
ilovephotography; 1 
manauarashopping; 1 
lulalaumelhorpresodentro; 1 
manausamazonas; 1 
lutopelamemoria; 1 
auladecozinhanognt; 1 
egx2018; 1 
streetfighter; 1 
jeongyeon; 1 
momo; 1 
bdz; 1 
sana; 1 
twicetagram; 1 
정연; 1 
soribada; 1 
jihyo; 1 
모모; 1 
쯔위; 1 
nayeon_com_franja; 1 
dahyun; 1 
beanpole; 1 
tzuyu; 1 
다현; 1 
chaeyoung; 1 
채영; 1 
nayeon_tv; 1 
지효; 1 
iridescence; 1 
revoltadíssima; 1 
verão90; 1 
navidadeexfa; 1 
trustyou; 1 
now; 1 
eleão; 1 
adeusnarcisa; 1 
craquedoverdão; 1 
livemovel00h; 1 
lulalibre; 1 
globogolpista; 1 
gregoria6565; 1 
bolsonaronajovempan; 1 
ospingonosis; 1 
amazonoriginal; 1 
제발; 1 
crazy_ver; 1 
lsd; 1 
bornsingerjungkook; 1 
davidguetta7; 1 
idol11onhot100; 1 
pergunteaojoao; 1 
adeuscarrobaixo; 1 
uefa; 1 
senhorpresidente; 1 
oestexatléticogo; 1 
championsleaguenoeiplus; 1 
sérieb; 1 
primavera; 1 
olympics; 1 
forcachape; 1 
forabarros; 1 
aquecimentoafazenda; 1 
imamess; 1 
meanttobe; 1 
protecttaylorswift; 1 
wellingtondiasgate; 1 
11desetembro; 1 
naminhatvtcl; 1 
europaleaguenofoxsports; 1 
europaleaguefoxsports; 1 
vueltanaespn; 1 
laligaparatodos; 1 
nevou; 1 
vemai18quilates; 1 
joelma18quilates; 1 
youdrivemecrazy; 1 
britneyarmy; 1 
pieceofmetour; 1 
ideas; 1 
flutterio; 1 
arkit; 1 
developer; 1 
promisies; 1 
getwellsoonsamsmith; 1 
eibolsonarovaitomarnocu; 1 
bomdiafox; 1 
thexfactornosony; 1 
jhochallenge; 1 
opinión; 1 
vergonhalheia; 1 
nojopsdb; 1 
vamosrenovartudo; 1 
sergiomoro; 1 
lavajato; 1 
tchauqueridos; 1 
geraldoalckimin; 1 
switch; 1 
motorola; 1 
livewire; 1 
sccp; 1 
bmw; 1 
google; 1 
harleydavidson; 1 
nintendo; 1 
360c; 1 
esim; 1 
maps; 1 
dualsim; 1 
actros; 1 
mercedesbenz; 1 
ufsc; 1 
sccpxpar; 1 
serie3; 1 
tsukuba; 1 
amém; 1 
androidpolice; 1 
googlecoach; 1 
blockchain; 1 
audi; 1 
wearos; 1 
leaf; 1 
volvo; 1 
uber; 1 
nissan; 1 
android; 1 
5g; 1 
waze; 1 
lenovo; 1 
iphones; 1 
etron; 1 
androidpie; 1 
googledrive; 1 
malbec; 1 
mentira; 1 
webcomponents; 1 
react; 1 
kaioiludidovaimorrermuito; 1 
angular; 1 
cryptocurrency; 1 
nowtour; 1 
ccmaawards; 1 
shaniatwain; 1 
hamont; 1 
nahproject; 1 
shaniatwainnow; 1 
shaniatwainbrasilembarretos; 1 
colageina10; 1 
shanianow; 1 
christianetorloni; 1 
welcometobrazilshania; 1 
fanschoiceshania; 1 
fanchoiceshania; 1 
j10; 1 
marinanaaparecida; 1 
animalabuse; 1 
animalcruelty; 1 
sonho; 1 
happybirthdaydua; 1 
wakeupandwatchanne; 1 
renovada; 1 
foi; 1 
32turbo; 1 
ciroddad; 1 
rumoaocafe; 1 
estudesempre; 1 
right_here; 1 
hwall; 1 
더보이즈; 1 
the_sphere; 1 
theboyz; 1 
뉴; 1 
허현준; 1 
new; 1 
활; 1 
the_boyz; 1 
이재현; 1 
최찬희; 1 
주학년; 1 
혀현준; 1 
juhaknyeon; 1 
현재; 1 
militei; 1 
timeivete; 1 
canarinho; 1 
seleçãobrasileira; 1 
brasileirão; 1 
poesiacomrapadura; 1 
sccpxspo; 1 
aquiécorinthians; 1 
deeplearning; 1 
industry40; 1 
iiot; 1 
robotics; 1 
infographic; 1 
dl; 1 
innovation; 1 
artificialintelligence; 1 
healthtech; 1 
iot; 1 
bigdata; 1 
smartcity; 1 
auatrilha; 1 
auamelhorau; 1 
opinesobreamaconha; 1 
bolsonaroburroburro; 1 
moradadosol; 1 
parabéns; 1 
aqa201anos; 1 
araraquara; 1 
sapevatelo; 1 
ahab; 1 
catarse; 1 
nutellaxraiz; 1 
nutella; 1 
lutavionogshow; 1 
eueocigarro; 1 
d7; 1 
orgulhoeepaixao; 1 
orgulhoepaixaofinal; 1 
stoptheuehate; 1 
debatebandpr; 1 
themovie; 1 
elroyalemovie; 1 
fiftyshadesfreed; 1 
venicefilmfestival2018; 1 
sccpxint; 1 
mtbi727; 1 
justiça; 1 
oconto; 1 
alltheboysthatiloved; 1 
camxspfc; 1 
alltheboysivelovedbefore; 1 
springsteenbroadway; 1 
calvinandhobbes; 1 
fodaseaslojasamericanas; 1 
h; 1 
somosmilhõesdelulas; 1 
haddadaovivo; 1 
caravana65; 1 
sabatinauolfolhasbt; 1 
jandirafeghali6565; 1 
haddadvice; 1 
latingrammy; 1 
loquevesnoesloquesoy; 1 
joaquinphoenix; 1 
patrickmelrose; 1 
benedictcumberbatch; 1 
onmyoji; 1 
askluba; 1 
sorrybheart; 1 
youthculturestreamparty; 1 
sagitário; 1 
spoby; 1 
tveja; 1 
humor; 1 
ticosantacruz; 1 
semlulaéciro; 1 
제이케이; 1 
꾹감독; 1 
생일이라기쁜데엥; 1 
오늘이진짜생일; 1 
pmglingerie; 1 
respeitaastrans; 1 
equipeds; 1 
lancemorumbi; 1 
unidospelospfc; 1 
amofini; 1 
eutenho; 1 
euposso; 1 
meadota; 1 
shark; 1 
sweetner; 1 
singing; 1 
aconteceupracaralho; 1 
cantora; 1 
teatromusical; 1 
smule; 1 
gravina; 1 
jornaldajoice; 1 
mariasdobrasilmusical; 1 
gravando; 1 
juliafaz1ano; 1 
embuscadoshapeperdido; 1 
aniversario; 1 
amominhafilha; 1 
musicalbrasileiro; 1 
musicaltheater; 1 
santinhanão; 1 
meaceita; 1 
cironoanticast; 1 
happyprincessyujin; 1 
orbits1stwin; 1 
loona; 1 
유진아_너의_열아홉을_축하해; 1 
yeojin; 1 
happy_yujin_day; 1 
hero; 1 
prazeremdescobrir; 1 
mcdonald; 1 
vimeo; 1 
insidedesign; 1 
ofilhodeletambemnao; 1 
dragrace; 1 
anjomeu; 1 
museunacionaldorj; 1 
agarotadoblog; 1 
eleicao2018; 1 
beyoncé; 1 
karola; 1 
laureta; 1 
zico; 1 
forzanapolisempre; 1 
galinha; 1 
napolimilan; 1 
angelinanofx; 1 
vemtetracolorado; 1 
pokemon; 1 
blastawaykhzine; 1 
laschicasdelcable; 1 
blogdosócio; 1 
salnorabo; 1 
bostonario; 1 
냄쥰; 1 
굿나잇11시김남준; 1 
아렘형; 1 
김남준아니면알엠; 1 
dna500m; 1 
arpuro; 1 
gioh; 1 
avioesfanstasy; 1 
newhair; 1 
perfeição; 1 
pug; 1 
naoaceito; 1 
viajar; 1 
pugbrasil; 1 
fotografia; 1 
loveislove; 1 
paparazzi; 1 
eurotrip; 1 
melhordomundo; 1 
petinstagram; 1 
pictureperfect; 1 
jamais; 1 
nerd; 1 
games; 1 
internacional; 1 
cyberpunk2077; 1 
sundaekids; 1 
newpi; 1 
eseb; 1 
evolution; 1 
evol2018; 1 
equalopportunity; 1 
sciencelikeagirl; 1 
ecologicalapplications; 1 
sciencinghard; 1 
temervlogueiro; 1 
entrenojogo; 1 
unirio; 1 
forçajair; 1 
stonerfam; 1 
thursdaythoughts; 1 
staylifted; 1 
iamcannabis; 1 
raça; 1 
ナヨン; 1 
porcodosandes; 1 
brunohenrique; 1 
happynayeonday; 1 
pqp; 1 
digaumavdd; 1 
absurdo; 1 
axl; 1 
arianators; 1 
thesong; 1 
ffsinglenotears; 1 
sabadoelitedosdv; 1 
thefamilymovie; 1 
premiomultishow2018; 1 
sweetenerouttonight; 1 
newpicture; 1 
lulanunca; 1 
lulanao; 1 
1000dayswithoutonedirection; 1 
weloveyouariana; 1 
whitegirlproblem; 1 
rumoaotri; 1 
palmeirasminhavidaévocê; 1 
rumoaotítulo; 1 
liberdadecombolsonaro; 1 
yogapractice; 1 
sãopaulo; 1 
metrô; 1 
dia4; 1 
teamporcos; 1 
quemedourourado; 1 
naiaraazevedonotvz; 1 
flaviobolsonarosenador177; 1 
porvocêportodos; 1 
7setembro; 1 
proudoflouis; 1 
casadamaejoana; 1 
ly오클랜드; 1 
제이홉; 1 
biz4lgbti; 1 
홍석; 1 
armyprotegearmy; 1 
문빈; 1 
사물놀이소년단; 1 
슈가; 1 
엠카운트다운; 1 
kissmelikethat; 1 
idolchallange; 1 
컴백무대기대해주세요; 1 
hot100; 1 
lgcordzeroa9; 1 
정국; 1 
wepurpleparkjimin; 1 
lovemyself; 1 
산하; 1 
엠카; 1 
valentinemusicvideo; 1 
btsforyouth2030; 1 
너잖아; 1 
camilasonvmas; 1 
euleionacional; 1 
leirouanet; 1 
theferragnez; 1 
top5cliches; 1 
et; 1 
hajrásomorja; 1 
aekfcineurope; 1 
uclplayoff; 1 
fridayfeeling; 1 
aekfc; 1 
aekfcseason2018_19; 1 
aekfamily; 1 
aekvid; 1 
show; 1 
celeste; 1 
alemoa; 1 
pexera; 1 
déteelodi; 1 
blumenau; 1 
rizzihvlog; 1 
álbum; 1 
700kdepoisdas11; 1 
hyuna; 1 
btsloveyourselftourinla; 1 
edawn; 1 
voltadilma; 1 
dorama; 1 
youtubers; 1 
anittaexposedparty; 1 
desafio; 1 
lgtv; 1 
canallgtv; 1 
oqueéamorpravocê; 1 
exercitodaprado; 1 
vcsim; 1 
tidal; 1 
hardwhite; 1 
queenradio; 1 
queeanradio; 1 
versace; 1 
abubarbie; 1 
dubai; 1 
aerotrem; 1 
semanadamobilidade; 1 
diadavisibilidadelesbica; 1 
maisumvoto; 1 
bolsonaromatouodragão; 1 
forçaanitta; 1 
quemmandomatarbolsonaro; 1 
lulahaddadmanu13; 1 
lulahaddademanu; 1 
sooners; 1 
gridironheights; 1 
rapcaviar; 1 
fallout76; 1 
happysaturday; 1 
sanxind; 1 
agoraénopaca; 1 
73questions; 1 
377verdict; 1 
section377; 1 
héterodetaubaté; 1 
aries; 1 
loveisallweneed; 1 
dibujandoelcielo; 1 
eshop; 1 
rougenotodoseu; 1 
nintendoswitchonline; 1 
somostodosminhaavó; 1 
slbfcb; 1 
rx; 1 
tnyarchive; 1 
batpiroca; 1 
justiceleague; 1 
batman; 1 
batmandamed; 1 
missionimpossiblefallout; 1 
juntassomosmaiores; 1 
lytourla_d3; 1 
horariodeverão2018; 1 
bocajr; 1 
fleacom; 1 
camxcru; 1 
caratingahoje; 1 
diadaarvore; 1 
unmistakablefleacom; 1 
chuvas; 1 
maracanã; 1 
pluviosidade; 1 
climatologia; 1 
elsalvador; 1 
ceara; 1 
americamg; 1 
المنار_عاجل; 1 
fakenet; 1 
renancalheiros; 1 
copasudamericana2018; 1 
tempotemperatura; 1 
يا_كفيل_زينب; 1 
br18; 1 
muslims; 1 
prefeituracaratinga; 1 
aercio; 1 
caratingagora; 1 
bahxbot; 1 
sport; 1 
iptu2018; 1 
tim; 1 
bairroesplanada; 1 
graveyardkeeper; 1 
propmaker; 1 
aloycosplay; 1 
aloy; 1 
horizonzerodawn; 1 
maythe4thbewithyou; 1 
leesungkyung; 1 
parkseojoon; 1 
2018aaa; 1 
lee; 1 
happyjinyoungday; 1 
sfnine; 1 
박서준; 1 
park; 1 
cabal; 1 
financialsystem; 1 
event; 1 
almanaquesdv; 1 
pensesobre; 1 
stivejobs; 1 
cbfsemmoral; 1 
godofwar; 1 
rachelsheherazade; 1 
caianarealbrasil; 1 
postehaddad; 1 
luísricardonão; 1 
thevoicekids; 1 
fato; 1 
revenge; 1 
revange; 1 
teambispo; 1 
veneno; 1 
chocado; 1 
tenhofe; 1 
trakt; 1 
loquelavidamerobo; 1 
actriz; 1 
verojaspeado; 1 
orgulhhoepaixao; 1 
somostodosdesajustados; 1 
thedramashow; 1 
paporeto; 1 
bemamigos; 1 
lovewins; 1 
impulse; 1 
홉슈; 1 
sope; 1 
waderobson; 1 
brianfriedmen; 1 
projetobtsxbrazil; 1 
playstationclassic; 1 
frigideira; 1 
caminhosdareportagem; 1 
terranotícias; 1 
vemfds; 1 
faquinhadepapel; 1 
partiuibira; 1 
moments; 1 
cironothenoite; 1 
assbambireal; 1 
26yearsofdemilovato; 1 
brunominhoquinha; 1 
brunominhoquica; 1 
pocburra; 1 
assbambi; 1 
virgem; 1 
temerealckmin; 1 
minharotina; 1 
zapatterson; 1 
mulherdefrases; 1 
frasesfernandamello; 1 
feminismo; 1 
girlpower; 1 
relacionamentoabusivo; 1 
princesaderua; 1 
krash; 1 
empoderamentofeminino; 1 
metaopé; 1 
letitgo; 1 
frasedodia; 1 
quotes; 1 
fimderelacionamento; 1 
lutecomoumagarota; 1 
sororidade; 1 
quotesaboutlife; 1 
fernandamello; 1 
quoteoftheday; 1 
relacionamento; 1 
issonaoehamor; 1 
amarépunk; 1 
frasefernandamello; 1 
trechosdelivros; 1 
esperança; 1 
neuesprofilbild; 1 
tuitutil; 1 
sresponde; 1 
20dopeppo; 1 
bibitatto; 1 
bibitattogamer; 1 
pedropaidoso; 1 
encontremaycon; 1 
bbmp; 1 
fcsegueapenasfcs; 1 
vmadoglossmtvhits; 1 
typingspeedtest; 1 
sketching; 1 
sketches; 1 
inktober; 1 
jurassicworld; 1 
wip; 1 
timelapse; 1 
artistsoninstagram; 1 
fridakahlo; 1 
dibujo; 1 
hufflepuff; 1 
inktober2018; 1 
doaçãodesangue; 1 
artistsontwitter; 1 
jurassicpark; 1 
sorteiosnoonstagramforever; 1 
commission; 1 
hogwarts; 1 
obvio; 1 
estudianteslp; 1 
copaargentina; 1 
gelisenadora; 1 
haddadpre; 1 
bacharel; 1 
haddad13elulapresidente; 1 
katiagovernadora; 1 
encantado; 1 
ubecnarede; 1 
dateruim; 1 
capxfla; 1 
superindico; 1 
investigação; 1 
indiferenteàdiferença; 1 
lpdependonit; 1 
lphomewithyou; 1 
lpslow; 1 
tommynow; 1 
chanyeol_tommynow; 1 
taeyeon; 1 
찬얄; 1 
acordabrasil; 1 
aguardem; 1 
firsttimemusicvideo; 1 
panicatthedisco; 1 
monolithtour; 1 
780am; 1 
gonzálezdaher; 1 
ksivlogan; 1 
ksivslogan; 1 
anittaisoverpartyé; 1 
pisãodarenatavasconceloseufui; 1 
anittaseposicione; 1 
ufpa; 1 
rj1; 1 
rackdacacau; 1 
achojusto; 1 
achodigno; 1 
superbonita; 1 
fomezero; 1 
ipanema; 1 
amistosodaseleção; 1 
pmb; 1 
partidodosmemesdobrasil; 1 
eusourica; 1 
rappi; 1 
ia; 1 
somostodosnatalia; 1 
teamday; 1 
bestofnba; 1 
thelastdance; 1 
lehistory; 1 
kobe40; 1 
nevsnyg; 1 
gopats; 1 
vasxcsc; 1 
diasemestresse; 1 
bdsp; 1 
domingoehdiade; 1 
chani; 1 
휘영; 1 
taeyang; 1 
winner; 1 
jaeyoon; 1 
jonghyun; 1 
고은섭; 1 
주호; 1 
ojkmt; 1 
dawon; 1 
로운; 1 
영균; 1 
sistar; 1 
고양이; 1 
바부야; 1 
shinee_thestoryoflight; 1 
fantasyexpressnobrasil; 1 
youngbin; 1 
미워; 1 
여우각시별; 1 
countless; 1 
thestoryoflight_epilogue; 1 
reallyreally; 1 
dreamer; 1 
onew; 1 
soyou; 1 
sf9_is; 1 
사랑니; 1 
minho; 1 
inseong; 1 
gebxcfc; 1 
boraprôgame; 1 
boralanches; 1 
obrigadodenada; 1 
tamojunto; 1 
bempiorqueeu; 1 
juntospelasula; 1 
fluxbot; 1 
tonos30; 1 
putasacanagemmeo; 1 
ressaca; 1 
alienwareligaprogc; 1 
maladeverdade; 1 
diadaamazonia; 1 
sotrackboa; 1 
somosmarinapresidente; 1 
mandamimos; 1 
garotodoninho; 1 
osirmãossister; 1 
quintadetremurasdv; 1 
clau; 1 
anitters; 1 
videofavorito; 1 
mtvaytobr; 1 
anittagata; 1 
bivisibiltyday; 1 
copadobrasilfoxsport; 1 
semmundial; 1 
tiff17; 1 
fivbmenswch; 1 
montreuxmasters; 1 
mondaymotivation; 1 
whyididntreportit; 1 
otetravem; 1 
deusnocontrole; 1 
flamego; 1 
urubuzada; 1 
culturadearquibancada; 1 
prcxspfc; 1 
jmtv; 1 
polemicadodia; 1 
askme; 1 
bradleycooper; 1 
curiouscat; 1 
ladygaga; 1 
bradxgaga; 1 
hanacidounaestrella; 1 
cirorivotril; 1 
ajudanoix; 1 
빅뱅; 1 
happykwonjiyongday; 1 
빛새온; 1 
jooheonmixtape; 1 
narachan; 1 
누가누가; 1 
mixtape; 1 
로다; 1 
redcarpet; 1 
sj; 1 
지디; 1 
아이엠; 1 
go_up; 1 
2yearswithnctdream; 1 
나라찬; 1 
믹스테잎; 1 
nct_dream_go_up; 1 
nctdream_go_up; 1 
없지; 1 
livin_it_up; 1 
elf; 1 
mont; 1 
michaeljackson; 1 
reebok; 1 
gdragon; 1 
jooheon; 1 
essetremnão; 1 
esseabestadonão; 1 
fomedeséries; 1 
truques; 1 
fomedeseries; 1 
amore; 1 
dadosabertos; 1 
encontrodamonalisaperrone; 1 
vemquetem; 1 
laurenourprincess; 1 
tey; 1 
vinteumtou; 1 
sobrinho; 1 
rubel; 1 
acreditarnaspessoas; 1 
grammy; 1 
timbernardes; 1 
minhaesquerdistasecreta; 1 
yestenhotoc; 1 
delealli; 1 
suicidepreventionday; 1 
linhabilidade; 1 
sportvusopen; 1 
dearwhitepeople; 1 
teameurope2018; 1 
lovepeople; 1 
notíciario; 1 
vamosubirsanta; 1 
lovepets; 1 
pernambuco; 1 
minimalismo; 1 
vamossubirsanta; 1 
documentary; 1 
beberibeemchamas; 1 
santacruz; 1 
lavercup; 1 
quirksofnature; 1 
mancity; 1 
theboldtype; 1 
conhece; 1 
édaquipramelhor; 1 
horadeporcafé; 1 
semcoração; 1 
unpopularopinion; 1 
oioficial; 1 
ccxp; 1 
quintadaboavista; 1 
gameexperience; 1 
calabocabonner; 1 
universeinsideyou; 1 
poetadacolina; 1 
primeirodeus; 1 
sejadiferente; 1 
vanluchiari; 1 
sejavoce; 1 
iggyvmas; 1 
survivethesummer; 1 
opinião; 1 
futebolsemhomofobia; 1 
meufeministosecreto; 1 
livsou; 1 
thecaliforniadreamstour; 1 
preocupante; 1 
nanaslifecoach; 1 
midiainternacional; 1 
theeconomist; 1 
xboxone; 1 
quantumbreak; 1 
xboxshare; 1 
parabénseliana; 1 
teresinaévasco; 1 
larissaviana; 1 
falamosbolsonarosim; 1 
anitanao; 1 
newseasonforsense8; 1 
thespywhodumpedme; 1 
ffad; 1 
freddieforaday; 1 
choremos; 1 
bandidobomé; 1 
minhabolsominionsecreta; 1 
uru; 1 
nicaragua; 1 
leydebolsas; 1 
oeaenbrasil; 1 
oea; 1 
juizdefora; 1 
bolivia; 1 
cartagena; 1 
oeanobrasil; 1 
pasantíasoea; 1 
brasil2018; 1 
montevideo; 1 
deco; 1 
mex; 1 
prêmiodamúsicabrasileira; 1 
mercúrio; 1 
banksy; 1 
tecmundo; 1 
vitorkleynazoox; 1 
dodôgarotopropaganda; 1 
dodôcafonadobem; 1 
sodisseverdade; 1 
kdn; 1 
womanoftheyear; 1 
blackholes; 1 
ilearnbestby; 1 
bestwaystohandlestress; 1 
élno; 1 
luladrão; 1 
conferenciaabertatse; 1 
malhação; 1 
senado; 1 
oriotemjeito; 1 
émelhorjairjoiçando; 1 
tocomtarcisio; 1 
bolsonazi; 1 
lulapreso; 1 
pauloguedes; 1 
facista; 1 
whenbaddoesgood; 1 
superbowl; 1 
sharktankbr; 1 
nossomosafergs; 1 
loveyourself; 1 
방탄; 1 
loveyourselftour; 1 
loveyourselfinhamilton; 1 
bonvoyage3; 1 
linux; 1 
docker; 1 
problematização; 1 
vicesnarecordnews; 1 
naovainoscalar; 1 
tokyoghoul; 1 
cubeentertainment; 1 
fandomseguefandom; 1 
ff7; 1 
闘う者達; 1 
kingdomhearts; 1 
cookiejar; 1 
nes; 1 
弾いてみた; 1 
finalfantasy; 1 
三味線; 1 
crise; 1 
surto; 1 
marterchefbr; 1 
ei; 1 
muitoamor; 1 
dificildecomer; 1 
meugrudinho; 1 
turminhadocoração; 1 
sad; 1 
notetoself; 1 
thesocialstar; 1 
dolantwins; 1 
liampaynevmas; 1 
won1dz; 1 
boamadruga; 1 
venicebitchiscoming; 1 
g1ms; 1 
julguemenoscurtamais; 1 
bolsonaroanojornalnacional; 1 
spoonpets; 1 
themarvelousmrsmaisel; 1 
pointganso; 1 
greysdepressao; 1 
eduardojorgenaveja; 1 
rouanettparaquemprecisa; 1 
brasilacimadetudo; 1 
euquerobolsonaro17; 1 
projetoverão; 1 
mariellevive; 1 
tarcisionoglobo; 1 
inovazl; 1 
luisasonzanomtvhits; 1 
superasegundamtvhits; 1 
processoseletivo; 1 
1yearwithoec; 1 
hinchas; 1 
equipecirogomes; 1 
comprova; 1 
flstudio; 1 
boulosresponde; 1 
foracrivella; 1 
qualquercoisamenosele; 1 
mtvhits; 1 
duff; 1 
duffmckagan; 1 
amgxvas; 1 
superarquivo; 1 
camxvas; 1 
sempreaoladodovasco; 1 
lancevas; 1 
vasxcea; 1 
espm; 1 
alichallenge; 1 
whitediamond; 1 
stevenuniverse; 1 
bluediamond; 1 
wifiralph; 1 
pinkdiamond; 1 
yellowdiamond; 1 
choices; 1 
pesquiseantesdevotar; 1 
velhainfancia; 1 
musica; 1 
turnip2020; 1 
couvert; 1 
tribalistas; 1 
27deagostodiadopsicologo; 1 
record; 1 
fc4004; 1 
felipecarreras; 1 
davichegou; 1 
esseéoritmo; 1 
lessons; 1 
thefutureispurple; 1 
jaonosotocatop; 1 
abaixoaofascismo; 1 
plantão; 1 
fome; 1 
diadofolclore; 1 
museunacionalufrj; 1 
ilhagrande; 1 
museunacionaldoriodejaneiro; 1 
correios; 1 
diadoirmao; 1 
maiortorcidadomundo; 1 
rmcity; 1 
futebolnaglobo; 1 
tallmoos; 1 
solar; 1 
몰랐니; 1 
itsdjhyoday; 1 
마마무; 1 
midgetmoos; 1 
mamamoo; 1 
girlsgeneration; 1 
girlsgeneration_oh_gg; 1 
노예템은_저멀리안녕; 1 
음주가마무_보자; 1 
소녀시대_oh_gg; 1 
happyhyoyeonday; 1 
솔라; 1 
문별이; 1 
brrra_4종세트; 1 
무무; 1 
문별; 1 
소녀시대; 1 
oh_gg; 1 
liltouch; 1 
용콩별콩의_장승썰; 1 
sherlolly; 1 
sextouovernerd; 1 
behindthescenesbatch; 1 
ceviche; 1 
leiparatodos; 1 
caseiro; 1 
pescadabranca; 1 
menosparaopsdb; 1 
album; 1 
naomesmo; 1 
alisoveritsok; 1 
marquinhovive; 1 
equipe; 1 
taxaomeirelles; 1 
boulosnagazeta; 1 
sinner; 1 
tribecatvfestival; 1 
thebestfifaawards; 1 
desfilecívico2018; 1 
ceti; 1 
vídeo; 1 
facadanobolsonaro; 1 
answernow; 1 
museologiaresiste; 1 
evandro; 1 
luisafazcosquinha; 1 
macaerva; 1 
macahell; 1 
macacerva; 1 
superação; 1 
지국; 1 
포트워스2회차공연; 1 
jhope; 1 
theansweriscoming; 1 
고마워하늘; 1 
answer; 1 
국민; 1 
love_yourself_結_answer; 1 
yoongi; 1 
loveyourselftourinla; 1 
soribadaawards2018; 1 
보라해; 1 
chart; 1 
grêmioxceará; 1 
grexcsc; 1 
vencer; 1 
boravozão; 1 
cearásc; 1 
caradojogo; 1 
