elenão; 47 
elenao; 31 
ciro12; 30 
bolsonaro17; 28 
elesim; 28 
rouanetnão; 23 
debateaparecida; 23 
eleições2018; 21 
debateredetv; 21 
cirofilhodaputa; 20 
euquerobolsonaro; 19 
bolsonaropresidente17; 18 
bolsonaronãoécorrupto; 17 
elenunca; 17 
bolsonaro; 16 
forçabolsonaro; 15 
bolsonaronojornalnacional; 15 
g1; 15 
bolsonaro2018; 14 
newprofilepic; 14 
falamaisgentili; 11 
cironacnbb; 11 
lulainelegivel; 10 
gazetaestadaojp; 10 
elasim; 10 
mulherescombolsonaro; 10 
rouanetnao; 10 
ciropresidente; 10 
mulherescontraobolsonaro; 9 
quemmandoumatarbolsonaro; 9 
tbt; 9 
fakenews; 8 
votobolsonaro17; 8 
lulalivre; 8 
thebest; 8 
afazenda10; 8 
dia7é17; 7 
uolnasurnas; 7 
democraciasim; 7 
forcabolsonaro; 7 
meubolsominionsecreto; 7 
flamengo; 7 
lulainelegível; 7 
mensalinhodotwitter; 7 
calabocagentilli; 7 
calabocaciro; 6 
milhoescombolsonaro; 6 
b17; 6 
bomdia; 6 
segundadetremurasdv; 6 
nflnaespn; 6 
haddadélula; 6 
lulanacadeia; 5 
lulaepresidiario; 5 
reviravoltanaeleicao; 5 
ocapitãovoltou; 5 
meuaniversáriodotwitter; 5 
direitaseguedireita; 5 
haddadpresidente; 5 
marina18; 5 
marinacomciro; 5 
jairmessiasbolsonaro; 5 
brasil; 5 
bolsonaropresidente; 5 
ptnuncamais; 5 
joãonaband; 5 
bolsonaronajovempan; 5 
omemedaminhavida; 5 
sextou; 5 
cironosegundoturno; 5 
pergunteaociro12; 5 
domingodetremurasdv; 5 
fechocomciro; 5 
eusoulula; 4 
pás; 4 
museunacional; 4 
sextadetremurasdv; 4 
sentagostosobozo; 4 
marinanojornalnacional; 4 
novafotodoperfil; 4 
bolsonaroeleito1ºturno; 4 
ciro; 4 
f1; 4 
rt; 4 
lulaépresidiário; 4 
haddad; 4 
forapt; 4 
bakeoffbrasil; 4 
alvarodias19; 4 
direitaunida; 4 
rip; 4 
meuprimeirotweet; 4 
videoshowaovivo; 4 
jb17; 4 
ocapitaovoltou; 4 
écomciroqueeuvou; 4 
bolsonaronaoecorrupto; 4 
ondalaranja; 4 
vote30; 4 
masterchefbr; 4 
jairbolsonaro; 4 
twibbon; 4 
fsradiobrasil; 4 
libertadores2018; 4 
lutomuseunacional; 4 
palmeiras; 4 
ciraonosegundoturno; 4 
falaciro12; 4 
haddadélulanojn; 4 
cblol; 4 
eleicoes2018; 4 
lulaladrão; 3 
sabadodetremurasdv; 3 
bolsonaro17no1ºturno; 3 
paz; 3 
elesimbolsonaro17; 3 
captainmarvel; 3 
mito; 3 
vemcomagente; 3 
mariellepresente; 3 
bolsonaronao; 3 
mulherescontraofascismo; 3 
geraldoalckmin; 3 
quintadetremurasdv; 3 
amor; 3 
quemmandoumatarobolsonaro; 3 
ripcatra; 3 
citeumatretaesaia; 3 
fantastico; 3 
segundosol; 3 
marinasilvanopanico; 3 
estoucombolsonaro; 3 
mudabrasil; 3 
manunojaburu; 3 
somostodosbolsonaro; 3 
forçaanitta; 3 
cironeles; 3 
nflbrasil; 3 
stockcarnosportv; 3 
falamaisgentilli; 3 
crf; 3 
flaxcam; 3 
fifafootballawards; 3 
vaicorinthians; 3 
vasco120; 3 
verguenzaconmebol; 3 
debatebandrio; 3 
bolsonaronoprimeiroturno; 3 
lulaépresidiario; 3 
libertadoresfoxsports; 3 
quero; 3 
cbng1; 3 
brasilcommarina; 3 
vamointer; 3 
sechamainteressaloucura; 3 
jn; 3 
cirogomes; 3 
ciropresidente12; 3 
falaciro; 3 
joaonaband; 3 
paunocudaonu; 3 
thevoicebrasil; 3 
eua; 3 
calabocacirodenovo; 3 
votemarina18; 3 
familia; 3 
haddadnãoélula; 3 
amoedonopanico; 3 
marketing; 3 
lulapreso; 2 
lulapresidiario; 2 
amejoaomiguel; 2 
amoedonosdebates; 2 
jornaldaglobo; 2 
haddadnojornalnacional; 2 
jornalhoje; 2 
cuidadocomfakenews; 2 
bolsonaronão; 2 
pas; 2 
setembroamarelo; 2 
singaporegp; 2 
jornalnacional; 2 
lulaécandidato; 2 
boulosesonia50; 2 
eibozonarovaitomarnocu; 2 
fantástico; 2 
elasnão; 2 
tuesdaythoughts; 2 
elesim17; 2 
mouraonagnews; 2 
copadobrasil; 2 
marta; 2 
debatecnbb; 2 
vitória467anos; 2 
jg; 2 
conversacombial; 2 
famíliapalmeiras; 2 
fofocalizandonosbt; 2 
poderemfoco; 2 
orgulhoepaixão; 2 
sbt; 2 
eliana; 2 
imprensacretina; 2 
brasilcombolsonaro; 2 
esquerdafascista; 2 
arquivobbc; 2 
porenganomeuovo; 2 
lulaeinelegivel; 2 
sqn; 2 
lulahaddadmanu; 2 
sanatóriogeral; 2 
timão; 2 
corinthians; 2 
oremos; 2 
soudedireitaporque; 2 
bolsonaroeleito1ºlugar; 2 
craquedojogo; 2 
copadobrasilfoxsports; 2 
mufc; 2 
onthisday; 2 
fifa19; 2 
fotosdefatos; 2 
neverforget; 2 
lulanasurnastse; 2 
canada; 2 
superclásico; 2 
indynaband; 2 
nfl; 2 
argentinofoxsports; 2 
joaonojn; 2 
modric; 2 
joãonosdebates; 2 
baseforte; 2 
cartolafc; 2 
diadaarvore; 2 
mytwitteranniversary; 2 
usopennaespn; 2 
amoedo; 2 
trabalho; 2 
7desetembro; 2 
elesnunca; 2 
donosdaamérica; 2 
haddadnojn; 2 
jbnaglobo; 2 
racismo; 2 
todoscomciro; 2 
ciro12presidente; 2 
saúde; 2 
facistasnãopassarão; 2 
anitta; 2 
preconceito; 2 
arte; 2 
politica; 2 
mulheresunidascontrabolsonaro; 2 
balançogeralmg; 2 
sbt37anos; 2 
trufalimãosiciliano; 2 
cironojornalnacional; 2 
unidoscontraacorrupção; 2 
brasileiraonosportv; 2 
globonews; 2 
pergunteaogeraldo45; 2 
publipost; 2 
southamericamemes; 2 
cruzeiraocabuloso; 2 
brasilcontracorrupcao; 2 
domingo; 2 
thewalkingdead; 2 
huracan; 2 
diademarina18; 2 
votomarinapq; 2 
ufcsp; 2 
euquerociro; 2 
galo; 2 
jornaloglobo; 2 
diadegrêmio; 2 
vamosrenovartudo; 2 
bandnewsfm; 2 
marinasilva18; 2 
rede; 2 
marinapresidente; 2 
marinasilva; 2 
haddadélulanatv; 2 
cartola; 2 
novo30; 2 
haddad13; 2 
startup; 2 
stockcar; 2 
joaoamoedo; 2 
italiangp; 2 
jairbolsonaro17; 2 
bolsonaro2018euvoto; 2 
vida; 2 
reagesantos; 2 
desafiodapuberdade; 2 
pergunteaojoão; 2 
anittanão; 2 
joaonosdebates; 2 
estudioi; 2 
anaamélia; 2 
lulaéinelegível; 2 
cironothenoite; 2 
fotos; 2 
marakesh; 2 
lulacondenado; 2 
lulanasurnas; 2 
vamosflamengo; 2 
gofla; 2 
intxfla; 2 
dia7amarelo17; 2 
iheartdaystage; 2 
capitãovoltou; 2 
debategazeta; 2 
éverdadeessebilete; 2 
donadaminhavida; 2 
obrasilfelizdenovo; 2 
extremosnão; 2 
extremosnao; 2 
gopain; 2 
mobilemonkey; 2 
chatbot; 2 
eusoutudomenoslula; 1 
camxcap; 1 
edilsonbarrigadecadela; 1 
mineirao53anos; 1 
boulos; 1 
quemdera; 1 
fato; 1 
fatoincontestável; 1 
45merendeiro; 1 
cironao; 1 
haiti; 1 
diadoreporterfotografico; 1 
vitor; 1 
últimahora; 1 
luto; 1 
folha; 1 
reporterfotografico; 1 
destinovv; 1 
50milnoarruda; 1 
semanavv; 1 
vamosubirsanta; 1 
santacruz; 1 
sport; 1 
beberibeemchamas; 1 
aerocoral; 1 
canalha; 1 
debatedeaparecida; 1 
elanao; 1 
1first; 1 
pederastiasim; 1 
sabadoelitedosdv; 1 
buzios; 1 
bodysurf; 1 
biweek; 1 
mm25; 1 
mourãonaglobonews; 1 
17bolsonaro; 1 
bolsonarovive; 1 
segundoturno; 1 
tumafederal; 1 
tumajunto; 1 
spvotatumafederal1079; 1 
tuma1079; 1 
spfctv; 1 
palmeirasfreguesmatamata; 1 
cptm; 1 
david2022; 1 
fsrádiobrasil; 1 
trpalestra; 1 
issoésãopaulo; 1 
esporteespetacular; 1 
gazetatricolor; 1 
spfc; 1 
argentina; 1 
todoscombolsonaro; 1 
tenso; 1 
jr; 1 
bolsonarodobrasil; 1 
lixeiramemes; 1 
debatenaredetv; 1 
osaka; 1 
merevoltoquando; 1 
marina; 1 
nelsonrubens; 1 
alckmin; 1 
meirelles; 1 
lotus; 1 
vb77; 1 
f12021; 1 
fos; 1 
enqueteseleições; 1 
mega17; 1 
stopthegif; 1 
belgiangp; 1 
f12018; 1 
drivenbyeachother; 1 
senna; 1 
formula1; 1 
deusnocomando; 1 
gol; 1 
bokunohero; 1 
saopaulofc; 1 
saoxflu; 1 
boatarde; 1 
crossstitch; 1 
fb; 1 
crossstitching; 1 
embroidery; 1 
pontocruz; 1 
magic_stitches; 1 
crossstitchaddict; 1 
heritagecrafts; 1 
anchormouliné; 1 
omeletemeu; 1 
sabadou; 1 
domingoehdiade; 1 
saturdaynight; 1 
masterpão; 1 
aguasclaras; 1 
bomdiabrasil; 1 
forever; 1 
lua; 1 
lulan; 1 
gyn; 1 
linfoma; 1 
malbec; 1 
tapioca; 1 
ovo; 1 
gasolina; 1 
amusementpark; 1 
caipirinha; 1 
brasilia; 1 
cuscuz; 1 
talkei; 1 
porreta; 1 
almoçomeu; 1 
bora; 1 
17paraobemdobrasil; 1 
euapoioaintervenção; 1 
sejahomem; 1 
diganaoahaddad; 1 
haddadelenao; 1 
vídeoshowaovivo; 1 
atardeesua; 1 
voltalucasp; 1 
eleiçõessjcc; 1 
pianist; 1 
musicians; 1 
piano; 1 
quemmandoumatarboldonaro; 1 
kawai; 1 
tuesdaymotivation; 1 
forçacapitão; 1 
vote17; 1 
falacapitão; 1 
dearmoon; 1 
sobpressão; 1 
zero1; 1 
vitorinha; 1 
vitóriaqueamo; 1 
bandidos; 1 
vitóriasualinda; 1 
zeroum; 1 
ateofimdoanoeu; 1 
juntossomosmaisfortes; 1 
dragonballsuperbrolyofilme; 1 
oesxacg; 1 
soudragão; 1 
debatetvaparecida; 1 
rodaaroda; 1 
faustao; 1 
bandesporteclube; 1 
programaraulgil; 1 
otemponaopara; 1 
cidadealerta; 1 
orgulhoepaixao; 1 
debatesbt2018; 1 
domingoshow; 1 
sórisosband; 1 
belíssima; 1 
bbqbrasil; 1 
programasilviosantos; 1 
horadofaro; 1 
casosdefamília; 1 
domingolegal; 1 
agoraédomingo; 1 
debatesbt; 1 
horarioeleitoral; 1 
adoooooooooroooooooo; 1 
forçacapitao; 1 
quemmandoumatarjb; 1 
urnasfraudadas; 1 
estamosfazendoacampanhaporvocê; 1 
somos17; 1 
doarsangue; 1 
fortalezacombolsonaro; 1 
citecoisasaleatorias; 1 
quartadetremurasdv; 1 
heroismatam; 1 
direitavemdegraca; 1 
boldonaro17; 1 
direitaamordaçada; 1 
estudeparaprova; 1 
psdb; 1 
novo; 1 
estudemparaaprova; 1 
nenhumcorruptoeleito; 1 
somostodoslactose; 1 
naovaitergolpevaiterzero; 1 
melhorjairsehaddaptando; 1 
valecuspirfogoemmarcoaurélio; 1 
rasgandooverbonasegunda; 1 
dingdong; 1 
domingaodofaustao; 1 
tchauquerido; 1 
bolsonarosim; 1 
perfeito; 1 
spygate; 1 
minhabandeirajamaisseravermelha; 1 
euvotobolsonaro17; 1 
jaireleitojá; 1 
timebolsonarosc; 1 
tse; 1 
maisamor; 1 
casiquemouraoeasolucao; 1 
mudasc; 1 
governadordobolsonaro17; 1 
apoiehaddadmanu; 1 
designers; 1 
graphicdesign; 1 
pngtree; 1 
jaguarsvsgiants; 1 
foreveralone; 1 
princesinha; 1 
duuuval; 1 
amigão; 1 
parabens; 1 
corinhians108anos; 1 
sou17; 1 
lamentavel; 1 
verdade; 1 
israel; 1 
jesusfreak; 1 
família; 1 
loucosporjesus; 1 
opnectar; 1 
copadobrasilnosportv; 1 
flaxsccp; 1 
turmadopagodenotvz; 1 
risos; 1 
xboxshare; 1 
elitedangerouscore; 1 
doençadesgraçada; 1 
fiel; 1 
popstar; 1 
safc; 1 
balançogeral; 1 
uel; 1 
mancity; 1 
efc; 1 
sco21s; 1 
dancingbrasil; 1 
nofapseptember; 1 
vergonhaesquerdista; 1 
teambonner; 1 
craquedoverdão; 1 
leopaimnão; 1 
sp1; 1 
debatedacnbb; 1 
whpperspective; 1 
luxury; 1 
1ddrive; 1 
savannah; 1 
poesiabetaamigos; 1 
travel; 1 
toronto; 1 
cinvsbuf; 1 
spafrancorchamps; 1 
surfranchpro; 1 
surfenaespn; 1 
motogpnosportv; 1 
sanmarinogp; 1 
indycar; 1 
boca; 1 
futebolnaveia; 1 
riverxfox; 1 
bocaxriverfoxsports; 1 
superclássico; 1 
britishgp; 1 
grenal; 1 
sim; 1 
portlandgp; 1 
bocaxfox; 1 
yudinosportv; 1 
motogp; 1 
river; 1 
carlinhosmaianotvz; 1 
fluminense; 1 
diadeflu; 1 
boulosresponde; 1 
vamosbaeta; 1 
chape; 1 
tite; 1 
flaxvas; 1 
video; 1 
timedeelite; 1 
leão; 1 
vasxfla; 1 
flaxcor; 1 
liberalismonobrasil; 1 
esquemagambá; 1 
selva; 1 
artilharia; 1 
jngameover; 1 
brasilacimadetudodeusacimadetodos; 1 
partidonovo30; 1 
vemcomojoão30; 1 
amoêdonopânico; 1 
cbn; 1 
joãoamoêdo; 1 
vaiquecolaep04; 1 
klopp; 1 
raizéservasco; 1 
romann1; 1 
coach; 1 
absichieldspiele; 1 
gigantenomaraca; 1 
associavasco; 1 
peixes; 1 
nowplaying; 1 
semfiltro; 1 
semmake; 1 
pennywise; 1 
it; 1 
nofiltre; 1 
cearapacifico; 1 
minc; 1 
sorte; 1 
ameosanimais; 1 
goldopeixe; 1 
pazporfavor; 1 
dialindo; 1 
vacinaçâo; 1 
plantoucolheu; 1 
vasco120anos; 1 
sextalinha; 1 
ge; 1 
leianosanta; 1 
futebolcomchurras; 1 
6x1eterno; 1 
espéciemarinanãodá; 1 
infelizmenteestácedoparaamoedo; 1 
coronénãodá; 1 
nãofizemosnadaderrado; 1 
chuchunãodá; 1 
reviravoltanaeleição; 1 
deusfamilabolsonaro17; 1 
delabomboneranonosvamos; 1 
chauangelici; 1 
vivaelfulboargentino; 1 
siriconfantino; 1 
animalessueltos; 1 
lavercup; 1 
terranoticias; 1 
vagas; 1 
deusfamiliabolsonaro; 1 
censurando; 1 
sofrida; 1 
facebook; 1 
bac; 1 
foraptcrimeeleitoral; 1 
naoreeleja; 1 
jornaldamanha; 1 
deusfamiliabrasil; 1 
lulaepresidario; 1 
vídeo; 1 
sabedoria; 1 
terranotícias; 1 
eunaoconfionasurnaseletronicas; 1 
floridacup; 1 
gospurs; 1 
coys; 1 
pes2019; 1 
usopen; 1 
adeusdinheirofobia; 1 
kane; 1 
20desetembro; 1 
medo; 1 
diadoirmão; 1 
boulosaovivo; 1 
serena; 1 
façaumpedido; 1 
fail; 1 
diadofolclore; 1 
hojetem; 1 
piauígate; 1 
significa; 1 
opinesobreamaconha; 1 
ficadica; 1 
cyberpunk; 1 
acabouapas; 1 
facadanobolsonaro; 1 
penharol; 1 
noarnacbn; 1 
chaxpal; 1 
repassem; 1 
juntospelotetra; 1 
comprova; 1 
jairoujaera; 1 
ordemdodia; 1 
gratidão; 1 
capitãoestádepé; 1 
googledoodle; 1 
floripa; 1 
semanadapátria; 1 
diadosoldado; 1 
r7; 1 
obrigado; 1 
obrigadosoldado; 1 
guerradospelados; 1 
contestado; 1 
bolsonaropresidenteno1ºturno; 1 
globolixo; 1 
grexest; 1 
jornalismoagora; 1 
debateguaiba; 1 
bahxint; 1 
ballenas; 1 
puntadeleste; 1 
queremosacopa; 1 
euvotobolsonaro; 1 
thegooddoctor; 1 
thesocialcelebrity; 1 
amas; 1 
reputationtour; 1 
taylorswift; 1 
theconcerttour; 1 
reptourarlington; 1 
pcas; 1 
thefemaleartist; 1 
theconfbr; 1 
mulheressemmedo; 1 
alutaépravaler; 1 
opredadorfilme; 1 
cnbb; 1 
inlove; 1 
cirocommarina; 1 
deixacirofalar; 1 
cirosim; 1 
nazistasnãopassarão; 1 
indico; 1 
eufalopalavrões; 1 
todoscontraopt; 1 
lgbtqtwiter; 1 
mucbvive; 1 
vigovodeo; 1 
havan; 1 
crimestats; 1 
ciromerepresenta; 1 
ttr; 1 
utilidadepública; 1 
humor; 1 
sdv; 1 
mulherescontraofacismo; 1 
todoscontrabolsonaro; 1 
mudança; 1 
somostodosciro12; 1 
democracia; 1 
empatia; 1 
ciro12sim; 1 
ocoiso; 1 
bora12; 1 
cirocontraonazismo; 1 
presidente12; 1 
top; 1 
bosonazi; 1 
crush; 1 
hashtag; 1 
sucesso; 1 
amoedocomciro; 1 
vigovideo; 1 
somostodosciro; 1 
competencia; 1 
cioerência; 1 
cirodavirada; 1 
anittaisoverparty; 1 
boulosnatvaparecida; 1 
filme; 1 
presidente; 1 
twitter; 1 
camerarecord; 1 
capitãmarvel; 1 
microservices; 1 
lambda3; 1 
docker; 1 
guerreiro; 1 
balancogeralmg; 1 
afp; 1 
vaivendo; 1 
libertadores; 1 
mais90; 1 
trazovaldiviatialeila; 1 
corisco; 1 
ocangaço; 1 
ocoisosim; 1 
palxcor; 1 
estoucombolsonaro17; 1 
corregedoria; 1 
bolsanaronojornalnacional; 1 
generalmoúrao; 1 
brasilacimadetudoedeusacimadetodos; 1 
gayanwillians; 1 
vemhexa; 1 
àvosbaguettes; 1 
foiela; 1 
friends; 1 
climate; 1 
esporteésaúde; 1 
tchauqueridos; 1 
rodaviva; 1 
environment; 1 
jornaldacultura; 1 
fantasticbeasts; 1 
angesincera; 1 
vacinaréproteger; 1 
colombian; 1 
wandsready; 1 
professor; 1 
flaxcsc; 1 
vitxcam; 1 
brasileirao2018; 1 
brasileirão2018; 1 
joãonojn; 1 
brasileirão; 1 
centraldaseleições; 1 
gneleicoes2018; 1 
maislidas; 1 
lafabrica; 1 
forçabarça; 1 
halamadrid; 1 
unfolowja; 1 
tmj; 1 
énoix; 1 
almaecoração; 1 
avantipalestra; 1 
debatebandrs; 1 
chavesnomultishowep88; 1 
pelohexa; 1 
chapolinnomultishowep86; 1 
chapolinnomultishowep88; 1 
bolsonaro17eleitono1ºturno; 1 
brasilacimadetudo; 1 
milanroma; 1 
forzanapolisempre; 1 
napolimilan; 1 
sexta; 1 
netflixdown; 1 
ficoputoquando; 1 
copadobrasil2018; 1 
jogoaberto; 1 
pernambuco; 1 
quintaelitedosdv; 1 
netflix; 1 
bolzonaro; 1 
daciolo51; 1 
brasilqueeuquero; 1 
ellocobolso; 1 
tnf; 1 
thursdaynight; 1 
sdvseeuficasserico; 1 
vaidatudocerto; 1 
invocaodomal; 1 
gloriaadeus; 1 
voucomciro12; 1 
bbdebate; 1 
bbdiego; 1 
rumoaotetra; 1 
dalelike; 1 
ceara; 1 
nationalvideogamesday; 1 
hajapaciência; 1 
15dami; 1 
huracán; 1 
juegahuracán; 1 
metas; 1 
encuestaestación; 1 
aldosivi; 1 
union; 1 
sub20naespn; 1 
banfield; 1 
sanlorenzo; 1 
elglobo; 1 
argentina2019; 1 
voleinosportv; 1 
superliga; 1 
hinchada; 1 
vem2019; 1 
bocajuniors; 1 
estación; 1 
eusim; 1 
elecomctznao; 1 
elassempre; 1 
elassim; 1 
elecertoquenao; 1 
panco; 1 
nostalgia; 1 
velocidademata; 1 
empauta; 1 
mulheresunidascontraobolsonaro; 1 
correios; 1 
vaiterciclovia; 1 
bolsonaronunca; 1 
49ers; 1 
ufc; 1 
snootchallenge; 1 
elesnao; 1 
ciscogsx; 1 
digital; 1 
ministeriopúblico; 1 
sdwan; 1 
digitaltransformation; 1 
future; 1 
icymi; 1 
transformation; 1 
leaders; 1 
tamonotacho; 1 
ohomemecaradepau; 1 
doente; 1 
familiapalmeiras; 1 
lismaria; 1 
palestraitalia; 1 
vivanospotify; 1 
meirellesnaveja; 1 
amoêdonaveja; 1 
amarelasaovivo; 1 
marinanaveja; 1 
alvarodiasnopanico; 1 
primavera; 1 
ciro12nodebateaparecida; 1 
pracimadelescoelho; 1 
coelhão; 1 
saude; 1 
perseguicao; 1 
saudemental; 1 
falundafa; 1 
tradiçãosteakpointsaturday; 1 
commeuvotonão; 1 
canalzinhodemerda; 1 
tchausisos; 1 
miltonfriedman; 1 
tvgazeta; 1 
debate; 1 
diadecantarprogrêmio; 1 
maisrepublica; 1 
gremio; 1 
freemarket; 1 
got; 1 
g1rio; 1 
dabears; 1 
portoalegre; 1 
usopen18; 1 
herewego; 1 
seavschi; 1 
linha24arnaldo; 1 
homeoffice; 1 
ecommerce; 1 
nodejs; 1 
ruby; 1 
remote; 1 
javascript; 1 
nestjs; 1 
squads; 1 
backend; 1 
elementor; 1 
rubyonrails; 1 
haddadelulanojn; 1 
renatamaravilhosa; 1 
cirosimpostenao; 1 
mansplaining; 1 
postenão; 1 
teotfw; 1 
celebrity; 1 
spon; 1 
ad; 1 
nãoreelejaninguém; 1 
gasolinar; 1 
manchester; 1 
ficaloss; 1 
ps4live; 1 
erafã; 1 
cadaufazobem; 1 
sdvcomteamdetremura; 1 
todentro; 1 
segundadatremurasdv; 1 
diadoprogramador; 1 
rambersonsilvamarketingdigital; 1 
headabovewater; 1 
ganhar; 1 
noticiaurgente; 1 
estoudesempregado; 1 
trânsitorj; 1 
marketingdigital; 1 
empreededorismolucrativo; 1 
retuwitaragora; 1 
rambersonteajuda; 1 
vendas; 1 
marinanojg; 1 
vaiterreviravolta; 1 
novelajesus39; 1 
pranamorarcmgtemq; 1 
feriado; 1 
maisasilva; 1 
timeivete; 1 
ficaroberta; 1 
ficaheaven; 1 
diadosexo; 1 
masterchefprofissionais; 1 
falta3mesespradezembroeeu; 1 
ficatiaanapaula; 1 
pernaoca; 1 
spitzalemao; 1 
sacosemfundo; 1 
spitz; 1 
poms; 1 
luludapomerania; 1 
meuamor; 1 
twitterparcial; 1 
culhões; 1 
nuff; 1 
sho; 1 
cafe; 1 
livre; 1 
corações; 1 
palavra; 1 
liberdade; 1 
respirologoinexisto; 1 
bovespa; 1 
mister; 1 
noelrosa; 1 
california; 1 
guaratuba; 1 
morretes; 1 
geraldo45; 1 
cwc; 1 
cfc; 1 
3em1; 1 
politicamenteincorreto2018; 1 
blockchain; 1 
supplychain; 1 
joaoamoedopresidente; 1 
geraldogrêmio; 1 
juansí; 1 
choradourado; 1 
keynes; 1 
nadapodesermaior; 1 
grêmio; 1 
equipead19; 1 
vamoimprimidinhero; 1 
nãovoltarão; 1 
yesjohn; 1 
lixo; 1 
marcoantoniovilla; 1 
eleiçoes2018; 1 
haddademanu13; 1 
requião151; 1 
lulamanuhaddad; 1 
battlefield; 1 
tirolesachinapark; 1 
mrcatra; 1 
riverdale; 1 
ripmrcatra; 1 
fé; 1 
ucl; 1 
atletico; 1 
galopelomundo; 1 
sanxgre; 1 
sanxind; 1 
tired; 1 
dianaross; 1 
meirellesgeek; 1 
getthestrap; 1 
chamaomeirelles; 1 
deusvult; 1 
equipegeek; 1 
inovação; 1 
petropolis; 1 
casadachampions; 1 
liberdadecombolsonaro; 1 
elesimb17; 1 
bolsonaronaoécorrupto; 1 
billclinton; 1 
berlinmarathon2018; 1 
7setembro; 1 
porvocêportodos; 1 
publi; 1 
opróximopasso; 1 
smokeyandthebandit; 1 
burtreynolds; 1 
ponitac; 1 
glasurit; 1 
transam; 1 
fomeporjustiça; 1 
haddadpresidente13; 1 
santoeindepediente; 1 
circuitão; 1 
fsler; 1 
shred; 1 
guitarra; 1 
accept; 1 
parabensibira; 1 
cover; 1 
rock; 1 
melhordatarde; 1 
musicacomconteudo; 1 
music; 1 
somanimal; 1 
bio; 1 
guitar; 1 
sp1ibira; 1 
formatura; 1 
ballstothewall; 1 
rockparacriancas; 1 
davidneres; 1 
calabocagentili; 1 
cironojornaldaglobo; 1 
ciroday12; 1 
ptnão; 1 
plantarhaddadécolherbolsonaro; 1 
vamociro; 1 
cirosimpostenão; 1 
ecomciroqueeuvou; 1 
sóacho; 1 
vergonhaalheia; 1 
casamentobruevini; 1 
bolsanaronoprimeiroturno; 1 
reagebrasil; 1 
sanxspo; 1 
michaeljacksonday; 1 
amorpelafotografia; 1 
amorpelafilmagem; 1 
lovemyjob; 1 
muscle; 1 
treino; 1 
canallivre; 1 
designerdeinteriores; 1 
casacorrio2018; 1 
qualidadedevida; 1 
pubertychallenge; 1 
arquitectura; 1 
gym; 1 
arquitetura; 1 
motivação; 1 
haddadnão; 1 
pegafooooooogoocabaré; 1 
voto30; 1 
ficaarnaldo; 1 
brasilacimadaonu; 1 
morningshowjp; 1 
afilaanda; 1 
jogoperigoso; 1 
cetadoido; 1 
ficaadica; 1 
acredite; 1 
buddyholly; 1 
comigoninguemtoddy; 1 
terrafutebol; 1 
jornalextra; 1 
ligadoamusica; 1 
escorpião; 1 
resenhaespn; 1 
maquinadememes; 1 
mitou; 1 
geniodohabibs; 1 
joaonosbt; 1 
pergunteaojoao; 1 
minhaserie; 1 
boulosnagazeta; 1 
pirula; 1 
jornalanhaguera; 1 
caiado25; 1 
ondaazul; 1 
diadaindependência; 1 
érenovação; 1 
renovação; 1 
vamosjuntos; 1 
naiot; 1 
franciscojr; 1 
carreatazé45; 1 
federal; 1 
vergonha; 1 
5555tánápalmadamão; 1 
bomcenso; 1 
zéeliton45; 1 
jornal; 1 
jataígoiás; 1 
anittanao; 1 
faltadeluzrio; 1 
rushhashanah; 1 
roshhashanah; 1 
rush; 1 
otd; 1 
cslewis; 1 
bible; 1 
projectnatick; 1 
embraer; 1 
nothim; 1 
né; 1 
cc2019; 1 
textaocientifico; 1 
respectariana; 1 
afazendaaovivo; 1 
esquadraodamoda; 1 
chartstorm; 1 
bolsonaro17no1oturno; 1 
iceland; 1 
americanoticias; 1 
mundo; 1 
history; 1 
toscana; 1 
nazista; 1 
porto; 1 
portugalmasters; 1 
grecia; 1 
italia; 1 
guerratour; 1 
evolución; 1 
mundocerati; 1 
medicos; 1 
guerra; 1 
history2; 1 
bonito; 1 
lagoslegacy; 1 
turismo; 1 
vaticano; 1 
psicologo; 1 
fotografia; 1 
lagos; 1 
vatican; 1 
psicopata; 1 
alemanha; 1 
portuguesa; 1 
europe; 1 
camera; 1 
remedios; 1 
caribe; 1 
ilhascaribe; 1 
homem; 1 
piscina; 1 
foto; 1 
sereshumanos; 1 
mundoestranho; 1 
tokio; 1 
humanos; 1 
beach; 1 
experience; 1 
pesca; 1 
turismodeaventura; 1 
psicologia; 1 
portugal; 1 
turismonacional; 1 
historia; 1 
praia; 1 
medicinaantiga; 1 
caribemexicano; 1 
medicina; 1 
ilhas; 1 
portuseguridad; 1 
alaska; 1 
turisme; 1 
forçadede; 1 
forçacr7; 1 
libertadroes; 1 
foraloss; 1 
jesuscristo; 1 
amormaior; 1 
todahonraegloriaadeus; 1 
almoço; 1 
resumaoantagonista; 1 
pm; 1 
novaforçateam; 1 
noivinha; 1 
pmesp; 1 
jiujitsu; 1 
amigos; 1 
filhalinda; 1 
bjj; 1 
uaejjf; 1 
deusacimadetudo; 1 
espetinho; 1 
terceirão2018; 1 
eagles; 1 
indvsphi; 1 
grexbot; 1 
magic; 1 
otwitternãoéfacebook; 1 
berber; 1 
birthday; 1 
flyeaglesfly; 1 
bedouin; 1 
cirodaputa; 1 
machismo; 1 
homofobia; 1 
bolívar; 1 
temblor; 1 
partidonovo; 1 
toddphillips1; 1 
corxcam; 1 
amassajogajunto; 1 
vcfjuve; 1 
forzajuve; 1 
medodenofuturo; 1 
chorei; 1 
amoedonojornalnacional; 1 
destaquesdeagosto; 1 
sempaciência; 1 
simnospodemos; 1 
brasilprecisasabervotar; 1 
midiamanipuladora; 1 
nanotechnology; 1 
vamosmengão; 1 
esportv; 1 
cruxfla; 1 
teamo; 1 
lol; 1 
ceaxcor; 1 
delechallenge; 1 
flanafinal; 1 
mulheresnaciência; 1 
rumo2019; 1 
graphene; 1 
trump; 1 
ufos; 1 
celeirodeases; 1 
ufosighting; 1 
feitosdepaixão; 1 
mariellevive; 1 
mariellefranco; 1 
mdb; 1 
anittadiganaoaofascismo; 1 
pcdob; 1 
timefláviodino; 1 
pt; 1 
lindberghsenador131; 1 
onu; 1 
andersonpresente; 1 
futebolnaespn; 1 
partiutupi; 1 
lingeriemixbrasil; 1 
jogosagrado; 1 
esporteemdiscussao; 1 
fechadocombolsonaro; 1 
brasileironaeuropa; 1 
bolsonaropresidente2018; 1 
brasileñosenmadrid; 1 
brasileirosemmadrid; 1 
brasileñoenespaña; 1 
brasileno; 1 
flaxgre; 1 
habemussemifinal; 1 
globoinimigadopovo; 1 
bolsonaropresidente17da; 1 
elenaoe; 1 
souc2; 1 
bilete; 1 
justdoit; 1 
graçaaraujo; 1 
haddadnaglobonews; 1 
conferenciainspire2018; 1 
paulopreto; 1 
colanamao; 1 
segueolíder; 1 
niallhoran; 1 
bottledupweek; 1 
allihavefinal15; 1 
prettylittleliars; 1 
bumblebeemovie; 1 
dgdna; 1 
theflash; 1 
r1teenawards; 1 
talklikeapirateday; 1 
onceuponatime; 1 
lpfirsttime; 1 
imaginedragonszero; 1 
bottledup; 1 
wutchuwant; 1 
sponsored; 1 
allihave; 1 
shadowhunters; 1 
nationalcheeseburgerday; 1 
frow; 1 
supergirl; 1 
iheartfestival; 1 
imaginedragons; 1 
jeansforgenesday; 1 
thacarterv; 1 
dgwomenss19; 1 
dolcegabbana; 1 
lacostecenturycity; 1 
worldalzheimersday; 1 
alckmincovarde; 1 
lulavre; 1 
ospingonosis; 1 
cironão; 1 
ospingosnosis; 1 
ruanetnão; 1 
léo; 1 
diadobaterista; 1 
gatodoido; 1 
preguiça; 1 
myfirsttweet; 1 
yeshim; 1 
falamesmogentilli; 1 
voudeciroporque; 1 
naosomosumafraquejada; 1 
vempramassa; 1 
cironagazeta; 1 
santamarta; 1 
inter; 1 
mulheresfoda; 1 
model; 1 
acarta; 1 
fernandabrum; 1 
instaboy; 1 
zenfone5z; 1 
t1tan10; 1 
asus; 1 
like4follow; 1 
asusbrasil; 1 
backto5; 1 
zenfone5; 1 
loiro; 1 
zenfone4; 1 
likeforfollow; 1 
lovewins; 1 
cânions; 1 
josérico; 1 
estradadavida; 1 
yellow; 1 
tercadetremurasdv; 1 
okd; 1 
wowcopaamerica; 1 
selecaosportv; 1 
daratumumab; 1 
multiplemyeloma; 1 
elenaoestapreso; 1 
elesimbolsonaro; 1 
ptnao; 1 
elenaoecorrupto; 1 
josoares; 1 
guilhermearantes; 1 
tmjcombolsonaro; 1 
tmjcombolsonaro17; 1 
nadafez; 1 
ahoradotroco; 1 
facebookfail; 1 
nadafaz; 1 
senadorandré200; 1 
sergipe; 1 
opinião; 1 
cruxsan; 1 
beliscaesolta; 1 
compartilhe; 1 
desgoverno; 1 
aquiésantos; 1 
coragempramudar; 1 
gabigol200jogos; 1 
brazil; 1 
johnnycash; 1 
wc1982; 1 
lulapresidente; 1 
jerryleelewis; 1 
carlperkins; 1 
royorbison; 1 
egyptstation; 1 
maislidasdasemana; 1 
prouni; 1 
haddanao; 1 
alckminpresidente; 1 
propósito; 1 
saber; 1 
terça; 1 
mindset; 1 
itu; 1 
cabreuva; 1 
notsorry; 1 
capitaobolsonaro; 1 
bike; 1 
lightlifestyle; 1 
estradaparque; 1 
sorry; 1 
health; 1 
souseufã; 1 
pedalandoporai; 1 
ptgate; 1 
championsleague; 1 
fazeup; 1 
thewitcher; 1 
vascodagama; 1 
r6pl; 1 
gofontt; 1 
circuitofemininor6; 1 
diadevasco; 1 
br6; 1 
gugacast; 1 
papotorto; 1 
imaginajuntas; 1 
nósvozeles; 1 
partiu; 1 
vamoschape; 1 
roaunetnao; 1 
ocapitaovoltou17; 1 
somostodosbolsonaro17; 1 
tocomciro12; 1 
cirogomespresidente; 1 
tôcomciro12; 1 
nãoépiada; 1 
pcdobnãomerepresenta; 1 
loucagolpista; 1 
elenãoelenunca; 1 
oposiçãometalúrgicabetim; 1 
cirogomes12; 1 
geraldopimentanão; 1 
mariliamendonça; 1 
dilmasenadora; 1 
cirogomesé12; 1 
tamojuntoeleições2018; 1 
katiaabreu12; 1 
forçabolsonaromasmeuvotoéciro12; 1 
vanessaportugalsenadora; 1 
horadamudança; 1 
bolsolixo; 1 
semlulavoucirogomes12; 1 
morrevagabundo; 1 
datafolha; 1 
pauloguedesnaglobonews; 1 
vmas; 1 
sennasempre; 1 
lizziemcguire; 1 
appleevent; 1 
conmebollibertadores; 1 
ciroekátia; 1 
katiaabreu; 1 
desafiounidasnasruas; 1 
hurricaneflorence; 1 
cornellmba; 1 
vaimudarquando; 1 
vocêsnão; 1 
psl17; 1 
issoaquiéflamengo; 1 
championsrise; 1 
baleias; 1 
mulhervotaemmulher; 1 
joãonatvgazeta; 1 
kimi7; 1 
welcomekimi; 1 
mandaopodicrê; 1 
vemformatura; 1 
vemfomatura; 1 
direito; 1 
masapaixãoéimprescritível; 1 
habitatnaturaldorapaz; 1 
faltapouco; 1 
oguriládafloridavaiformar; 1 
forcaanitta; 1 
calabocaanitta; 1 
libs17; 1 
esquerdanunca; 1 
euvotojb17; 1 
vaisernoprimeiroturno17; 1 
vaisernoprimeiroturno; 1 
essatanobolso17; 1 
mulherescombolsonaro17; 1 
bandidonãotemvoz; 1 
pensesobre; 1 
plagiarism; 1 
cironaredetv; 1 
forapsdb; 1 
bastadepalhaçada; 1 
foramdb; 1 
ciroounada; 1 
semlulaeciro; 1 
melhorjairarregando; 1 
semviolência; 1 
maisdiálogomenosagressão; 1 
meubolsominonsecreto; 1 
enquete; 1 
simciro; 1 
lulamanuelahaddad; 1 
boicoteàredeglobo; 1 
adeliorecebeuordens; 1 
fildik; 1 
minhacelaminhavida; 1 
shooter; 1 
verguenzacomenmbol; 1 
redacaosportv; 1 
vamosdehipocrisia; 1 
band; 1 
onudefendebandido; 1 
foifeio; 1 
vaiacabaramamata; 1 
onugarantelulanacadeia; 1 
alerj; 1 
psl; 1 
albertovalentim; 1 
cadeaonunavenezuela; 1 
onuvaisepreocuparcomcuba; 1 
fake; 1 
quehomem; 1 
onunaomandanobrasil; 1 
infratores; 1 
tevez; 1 
nossofutebol; 1 
rumoaotri; 1 
rumoaohexa; 1 
cruzeiropelohexa; 1 
fechadocomocruzeiro; 1 
afreirafilme; 1 
facebookmessenger; 1 
inbound18; 1 
seo; 1 
wednesdaywisdom; 1 
mondaymotivaton; 1 
sales; 1 
smallbusinesses; 1 
inbound2018; 1 
custserv; 1 
mondaymotivation; 1 
entrepreneurship; 1 
semrushlive; 1 
apple; 1 
thursdaythoughts; 1 
fridayfeeling; 1 
messengermarketing; 1 
mpb2b; 1 
ufsmm; 1 
instagram; 1 
linkedin; 1 
productivity; 1 
webinar; 1 
success; 1 
elenão; 47 
elenao; 31 
ciro12; 30 
bolsonaro17; 28 
elesim; 28 
rouanetnão; 23 
debateaparecida; 23 
eleições2018; 21 
debateredetv; 21 
cirofilhodaputa; 20 
euquerobolsonaro; 19 
bolsonaropresidente17; 18 
bolsonaronãoécorrupto; 17 
elenunca; 17 
bolsonaro; 16 
forçabolsonaro; 15 
bolsonaronojornalnacional; 15 
g1; 15 
bolsonaro2018; 14 
newprofilepic; 14 
falamaisgentili; 11 
cironacnbb; 11 
lulainelegivel; 10 
gazetaestadaojp; 10 
elasim; 10 
mulherescombolsonaro; 10 
rouanetnao; 10 
ciropresidente; 10 
mulherescontraobolsonaro; 9 
quemmandoumatarbolsonaro; 9 
tbt; 9 
fakenews; 8 
votobolsonaro17; 8 
lulalivre; 8 
thebest; 8 
afazenda10; 8 
dia7é17; 7 
uolnasurnas; 7 
democraciasim; 7 
forcabolsonaro; 7 
meubolsominionsecreto; 7 
flamengo; 7 
lulainelegível; 7 
mensalinhodotwitter; 7 
calabocagentilli; 7 
calabocaciro; 6 
milhoescombolsonaro; 6 
b17; 6 
bomdia; 6 
segundadetremurasdv; 6 
nflnaespn; 6 
haddadélula; 6 
lulanacadeia; 5 
lulaepresidiario; 5 
reviravoltanaeleicao; 5 
ocapitãovoltou; 5 
meuaniversáriodotwitter; 5 
direitaseguedireita; 5 
haddadpresidente; 5 
marina18; 5 
marinacomciro; 5 
jairmessiasbolsonaro; 5 
brasil; 5 
bolsonaropresidente; 5 
ptnuncamais; 5 
joãonaband; 5 
bolsonaronajovempan; 5 
omemedaminhavida; 5 
sextou; 5 
cironosegundoturno; 5 
pergunteaociro12; 5 
domingodetremurasdv; 5 
fechocomciro; 5 
eusoulula; 4 
pás; 4 
museunacional; 4 
sextadetremurasdv; 4 
sentagostosobozo; 4 
marinanojornalnacional; 4 
novafotodoperfil; 4 
bolsonaroeleito1ºturno; 4 
ciro; 4 
f1; 4 
rt; 4 
lulaépresidiário; 4 
haddad; 4 
forapt; 4 
bakeoffbrasil; 4 
alvarodias19; 4 
direitaunida; 4 
rip; 4 
meuprimeirotweet; 4 
videoshowaovivo; 4 
jb17; 4 
ocapitaovoltou; 4 
écomciroqueeuvou; 4 
bolsonaronaoecorrupto; 4 
ondalaranja; 4 
vote30; 4 
masterchefbr; 4 
jairbolsonaro; 4 
twibbon; 4 
fsradiobrasil; 4 
libertadores2018; 4 
lutomuseunacional; 4 
palmeiras; 4 
ciraonosegundoturno; 4 
falaciro12; 4 
haddadélulanojn; 4 
cblol; 4 
eleicoes2018; 4 
lulaladrão; 3 
sabadodetremurasdv; 3 
bolsonaro17no1ºturno; 3 
paz; 3 
elesimbolsonaro17; 3 
captainmarvel; 3 
mito; 3 
vemcomagente; 3 
mariellepresente; 3 
bolsonaronao; 3 
mulherescontraofascismo; 3 
geraldoalckmin; 3 
quintadetremurasdv; 3 
amor; 3 
quemmandoumatarobolsonaro; 3 
ripcatra; 3 
citeumatretaesaia; 3 
fantastico; 3 
segundosol; 3 
marinasilvanopanico; 3 
estoucombolsonaro; 3 
mudabrasil; 3 
manunojaburu; 3 
somostodosbolsonaro; 3 
forçaanitta; 3 
cironeles; 3 
nflbrasil; 3 
stockcarnosportv; 3 
falamaisgentilli; 3 
crf; 3 
flaxcam; 3 
fifafootballawards; 3 
vaicorinthians; 3 
vasco120; 3 
verguenzaconmebol; 3 
debatebandrio; 3 
bolsonaronoprimeiroturno; 3 
lulaépresidiario; 3 
libertadoresfoxsports; 3 
quero; 3 
cbng1; 3 
brasilcommarina; 3 
vamointer; 3 
sechamainteressaloucura; 3 
jn; 3 
cirogomes; 3 
ciropresidente12; 3 
falaciro; 3 
joaonaband; 3 
paunocudaonu; 3 
thevoicebrasil; 3 
eua; 3 
calabocacirodenovo; 3 
votemarina18; 3 
familia; 3 
haddadnãoélula; 3 
amoedonopanico; 3 
marketing; 3 
lulapreso; 2 
lulapresidiario; 2 
amejoaomiguel; 2 
amoedonosdebates; 2 
jornaldaglobo; 2 
haddadnojornalnacional; 2 
jornalhoje; 2 
cuidadocomfakenews; 2 
bolsonaronão; 2 
pas; 2 
setembroamarelo; 2 
singaporegp; 2 
jornalnacional; 2 
lulaécandidato; 2 
boulosesonia50; 2 
eibozonarovaitomarnocu; 2 
fantástico; 2 
elasnão; 2 
tuesdaythoughts; 2 
elesim17; 2 
mouraonagnews; 2 
copadobrasil; 2 
marta; 2 
debatecnbb; 2 
vitória467anos; 2 
jg; 2 
conversacombial; 2 
famíliapalmeiras; 2 
fofocalizandonosbt; 2 
poderemfoco; 2 
orgulhoepaixão; 2 
sbt; 2 
eliana; 2 
imprensacretina; 2 
brasilcombolsonaro; 2 
esquerdafascista; 2 
arquivobbc; 2 
porenganomeuovo; 2 
lulaeinelegivel; 2 
sqn; 2 
lulahaddadmanu; 2 
sanatóriogeral; 2 
timão; 2 
corinthians; 2 
oremos; 2 
soudedireitaporque; 2 
bolsonaroeleito1ºlugar; 2 
craquedojogo; 2 
copadobrasilfoxsports; 2 
mufc; 2 
onthisday; 2 
fifa19; 2 
fotosdefatos; 2 
neverforget; 2 
lulanasurnastse; 2 
canada; 2 
superclásico; 2 
indynaband; 2 
nfl; 2 
argentinofoxsports; 2 
joaonojn; 2 
modric; 2 
joãonosdebates; 2 
baseforte; 2 
cartolafc; 2 
diadaarvore; 2 
mytwitteranniversary; 2 
usopennaespn; 2 
amoedo; 2 
trabalho; 2 
7desetembro; 2 
elesnunca; 2 
donosdaamérica; 2 
haddadnojn; 2 
jbnaglobo; 2 
racismo; 2 
todoscomciro; 2 
ciro12presidente; 2 
saúde; 2 
facistasnãopassarão; 2 
anitta; 2 
preconceito; 2 
arte; 2 
politica; 2 
mulheresunidascontrabolsonaro; 2 
balançogeralmg; 2 
sbt37anos; 2 
trufalimãosiciliano; 2 
cironojornalnacional; 2 
unidoscontraacorrupção; 2 
brasileiraonosportv; 2 
globonews; 2 
pergunteaogeraldo45; 2 
publipost; 2 
southamericamemes; 2 
cruzeiraocabuloso; 2 
brasilcontracorrupcao; 2 
domingo; 2 
thewalkingdead; 2 
huracan; 2 
diademarina18; 2 
votomarinapq; 2 
ufcsp; 2 
euquerociro; 2 
galo; 2 
jornaloglobo; 2 
diadegrêmio; 2 
vamosrenovartudo; 2 
bandnewsfm; 2 
marinasilva18; 2 
rede; 2 
marinapresidente; 2 
marinasilva; 2 
haddadélulanatv; 2 
cartola; 2 
novo30; 2 
haddad13; 2 
startup; 2 
stockcar; 2 
joaoamoedo; 2 
italiangp; 2 
jairbolsonaro17; 2 
bolsonaro2018euvoto; 2 
vida; 2 
reagesantos; 2 
desafiodapuberdade; 2 
pergunteaojoão; 2 
anittanão; 2 
joaonosdebates; 2 
estudioi; 2 
anaamélia; 2 
lulaéinelegível; 2 
cironothenoite; 2 
fotos; 2 
marakesh; 2 
lulacondenado; 2 
lulanasurnas; 2 
vamosflamengo; 2 
gofla; 2 
intxfla; 2 
dia7amarelo17; 2 
iheartdaystage; 2 
capitãovoltou; 2 
debategazeta; 2 
éverdadeessebilete; 2 
donadaminhavida; 2 
obrasilfelizdenovo; 2 
extremosnão; 2 
extremosnao; 2 
gopain; 2 
mobilemonkey; 2 
chatbot; 2 
eusoutudomenoslula; 1 
camxcap; 1 
edilsonbarrigadecadela; 1 
mineirao53anos; 1 
boulos; 1 
quemdera; 1 
fato; 1 
fatoincontestável; 1 
45merendeiro; 1 
cironao; 1 
haiti; 1 
diadoreporterfotografico; 1 
vitor; 1 
últimahora; 1 
luto; 1 
folha; 1 
reporterfotografico; 1 
destinovv; 1 
50milnoarruda; 1 
semanavv; 1 
vamosubirsanta; 1 
santacruz; 1 
sport; 1 
beberibeemchamas; 1 
aerocoral; 1 
canalha; 1 
debatedeaparecida; 1 
elanao; 1 
1first; 1 
pederastiasim; 1 
sabadoelitedosdv; 1 
buzios; 1 
bodysurf; 1 
biweek; 1 
mm25; 1 
mourãonaglobonews; 1 
17bolsonaro; 1 
bolsonarovive; 1 
segundoturno; 1 
tumafederal; 1 
tumajunto; 1 
spvotatumafederal1079; 1 
tuma1079; 1 
spfctv; 1 
palmeirasfreguesmatamata; 1 
cptm; 1 
david2022; 1 
fsrádiobrasil; 1 
trpalestra; 1 
issoésãopaulo; 1 
esporteespetacular; 1 
gazetatricolor; 1 
spfc; 1 
argentina; 1 
todoscombolsonaro; 1 
tenso; 1 
jr; 1 
bolsonarodobrasil; 1 
lixeiramemes; 1 
debatenaredetv; 1 
osaka; 1 
merevoltoquando; 1 
marina; 1 
nelsonrubens; 1 
alckmin; 1 
meirelles; 1 
lotus; 1 
vb77; 1 
f12021; 1 
fos; 1 
enqueteseleições; 1 
mega17; 1 
stopthegif; 1 
belgiangp; 1 
f12018; 1 
drivenbyeachother; 1 
senna; 1 
formula1; 1 
deusnocomando; 1 
gol; 1 
bokunohero; 1 
saopaulofc; 1 
saoxflu; 1 
boatarde; 1 
crossstitch; 1 
fb; 1 
crossstitching; 1 
embroidery; 1 
pontocruz; 1 
magic_stitches; 1 
crossstitchaddict; 1 
heritagecrafts; 1 
anchormouliné; 1 
omeletemeu; 1 
sabadou; 1 
domingoehdiade; 1 
saturdaynight; 1 
masterpão; 1 
aguasclaras; 1 
bomdiabrasil; 1 
forever; 1 
lua; 1 
lulan; 1 
gyn; 1 
linfoma; 1 
malbec; 1 
tapioca; 1 
ovo; 1 
gasolina; 1 
amusementpark; 1 
caipirinha; 1 
brasilia; 1 
cuscuz; 1 
talkei; 1 
porreta; 1 
almoçomeu; 1 
bora; 1 
17paraobemdobrasil; 1 
euapoioaintervenção; 1 
sejahomem; 1 
diganaoahaddad; 1 
haddadelenao; 1 
vídeoshowaovivo; 1 
atardeesua; 1 
voltalucasp; 1 
eleiçõessjcc; 1 
pianist; 1 
musicians; 1 
piano; 1 
quemmandoumatarboldonaro; 1 
kawai; 1 
tuesdaymotivation; 1 
forçacapitão; 1 
vote17; 1 
falacapitão; 1 
dearmoon; 1 
sobpressão; 1 
zero1; 1 
vitorinha; 1 
vitóriaqueamo; 1 
bandidos; 1 
vitóriasualinda; 1 
zeroum; 1 
ateofimdoanoeu; 1 
juntossomosmaisfortes; 1 
dragonballsuperbrolyofilme; 1 
oesxacg; 1 
soudragão; 1 
debatetvaparecida; 1 
rodaaroda; 1 
faustao; 1 
bandesporteclube; 1 
programaraulgil; 1 
otemponaopara; 1 
cidadealerta; 1 
orgulhoepaixao; 1 
debatesbt2018; 1 
domingoshow; 1 
sórisosband; 1 
belíssima; 1 
bbqbrasil; 1 
programasilviosantos; 1 
horadofaro; 1 
casosdefamília; 1 
domingolegal; 1 
agoraédomingo; 1 
debatesbt; 1 
horarioeleitoral; 1 
adoooooooooroooooooo; 1 
forçacapitao; 1 
quemmandoumatarjb; 1 
urnasfraudadas; 1 
estamosfazendoacampanhaporvocê; 1 
somos17; 1 
doarsangue; 1 
fortalezacombolsonaro; 1 
citecoisasaleatorias; 1 
quartadetremurasdv; 1 
heroismatam; 1 
direitavemdegraca; 1 
boldonaro17; 1 
direitaamordaçada; 1 
estudeparaprova; 1 
psdb; 1 
novo; 1 
estudemparaaprova; 1 
nenhumcorruptoeleito; 1 
somostodoslactose; 1 
naovaitergolpevaiterzero; 1 
melhorjairsehaddaptando; 1 
valecuspirfogoemmarcoaurélio; 1 
rasgandooverbonasegunda; 1 
dingdong; 1 
domingaodofaustao; 1 
tchauquerido; 1 
bolsonarosim; 1 
perfeito; 1 
spygate; 1 
minhabandeirajamaisseravermelha; 1 
euvotobolsonaro17; 1 
jaireleitojá; 1 
timebolsonarosc; 1 
tse; 1 
maisamor; 1 
casiquemouraoeasolucao; 1 
mudasc; 1 
governadordobolsonaro17; 1 
apoiehaddadmanu; 1 
designers; 1 
graphicdesign; 1 
pngtree; 1 
jaguarsvsgiants; 1 
foreveralone; 1 
princesinha; 1 
duuuval; 1 
amigão; 1 
parabens; 1 
corinhians108anos; 1 
sou17; 1 
lamentavel; 1 
verdade; 1 
israel; 1 
jesusfreak; 1 
família; 1 
loucosporjesus; 1 
opnectar; 1 
copadobrasilnosportv; 1 
flaxsccp; 1 
turmadopagodenotvz; 1 
risos; 1 
xboxshare; 1 
elitedangerouscore; 1 
doençadesgraçada; 1 
fiel; 1 
popstar; 1 
safc; 1 
balançogeral; 1 
uel; 1 
mancity; 1 
efc; 1 
sco21s; 1 
dancingbrasil; 1 
nofapseptember; 1 
vergonhaesquerdista; 1 
teambonner; 1 
craquedoverdão; 1 
leopaimnão; 1 
sp1; 1 
debatedacnbb; 1 
whpperspective; 1 
luxury; 1 
1ddrive; 1 
savannah; 1 
poesiabetaamigos; 1 
travel; 1 
toronto; 1 
cinvsbuf; 1 
spafrancorchamps; 1 
surfranchpro; 1 
surfenaespn; 1 
motogpnosportv; 1 
sanmarinogp; 1 
indycar; 1 
boca; 1 
futebolnaveia; 1 
riverxfox; 1 
bocaxriverfoxsports; 1 
superclássico; 1 
britishgp; 1 
grenal; 1 
sim; 1 
portlandgp; 1 
bocaxfox; 1 
yudinosportv; 1 
motogp; 1 
river; 1 
carlinhosmaianotvz; 1 
fluminense; 1 
diadeflu; 1 
boulosresponde; 1 
vamosbaeta; 1 
chape; 1 
tite; 1 
flaxvas; 1 
video; 1 
timedeelite; 1 
leão; 1 
vasxfla; 1 
flaxcor; 1 
liberalismonobrasil; 1 
esquemagambá; 1 
selva; 1 
artilharia; 1 
jngameover; 1 
brasilacimadetudodeusacimadetodos; 1 
partidonovo30; 1 
vemcomojoão30; 1 
amoêdonopânico; 1 
cbn; 1 
joãoamoêdo; 1 
vaiquecolaep04; 1 
klopp; 1 
raizéservasco; 1 
romann1; 1 
coach; 1 
absichieldspiele; 1 
gigantenomaraca; 1 
associavasco; 1 
peixes; 1 
nowplaying; 1 
semfiltro; 1 
semmake; 1 
pennywise; 1 
it; 1 
nofiltre; 1 
cearapacifico; 1 
minc; 1 
sorte; 1 
ameosanimais; 1 
goldopeixe; 1 
pazporfavor; 1 
dialindo; 1 
vacinaçâo; 1 
plantoucolheu; 1 
vasco120anos; 1 
sextalinha; 1 
ge; 1 
leianosanta; 1 
futebolcomchurras; 1 
6x1eterno; 1 
espéciemarinanãodá; 1 
infelizmenteestácedoparaamoedo; 1 
coronénãodá; 1 
nãofizemosnadaderrado; 1 
chuchunãodá; 1 
reviravoltanaeleição; 1 
deusfamilabolsonaro17; 1 
delabomboneranonosvamos; 1 
chauangelici; 1 
vivaelfulboargentino; 1 
siriconfantino; 1 
animalessueltos; 1 
lavercup; 1 
terranoticias; 1 
vagas; 1 
deusfamiliabolsonaro; 1 
censurando; 1 
sofrida; 1 
facebook; 1 
bac; 1 
foraptcrimeeleitoral; 1 
naoreeleja; 1 
jornaldamanha; 1 
deusfamiliabrasil; 1 
lulaepresidario; 1 
vídeo; 1 
sabedoria; 1 
terranotícias; 1 
eunaoconfionasurnaseletronicas; 1 
floridacup; 1 
gospurs; 1 
coys; 1 
pes2019; 1 
usopen; 1 
adeusdinheirofobia; 1 
kane; 1 
20desetembro; 1 
medo; 1 
diadoirmão; 1 
boulosaovivo; 1 
serena; 1 
façaumpedido; 1 
fail; 1 
diadofolclore; 1 
hojetem; 1 
piauígate; 1 
significa; 1 
opinesobreamaconha; 1 
ficadica; 1 
cyberpunk; 1 
acabouapas; 1 
facadanobolsonaro; 1 
penharol; 1 
noarnacbn; 1 
chaxpal; 1 
repassem; 1 
juntospelotetra; 1 
comprova; 1 
jairoujaera; 1 
ordemdodia; 1 
gratidão; 1 
capitãoestádepé; 1 
googledoodle; 1 
floripa; 1 
semanadapátria; 1 
diadosoldado; 1 
r7; 1 
obrigado; 1 
obrigadosoldado; 1 
guerradospelados; 1 
contestado; 1 
bolsonaropresidenteno1ºturno; 1 
globolixo; 1 
grexest; 1 
jornalismoagora; 1 
debateguaiba; 1 
bahxint; 1 
ballenas; 1 
puntadeleste; 1 
queremosacopa; 1 
euvotobolsonaro; 1 
thegooddoctor; 1 
thesocialcelebrity; 1 
amas; 1 
reputationtour; 1 
taylorswift; 1 
theconcerttour; 1 
reptourarlington; 1 
pcas; 1 
thefemaleartist; 1 
theconfbr; 1 
mulheressemmedo; 1 
alutaépravaler; 1 
opredadorfilme; 1 
cnbb; 1 
inlove; 1 
cirocommarina; 1 
deixacirofalar; 1 
cirosim; 1 
nazistasnãopassarão; 1 
indico; 1 
eufalopalavrões; 1 
todoscontraopt; 1 
lgbtqtwiter; 1 
mucbvive; 1 
vigovodeo; 1 
havan; 1 
crimestats; 1 
ciromerepresenta; 1 
ttr; 1 
utilidadepública; 1 
humor; 1 
sdv; 1 
mulherescontraofacismo; 1 
todoscontrabolsonaro; 1 
mudança; 1 
somostodosciro12; 1 
democracia; 1 
empatia; 1 
ciro12sim; 1 
ocoiso; 1 
bora12; 1 
cirocontraonazismo; 1 
presidente12; 1 
top; 1 
bosonazi; 1 
crush; 1 
hashtag; 1 
sucesso; 1 
amoedocomciro; 1 
vigovideo; 1 
somostodosciro; 1 
competencia; 1 
cioerência; 1 
cirodavirada; 1 
anittaisoverparty; 1 
boulosnatvaparecida; 1 
filme; 1 
presidente; 1 
twitter; 1 
camerarecord; 1 
capitãmarvel; 1 
microservices; 1 
lambda3; 1 
docker; 1 
guerreiro; 1 
balancogeralmg; 1 
afp; 1 
vaivendo; 1 
libertadores; 1 
mais90; 1 
trazovaldiviatialeila; 1 
corisco; 1 
ocangaço; 1 
ocoisosim; 1 
palxcor; 1 
estoucombolsonaro17; 1 
corregedoria; 1 
bolsanaronojornalnacional; 1 
generalmoúrao; 1 
brasilacimadetudoedeusacimadetodos; 1 
gayanwillians; 1 
vemhexa; 1 
àvosbaguettes; 1 
foiela; 1 
friends; 1 
climate; 1 
esporteésaúde; 1 
tchauqueridos; 1 
rodaviva; 1 
environment; 1 
jornaldacultura; 1 
fantasticbeasts; 1 
angesincera; 1 
vacinaréproteger; 1 
colombian; 1 
wandsready; 1 
professor; 1 
flaxcsc; 1 
vitxcam; 1 
brasileirao2018; 1 
brasileirão2018; 1 
joãonojn; 1 
brasileirão; 1 
centraldaseleições; 1 
gneleicoes2018; 1 
maislidas; 1 
lafabrica; 1 
forçabarça; 1 
halamadrid; 1 
unfolowja; 1 
tmj; 1 
énoix; 1 
almaecoração; 1 
avantipalestra; 1 
debatebandrs; 1 
chavesnomultishowep88; 1 
pelohexa; 1 
chapolinnomultishowep86; 1 
chapolinnomultishowep88; 1 
bolsonaro17eleitono1ºturno; 1 
brasilacimadetudo; 1 
milanroma; 1 
forzanapolisempre; 1 
napolimilan; 1 
sexta; 1 
netflixdown; 1 
ficoputoquando; 1 
copadobrasil2018; 1 
jogoaberto; 1 
pernambuco; 1 
quintaelitedosdv; 1 
netflix; 1 
bolzonaro; 1 
daciolo51; 1 
brasilqueeuquero; 1 
ellocobolso; 1 
tnf; 1 
thursdaynight; 1 
sdvseeuficasserico; 1 
vaidatudocerto; 1 
invocaodomal; 1 
gloriaadeus; 1 
voucomciro12; 1 
bbdebate; 1 
bbdiego; 1 
rumoaotetra; 1 
dalelike; 1 
ceara; 1 
nationalvideogamesday; 1 
hajapaciência; 1 
15dami; 1 
huracán; 1 
juegahuracán; 1 
metas; 1 
encuestaestación; 1 
aldosivi; 1 
union; 1 
sub20naespn; 1 
banfield; 1 
sanlorenzo; 1 
elglobo; 1 
argentina2019; 1 
voleinosportv; 1 
superliga; 1 
hinchada; 1 
vem2019; 1 
bocajuniors; 1 
estación; 1 
eusim; 1 
elecomctznao; 1 
elassempre; 1 
elassim; 1 
elecertoquenao; 1 
panco; 1 
nostalgia; 1 
velocidademata; 1 
empauta; 1 
mulheresunidascontraobolsonaro; 1 
correios; 1 
vaiterciclovia; 1 
bolsonaronunca; 1 
49ers; 1 
ufc; 1 
snootchallenge; 1 
elesnao; 1 
ciscogsx; 1 
digital; 1 
ministeriopúblico; 1 
sdwan; 1 
digitaltransformation; 1 
future; 1 
icymi; 1 
transformation; 1 
leaders; 1 
tamonotacho; 1 
ohomemecaradepau; 1 
doente; 1 
familiapalmeiras; 1 
lismaria; 1 
palestraitalia; 1 
vivanospotify; 1 
meirellesnaveja; 1 
amoêdonaveja; 1 
amarelasaovivo; 1 
marinanaveja; 1 
alvarodiasnopanico; 1 
primavera; 1 
ciro12nodebateaparecida; 1 
pracimadelescoelho; 1 
coelhão; 1 
saude; 1 
perseguicao; 1 
saudemental; 1 
falundafa; 1 
tradiçãosteakpointsaturday; 1 
commeuvotonão; 1 
canalzinhodemerda; 1 
tchausisos; 1 
miltonfriedman; 1 
tvgazeta; 1 
debate; 1 
diadecantarprogrêmio; 1 
maisrepublica; 1 
gremio; 1 
freemarket; 1 
got; 1 
g1rio; 1 
dabears; 1 
portoalegre; 1 
usopen18; 1 
herewego; 1 
seavschi; 1 
linha24arnaldo; 1 
homeoffice; 1 
ecommerce; 1 
nodejs; 1 
ruby; 1 
remote; 1 
javascript; 1 
nestjs; 1 
squads; 1 
backend; 1 
elementor; 1 
rubyonrails; 1 
haddadelulanojn; 1 
renatamaravilhosa; 1 
cirosimpostenao; 1 
mansplaining; 1 
postenão; 1 
teotfw; 1 
celebrity; 1 
spon; 1 
ad; 1 
nãoreelejaninguém; 1 
gasolinar; 1 
manchester; 1 
ficaloss; 1 
ps4live; 1 
erafã; 1 
cadaufazobem; 1 
sdvcomteamdetremura; 1 
todentro; 1 
segundadatremurasdv; 1 
diadoprogramador; 1 
rambersonsilvamarketingdigital; 1 
headabovewater; 1 
ganhar; 1 
noticiaurgente; 1 
estoudesempregado; 1 
trânsitorj; 1 
marketingdigital; 1 
empreededorismolucrativo; 1 
retuwitaragora; 1 
rambersonteajuda; 1 
vendas; 1 
marinanojg; 1 
vaiterreviravolta; 1 
novelajesus39; 1 
pranamorarcmgtemq; 1 
feriado; 1 
maisasilva; 1 
timeivete; 1 
ficaroberta; 1 
ficaheaven; 1 
diadosexo; 1 
masterchefprofissionais; 1 
falta3mesespradezembroeeu; 1 
ficatiaanapaula; 1 
pernaoca; 1 
spitzalemao; 1 
sacosemfundo; 1 
spitz; 1 
poms; 1 
luludapomerania; 1 
meuamor; 1 
twitterparcial; 1 
culhões; 1 
nuff; 1 
sho; 1 
cafe; 1 
livre; 1 
corações; 1 
palavra; 1 
liberdade; 1 
respirologoinexisto; 1 
bovespa; 1 
mister; 1 
noelrosa; 1 
california; 1 
guaratuba; 1 
morretes; 1 
geraldo45; 1 
cwc; 1 
cfc; 1 
3em1; 1 
politicamenteincorreto2018; 1 
blockchain; 1 
supplychain; 1 
joaoamoedopresidente; 1 
geraldogrêmio; 1 
juansí; 1 
choradourado; 1 
keynes; 1 
nadapodesermaior; 1 
grêmio; 1 
equipead19; 1 
vamoimprimidinhero; 1 
nãovoltarão; 1 
yesjohn; 1 
lixo; 1 
marcoantoniovilla; 1 
eleiçoes2018; 1 
haddademanu13; 1 
requião151; 1 
lulamanuhaddad; 1 
battlefield; 1 
tirolesachinapark; 1 
mrcatra; 1 
riverdale; 1 
ripmrcatra; 1 
fé; 1 
ucl; 1 
atletico; 1 
galopelomundo; 1 
sanxgre; 1 
sanxind; 1 
tired; 1 
dianaross; 1 
meirellesgeek; 1 
getthestrap; 1 
chamaomeirelles; 1 
deusvult; 1 
equipegeek; 1 
inovação; 1 
petropolis; 1 
casadachampions; 1 
liberdadecombolsonaro; 1 
elesimb17; 1 
bolsonaronaoécorrupto; 1 
billclinton; 1 
berlinmarathon2018; 1 
7setembro; 1 
porvocêportodos; 1 
publi; 1 
opróximopasso; 1 
smokeyandthebandit; 1 
burtreynolds; 1 
ponitac; 1 
glasurit; 1 
transam; 1 
fomeporjustiça; 1 
haddadpresidente13; 1 
santoeindepediente; 1 
circuitão; 1 
fsler; 1 
shred; 1 
guitarra; 1 
accept; 1 
parabensibira; 1 
cover; 1 
rock; 1 
melhordatarde; 1 
musicacomconteudo; 1 
music; 1 
somanimal; 1 
bio; 1 
guitar; 1 
sp1ibira; 1 
formatura; 1 
ballstothewall; 1 
rockparacriancas; 1 
davidneres; 1 
calabocagentili; 1 
cironojornaldaglobo; 1 
ciroday12; 1 
ptnão; 1 
plantarhaddadécolherbolsonaro; 1 
vamociro; 1 
cirosimpostenão; 1 
ecomciroqueeuvou; 1 
sóacho; 1 
vergonhaalheia; 1 
casamentobruevini; 1 
bolsanaronoprimeiroturno; 1 
reagebrasil; 1 
sanxspo; 1 
michaeljacksonday; 1 
amorpelafotografia; 1 
amorpelafilmagem; 1 
lovemyjob; 1 
muscle; 1 
treino; 1 
canallivre; 1 
designerdeinteriores; 1 
casacorrio2018; 1 
qualidadedevida; 1 
pubertychallenge; 1 
arquitectura; 1 
gym; 1 
arquitetura; 1 
motivação; 1 
haddadnão; 1 
pegafooooooogoocabaré; 1 
voto30; 1 
ficaarnaldo; 1 
brasilacimadaonu; 1 
morningshowjp; 1 
afilaanda; 1 
jogoperigoso; 1 
cetadoido; 1 
ficaadica; 1 
acredite; 1 
buddyholly; 1 
comigoninguemtoddy; 1 
terrafutebol; 1 
jornalextra; 1 
ligadoamusica; 1 
escorpião; 1 
resenhaespn; 1 
maquinadememes; 1 
mitou; 1 
geniodohabibs; 1 
joaonosbt; 1 
pergunteaojoao; 1 
minhaserie; 1 
boulosnagazeta; 1 
pirula; 1 
jornalanhaguera; 1 
caiado25; 1 
ondaazul; 1 
diadaindependência; 1 
érenovação; 1 
renovação; 1 
vamosjuntos; 1 
naiot; 1 
franciscojr; 1 
carreatazé45; 1 
federal; 1 
vergonha; 1 
5555tánápalmadamão; 1 
bomcenso; 1 
zéeliton45; 1 
jornal; 1 
jataígoiás; 1 
anittanao; 1 
faltadeluzrio; 1 
rushhashanah; 1 
roshhashanah; 1 
rush; 1 
otd; 1 
cslewis; 1 
bible; 1 
projectnatick; 1 
embraer; 1 
nothim; 1 
né; 1 
cc2019; 1 
textaocientifico; 1 
respectariana; 1 
afazendaaovivo; 1 
esquadraodamoda; 1 
chartstorm; 1 
bolsonaro17no1oturno; 1 
iceland; 1 
americanoticias; 1 
mundo; 1 
history; 1 
toscana; 1 
nazista; 1 
porto; 1 
portugalmasters; 1 
grecia; 1 
italia; 1 
guerratour; 1 
evolución; 1 
mundocerati; 1 
medicos; 1 
guerra; 1 
history2; 1 
bonito; 1 
lagoslegacy; 1 
turismo; 1 
vaticano; 1 
psicologo; 1 
fotografia; 1 
lagos; 1 
vatican; 1 
psicopata; 1 
alemanha; 1 
portuguesa; 1 
europe; 1 
camera; 1 
remedios; 1 
caribe; 1 
ilhascaribe; 1 
homem; 1 
piscina; 1 
foto; 1 
sereshumanos; 1 
mundoestranho; 1 
tokio; 1 
humanos; 1 
beach; 1 
experience; 1 
pesca; 1 
turismodeaventura; 1 
psicologia; 1 
portugal; 1 
turismonacional; 1 
historia; 1 
praia; 1 
medicinaantiga; 1 
caribemexicano; 1 
medicina; 1 
ilhas; 1 
portuseguridad; 1 
alaska; 1 
turisme; 1 
forçadede; 1 
forçacr7; 1 
libertadroes; 1 
foraloss; 1 
jesuscristo; 1 
amormaior; 1 
todahonraegloriaadeus; 1 
almoço; 1 
resumaoantagonista; 1 
pm; 1 
novaforçateam; 1 
noivinha; 1 
pmesp; 1 
jiujitsu; 1 
amigos; 1 
filhalinda; 1 
bjj; 1 
uaejjf; 1 
deusacimadetudo; 1 
espetinho; 1 
terceirão2018; 1 
eagles; 1 
indvsphi; 1 
grexbot; 1 
magic; 1 
otwitternãoéfacebook; 1 
berber; 1 
birthday; 1 
flyeaglesfly; 1 
bedouin; 1 
cirodaputa; 1 
machismo; 1 
homofobia; 1 
bolívar; 1 
temblor; 1 
partidonovo; 1 
toddphillips1; 1 
corxcam; 1 
amassajogajunto; 1 
vcfjuve; 1 
forzajuve; 1 
medodenofuturo; 1 
chorei; 1 
amoedonojornalnacional; 1 
destaquesdeagosto; 1 
sempaciência; 1 
simnospodemos; 1 
brasilprecisasabervotar; 1 
midiamanipuladora; 1 
nanotechnology; 1 
vamosmengão; 1 
esportv; 1 
cruxfla; 1 
teamo; 1 
lol; 1 
ceaxcor; 1 
delechallenge; 1 
flanafinal; 1 
mulheresnaciência; 1 
rumo2019; 1 
graphene; 1 
trump; 1 
ufos; 1 
celeirodeases; 1 
ufosighting; 1 
feitosdepaixão; 1 
mariellevive; 1 
mariellefranco; 1 
mdb; 1 
anittadiganaoaofascismo; 1 
pcdob; 1 
timefláviodino; 1 
pt; 1 
lindberghsenador131; 1 
onu; 1 
andersonpresente; 1 
futebolnaespn; 1 
partiutupi; 1 
lingeriemixbrasil; 1 
jogosagrado; 1 
esporteemdiscussao; 1 
fechadocombolsonaro; 1 
brasileironaeuropa; 1 
bolsonaropresidente2018; 1 
brasileñosenmadrid; 1 
brasileirosemmadrid; 1 
brasileñoenespaña; 1 
brasileno; 1 
flaxgre; 1 
habemussemifinal; 1 
globoinimigadopovo; 1 
bolsonaropresidente17da; 1 
elenaoe; 1 
souc2; 1 
bilete; 1 
justdoit; 1 
graçaaraujo; 1 
haddadnaglobonews; 1 
conferenciainspire2018; 1 
paulopreto; 1 
colanamao; 1 
segueolíder; 1 
niallhoran; 1 
bottledupweek; 1 
allihavefinal15; 1 
prettylittleliars; 1 
bumblebeemovie; 1 
dgdna; 1 
theflash; 1 
r1teenawards; 1 
talklikeapirateday; 1 
onceuponatime; 1 
lpfirsttime; 1 
imaginedragonszero; 1 
bottledup; 1 
wutchuwant; 1 
sponsored; 1 
allihave; 1 
shadowhunters; 1 
nationalcheeseburgerday; 1 
frow; 1 
supergirl; 1 
iheartfestival; 1 
imaginedragons; 1 
jeansforgenesday; 1 
thacarterv; 1 
dgwomenss19; 1 
dolcegabbana; 1 
lacostecenturycity; 1 
worldalzheimersday; 1 
alckmincovarde; 1 
lulavre; 1 
ospingonosis; 1 
cironão; 1 
ospingosnosis; 1 
ruanetnão; 1 
léo; 1 
diadobaterista; 1 
gatodoido; 1 
preguiça; 1 
myfirsttweet; 1 
yeshim; 1 
falamesmogentilli; 1 
voudeciroporque; 1 
naosomosumafraquejada; 1 
vempramassa; 1 
cironagazeta; 1 
santamarta; 1 
inter; 1 
mulheresfoda; 1 
model; 1 
acarta; 1 
fernandabrum; 1 
instaboy; 1 
zenfone5z; 1 
t1tan10; 1 
asus; 1 
like4follow; 1 
asusbrasil; 1 
backto5; 1 
zenfone5; 1 
loiro; 1 
zenfone4; 1 
likeforfollow; 1 
lovewins; 1 
cânions; 1 
josérico; 1 
estradadavida; 1 
yellow; 1 
tercadetremurasdv; 1 
okd; 1 
wowcopaamerica; 1 
selecaosportv; 1 
daratumumab; 1 
multiplemyeloma; 1 
elenaoestapreso; 1 
elesimbolsonaro; 1 
ptnao; 1 
elenaoecorrupto; 1 
josoares; 1 
guilhermearantes; 1 
tmjcombolsonaro; 1 
tmjcombolsonaro17; 1 
nadafez; 1 
ahoradotroco; 1 
facebookfail; 1 
nadafaz; 1 
senadorandré200; 1 
sergipe; 1 
opinião; 1 
cruxsan; 1 
beliscaesolta; 1 
compartilhe; 1 
desgoverno; 1 
aquiésantos; 1 
coragempramudar; 1 
gabigol200jogos; 1 
brazil; 1 
johnnycash; 1 
wc1982; 1 
lulapresidente; 1 
jerryleelewis; 1 
carlperkins; 1 
royorbison; 1 
egyptstation; 1 
maislidasdasemana; 1 
prouni; 1 
haddanao; 1 
alckminpresidente; 1 
propósito; 1 
saber; 1 
terça; 1 
mindset; 1 
itu; 1 
cabreuva; 1 
notsorry; 1 
capitaobolsonaro; 1 
bike; 1 
lightlifestyle; 1 
estradaparque; 1 
sorry; 1 
health; 1 
souseufã; 1 
pedalandoporai; 1 
ptgate; 1 
championsleague; 1 
fazeup; 1 
thewitcher; 1 
vascodagama; 1 
r6pl; 1 
gofontt; 1 
circuitofemininor6; 1 
diadevasco; 1 
br6; 1 
gugacast; 1 
papotorto; 1 
imaginajuntas; 1 
nósvozeles; 1 
partiu; 1 
vamoschape; 1 
roaunetnao; 1 
ocapitaovoltou17; 1 
somostodosbolsonaro17; 1 
tocomciro12; 1 
cirogomespresidente; 1 
tôcomciro12; 1 
nãoépiada; 1 
pcdobnãomerepresenta; 1 
loucagolpista; 1 
elenãoelenunca; 1 
oposiçãometalúrgicabetim; 1 
cirogomes12; 1 
geraldopimentanão; 1 
mariliamendonça; 1 
dilmasenadora; 1 
cirogomesé12; 1 
tamojuntoeleições2018; 1 
katiaabreu12; 1 
forçabolsonaromasmeuvotoéciro12; 1 
vanessaportugalsenadora; 1 
horadamudança; 1 
bolsolixo; 1 
semlulavoucirogomes12; 1 
morrevagabundo; 1 
datafolha; 1 
pauloguedesnaglobonews; 1 
vmas; 1 
sennasempre; 1 
lizziemcguire; 1 
appleevent; 1 
conmebollibertadores; 1 
ciroekátia; 1 
katiaabreu; 1 
desafiounidasnasruas; 1 
hurricaneflorence; 1 
cornellmba; 1 
vaimudarquando; 1 
vocêsnão; 1 
psl17; 1 
issoaquiéflamengo; 1 
championsrise; 1 
baleias; 1 
mulhervotaemmulher; 1 
joãonatvgazeta; 1 
kimi7; 1 
welcomekimi; 1 
mandaopodicrê; 1 
vemformatura; 1 
vemfomatura; 1 
direito; 1 
masapaixãoéimprescritível; 1 
habitatnaturaldorapaz; 1 
faltapouco; 1 
oguriládafloridavaiformar; 1 
forcaanitta; 1 
calabocaanitta; 1 
libs17; 1 
esquerdanunca; 1 
euvotojb17; 1 
vaisernoprimeiroturno17; 1 
vaisernoprimeiroturno; 1 
essatanobolso17; 1 
mulherescombolsonaro17; 1 
bandidonãotemvoz; 1 
pensesobre; 1 
plagiarism; 1 
cironaredetv; 1 
forapsdb; 1 
bastadepalhaçada; 1 
foramdb; 1 
ciroounada; 1 
semlulaeciro; 1 
melhorjairarregando; 1 
semviolência; 1 
maisdiálogomenosagressão; 1 
meubolsominonsecreto; 1 
enquete; 1 
simciro; 1 
lulamanuelahaddad; 1 
boicoteàredeglobo; 1 
adeliorecebeuordens; 1 
fildik; 1 
minhacelaminhavida; 1 
shooter; 1 
verguenzacomenmbol; 1 
redacaosportv; 1 
vamosdehipocrisia; 1 
band; 1 
onudefendebandido; 1 
foifeio; 1 
vaiacabaramamata; 1 
onugarantelulanacadeia; 1 
alerj; 1 
psl; 1 
albertovalentim; 1 
cadeaonunavenezuela; 1 
onuvaisepreocuparcomcuba; 1 
fake; 1 
quehomem; 1 
onunaomandanobrasil; 1 
infratores; 1 
tevez; 1 
nossofutebol; 1 
rumoaotri; 1 
rumoaohexa; 1 
cruzeiropelohexa; 1 
fechadocomocruzeiro; 1 
afreirafilme; 1 
facebookmessenger; 1 
inbound18; 1 
seo; 1 
wednesdaywisdom; 1 
mondaymotivaton; 1 
sales; 1 
smallbusinesses; 1 
inbound2018; 1 
custserv; 1 
mondaymotivation; 1 
entrepreneurship; 1 
semrushlive; 1 
apple; 1 
thursdaythoughts; 1 
fridayfeeling; 1 
messengermarketing; 1 
mpb2b; 1 
ufsmm; 1 
instagram; 1 
linkedin; 1 
productivity; 1 
webinar; 1 
success; 1 
