elasnão,51
geraldonojn,51
ciro,54
chamaomeirelles,54
lulanacadeia,55
apoiehaddadmanu,56
marinacomciro,57
bbdebate,57
haddad,58
lula,58
soudedireitaporque,60
trcoluna,60
votemarina18,61
debatebandrio,62
diademarina,62
cironosegundoturno,63
bolsonarosim,64
jairbolsonaro,65
falaciro12,65
bolsonaronaoecorrupto,70
cirogomes,70
haddadnojn,72
estoucombolsonaro,73
lulanasurnastse,74
dia7é17,75
votobolsonaro17,79
lulaépresidiario,80
joaonosdebates,81
joãonaband,82
fechadocombolsonaro,85
rouanetnao,86
mulheresunidascontrabolsonaro,86
jairmessiasbolsonaro,87
marta,88
obrasilfelizdenovo,89
ciropresidente12,90
fechocomciro,91
lulaépresidiário,92
votomarinapq,93
7desetembro,94
lulapresidente,98
direitaunida,99
marinanojornalnacional,100
bolsonaronajovempan,102
calabocaciro,108
mulherescontraofascismo,108
lulainelegível,108
cironacnbb,110
direitaseguedireita,112
forcabolsonaro,118
ciraonosegundoturno,119
lulainelegivel,121
jornaldaglobo,121
mulherescontrabolsonaro,123
rt,124
eibozonarovaitomarnocu,125
cblol,125
cironojornalnacional,126
pergunteaociro12,128
fakenews,131
bolsonaroeleito1ºlugar,133
bomdia,134
calabocacirodenovo,135
uolnasurnas,137
lutomuseunacional,137
brasilcommarina,137
marina18,143
elejamais,143
bolsonaro17no1ºturno,148
bolsonaropresidente,152
reviravoltanaeleicao,182
democraciasim,182
bolsonaro2018,186
haddadélulanojn,186
milhoescombolsonaro,202
ciropresidente,204
mulherescombolsonaro,205
eleicoes2018,205
elasim,221
haddadpresidente,224
segundosol,228
haddadélula,233
forçabolsonaro,237
jn,241
eusoulula,244
lulalivre,244
bolsonaro,252
cirofilhodaputa,270
bolsonaropresidente17,286
bolsonaronãoécorrupto,323
quemmandoumatarbolsonaro,329
euquerobolsonaro,357
mulherescontraobolsonaro,360
rouanetnão,416
eleições2018,439
bolsonaro17,485
bolsonaronojornalnacional,622
elesim,626
meubolsominionsecreto,662
debateredetv,670
ciro12,716
elenunca,1707
elenao,1992
elenão,3121
